datetime,open,high,low,close,volume
2026-01-28T05:00:00+00:00,24925.01,24949.51,24921.25,24939.02,253.69581464872945
2026-01-28T05:30:00+00:00,24939.02,24961.01,24938,24942.02,304
2026-01-28T06:00:00+00:00,24942.02,24975.5,24931.27,24957,700
2026-01-28T06:30:00+00:00,24957,24972.5,24944.25,24967,625
2026-01-28T07:00:00+00:00,24967,24973.52,24906.01,24920.01,1640
2026-01-28T07:30:00+00:00,24920.01,24935,24892.51,24897.5,1522
2026-01-28T08:00:00+00:00,24897.5,24951.87,24889.87,24942.35,7709
2026-01-28T08:30:00+00:00,24942.35,24947.37,24817.36,24826.86,4809
2026-01-28T09:00:00+00:00,24826.86,24868.36,24823.85,24854.35,3886
2026-01-28T09:30:00+00:00,24854.35,24878.86,24848.35,24866.87,3244
2026-01-28T10:00:00+00:00,24866.87,24887.36,24842.37,24874.85,2926
2026-01-28T10:30:00+00:00,24874.85,24880.85,24856.87,24867.36,2914
2026-01-28T11:00:00+00:00,24867.36,24909.37,24855.85,24900.85,3401
2026-01-28T11:30:00+00:00,24900.85,24920.36,24864.85,24867.87,3279
2026-01-28T12:00:00+00:00,24867.87,24877.36,24784.25,24810.85,5454
2026-01-28T12:30:00+00:00,24810.85,24819.85,24733.35,24739.85,5425
2026-01-28T13:00:00+00:00,24739.85,24792.86,24737.85,24761.36,4695
2026-01-28T13:30:00+00:00,24761.36,24806.37,24757.36,24790.85,3392
2026-01-28T14:00:00+00:00,24790.85,24813.86,24773.86,24798.36,4255
2026-01-28T14:30:00+00:00,24798.36,24842.86,24778.35,24826.87,7842
2026-01-28T15:00:00+00:00,24826.87,24864.85,24813.86,24831.87,6732
2026-01-28T15:30:00+00:00,24831.87,24872.37,24816.85,24849.85,4964
2026-01-28T16:00:00+00:00,24849.85,24871.85,24841.86,24864.87,4097
2026-01-28T16:30:00+00:00,24864.87,24865.86,24809.35,24820.86,3443
2026-01-28T17:00:00+00:00,24820.86,24867.02,24820,24856.02,2131
2026-01-28T17:30:00+00:00,24856.02,24867.01,24847.52,24848.51,1563
2026-01-28T18:00:00+00:00,24848.51,24872.5,24845.02,24864.02,953
2026-01-28T18:30:00+00:00,24864.02,24866.52,24852.5,24859.02,1070
2026-01-28T19:00:00+00:00,24859.02,24886.51,24845.26,24852.51,2065
2026-01-28T19:30:00+00:00,24852.51,24896.02,24842,24876.02,4862
2026-01-28T20:00:00+00:00,24876.02,24899.01,24873.02,24877.02,2036
2026-01-28T20:30:00+00:00,24877.02,24901.51,24874.26,24885.25,1711
2026-01-29T00:30:00+00:00,24885.25,24903.03,24885.25,24896.54,247
2026-01-29T01:00:00+00:00,24896.54,24899.05,24818.8,24836.79,468
2026-01-29T01:30:00+00:00,24836.79,24871.55,24836.78,24863.54,453.475161987041
2026-01-29T02:00:00+00:00,24863.54,24890.04,24846.29,24887.04,587.4470149253732
2026-01-29T02:30:00+00:00,24887.04,24890.05,24858.28,24875.04,358.62158541091264
2026-01-29T03:00:00+00:00,24875.04,24894.04,24873.03,24887.03,419
2026-01-29T03:30:00+00:00,24887.03,24910.05,24877.28,24881.53,386
2026-01-29T04:00:00+00:00,24881.53,24900.04,24874.28,24894.05,264.03847536857245
2026-01-29T04:30:00+00:00,24894.05,24906.05,24891.29,24892.55,196.0919381169108
2026-01-29T05:00:00+00:00,24892.55,24943.55,24874.55,24889.28,444.0335936426418
2026-01-29T05:30:00+00:00,24889.28,24889.28,24767.28,24767.3,333.29545454545456
2026-01-29T06:00:00+00:00,24767.3,24856.04,24767.28,24847.29,280.346511627907
2026-01-29T06:30:00+00:00,24847.29,24853.3,24806.28,24820.05,423
2026-01-29T07:00:00+00:00,24820.05,24849.54,24808.04,24832.53,1137
2026-01-29T07:30:00+00:00,24832.53,24853.55,24799.03,24801.04,1439
2026-01-29T08:00:00+00:00,24801.04,24804.4,24601.89,24750.4,11741
2026-01-29T08:30:00+00:00,24750.4,24756.39,24628.88,24649.4,6725
2026-01-29T09:00:00+00:00,24649.4,24689.88,24613.88,24620.88,5200
2026-01-29T09:30:00+00:00,24620.88,24631.4,24538.88,24547.39,5618
2026-01-29T10:00:00+00:00,24547.39,24609.4,24546.88,24580.9,5647
2026-01-29T10:30:00+00:00,24580.9,24603.9,24527.38,24533.89,5037
2026-01-29T11:00:00+00:00,24533.89,24636.89,24523.9,24629.38,5375
2026-01-29T11:30:00+00:00,24629.38,24644.39,24605.9,24640.38,3708
2026-01-29T12:00:00+00:00,24640.38,24658.39,24612.4,24635.88,3373
2026-01-29T12:30:00+00:00,24635.88,24637.38,24581.88,24582.88,3844
2026-01-29T13:00:00+00:00,24582.88,24600.4,24559.88,24585.39,4136
2026-01-29T13:30:00+00:00,24585.39,24627.9,24568.4,24625.9,3889
2026-01-29T14:00:00+00:00,24625.9,24641.38,24577.39,24587.9,4253
2026-01-29T14:30:00+00:00,24587.9,24607.4,24447.88,24450.4,8856
2026-01-29T15:00:00+00:00,24450.4,24491.9,24436.88,24436.9,9908
2026-01-29T15:30:00+00:00,24436.9,24436.9,24291.88,24317.38,7875
2026-01-29T16:00:00+00:00,24317.38,24384.4,24283.38,24314.89,9029
2026-01-29T16:30:00+00:00,24314.89,24388.9,24311.88,24374.89,6980
2026-01-29T17:00:00+00:00,24374.89,24489.05,24372.53,24475.54,3542
2026-01-29T17:30:00+00:00,24475.54,24484.53,24399.53,24411.53,3360
2026-01-29T18:00:00+00:00,24411.53,24461.54,24406.54,24458.03,2611
2026-01-29T18:30:00+00:00,24458.03,24481.05,24439.53,24450.55,2494
2026-01-29T19:00:00+00:00,24450.55,24483.05,24447.53,24480.53,1696
2026-01-29T19:30:00+00:00,24480.53,24484.05,24455.53,24460.05,1604
2026-01-29T20:00:00+00:00,24460.05,24486.53,24459.53,24461.53,1484
2026-01-29T20:30:00+00:00,24461.53,24504.03,24451.55,24495.3,1947
2026-01-30T00:30:00+00:00,24495.3,24539.03,24495.3,24503.28,350
2026-01-30T01:00:00+00:00,24503.28,24505.3,24469.53,24479.55,413.43287327478043
2026-01-30T01:30:00+00:00,24479.55,24487.29,24433.53,24465.55,497
2026-01-30T02:00:00+00:00,24465.55,24480.28,24430.53,24437.29,827.1730031399575
2026-01-30T02:30:00+00:00,24437.29,24459.3,24412.78,24455.54,633.787619047619
2026-01-30T03:00:00+00:00,24455.54,24511.79,24455.54,24478.55,284.5717461101507
2026-01-30T03:30:00+00:00,24478.55,24504.29,24478.53,24487.54,196.80838519913507
2026-01-30T04:00:00+00:00,24487.54,24501.28,24466.53,24473.53,245
2026-01-30T04:30:00+00:00,24473.53,24489.3,24459.54,24466.3,252
2026-01-30T05:00:00+00:00,24466.3,24477.79,24449.53,24461.55,349.1882809133994
2026-01-30T05:30:00+00:00,24461.55,24463.8,24435.55,24453.29,316
2026-01-30T06:00:00+00:00,24453.29,24461.79,24433.53,24436.53,310.17322372284207
2026-01-30T06:30:00+00:00,24436.53,24485.3,24435.55,24444.29,623
2026-01-30T07:00:00+00:00,24444.29,24470.8,24413.8,24455.8,1296
2026-01-30T07:30:00+00:00,24455.8,24471.29,24345.55,24362.8,1981
2026-01-30T08:00:00+00:00,24362.8,24518.15,24337.55,24508.65,6823
2026-01-30T08:30:00+00:00,24508.65,24556.13,24469.14,24555.14,4277
2026-01-30T09:00:00+00:00,24555.14,24556.65,24493.63,24551.63,3569
2026-01-30T09:30:00+00:00,24551.63,24555.13,24483.14,24492.13,4008
2026-01-30T10:00:00+00:00,24492.13,24508.15,24437.15,24453.13,3699
2026-01-30T10:30:00+00:00,24453.13,24501.13,24452.13,24475.63,3479
2026-01-30T11:00:00+00:00,24475.63,24520.63,24465.13,24514.13,2762
2026-01-30T11:30:00+00:00,24514.13,24585.65,24508.65,24573.13,2856
2026-01-30T12:00:00+00:00,24573.13,24601.15,24540.13,24540.13,3300
2026-01-30T12:30:00+00:00,24540.13,24564.15,24535.65,24543.65,2943
2026-01-30T13:00:00+00:00,24543.65,24562.15,24520.64,24540.15,2607
2026-01-30T13:30:00+00:00,24540.15,24540.15,24500.64,24501.63,3984
2026-01-30T14:00:00+00:00,24501.63,24572.65,24497.14,24572.13,4019
2026-01-30T14:30:00+00:00,24572.13,24613.15,24539.13,24549.64,8356
2026-01-30T15:00:00+00:00,24549.64,24596.13,24543.65,24551.14,8385
2026-01-30T15:30:00+00:00,24551.14,24616.13,24543.13,24551.63,6612
2026-01-30T16:00:00+00:00,24551.63,24586.15,24520.65,24553.14,5292
2026-01-30T16:30:00+00:00,24553.14,24599.65,24536.13,24539.63,7228
2026-01-30T17:00:00+00:00,24539.63,24564.3,24509.28,24559.8,5051
2026-01-30T17:30:00+00:00,24559.8,24567.79,24528.3,24529.79,4948
2026-01-30T18:00:00+00:00,24529.79,24540.8,24454.28,24508.3,3277
2026-01-30T18:30:00+00:00,24508.3,24544.29,24464.78,24529.78,1516
2026-01-30T19:00:00+00:00,24529.78,24557.8,24524.28,24530.8,2950
2026-01-30T19:30:00+00:00,24530.8,24550.8,24518.28,24524.3,3236
2026-01-30T20:00:00+00:00,24524.3,24546.8,24513.28,24520.3,2244
2026-01-30T20:30:00+00:00,24520.3,24555.3,24513.28,24519.04,2615
2026-02-02T00:30:00+00:00,24519.04,24527.67,24500.92,24500.92,353.43346516968614
2026-02-02T01:00:00+00:00,24500.92,24525.17,24412.9,24446.66,733
2026-02-02T01:30:00+00:00,24446.66,24450.65,24387.9,24399.9,787
2026-02-02T02:00:00+00:00,24399.9,24422.17,24387.15,24404.65,1131
2026-02-02T02:30:00+00:00,24404.65,24423.65,24366.9,24377.66,838
2026-02-02T03:00:00+00:00,24377.66,24399.66,24344.91,24361.67,549
2026-02-02T03:30:00+00:00,24361.67,24365.65,24289.9,24316.91,935
2026-02-02T04:00:00+00:00,24316.91,24324.65,24248.91,24295.91,762.720802919708
2026-02-02T04:30:00+00:00,24295.91,24349.67,24291.9,24331.16,300.60236738272687
2026-02-02T05:00:00+00:00,24331.16,24343.15,24294.4,24295.4,482.3410560268361
2026-02-02T05:30:00+00:00,24295.4,24311.9,24264.4,24296.41,429.39426809864756
2026-02-02T06:00:00+00:00,24296.41,24334.41,24281.16,24323.66,682
2026-02-02T06:30:00+00:00,24323.66,24334.17,24238.17,24315.4,875
2026-02-02T07:00:00+00:00,24315.4,24347.16,24284.15,24343.66,2451
2026-02-02T07:30:00+00:00,24343.66,24384.16,24340.16,24381.16,2929
2026-02-02T08:00:00+00:00,24381.16,24516.02,24380.02,24478.01,8506
2026-02-02T08:30:00+00:00,24478.01,24593.02,24476.02,24574.01,4832
2026-02-02T09:00:00+00:00,24574.01,24606.52,24538,24592,4923
2026-02-02T09:30:00+00:00,24592,24638.02,24580.01,24613.5,4011
2026-02-02T10:00:00+00:00,24613.5,24652.51,24613.01,24650.02,3842
2026-02-02T10:30:00+00:00,24650.02,24664.52,24640,24645,3063
2026-02-02T11:00:00+00:00,24645,24709.51,24645,24709.51,2739
2026-02-02T11:30:00+00:00,24709.51,24735.52,24692,24726,3011
2026-02-02T12:00:00+00:00,24726,24777.01,24721,24770.01,3519
2026-02-02T12:30:00+00:00,24770.01,24799.01,24755.01,24763,3021
2026-02-02T13:00:00+00:00,24763,24776.02,24739,24754,4060
2026-02-02T13:30:00+00:00,24754,24792.02,24734.02,24786.01,3685
2026-02-02T14:00:00+00:00,24786.01,24813.01,24772,24783.5,3835
2026-02-02T14:30:00+00:00,24783.5,24807.52,24765.5,24776.42,9240
2026-02-02T15:00:00+00:00,24776.42,24888.5,24766.5,24864.01,6771
2026-02-02T15:30:00+00:00,24864.01,24866.02,24805.5,24831.52,6823
2026-02-02T16:00:00+00:00,24831.52,24859.02,24812.5,24817.01,5721
2026-02-02T16:30:00+00:00,24817.01,24831.52,24808,24823,4318
2026-02-02T17:00:00+00:00,24823,24846.67,24819.65,24832.65,2490
2026-02-02T17:30:00+00:00,24832.65,24858.67,24829.17,24849.17,2149
2026-02-02T18:00:00+00:00,24849.17,24859.17,24827.65,24831.15,1739
2026-02-02T18:30:00+00:00,24831.15,24859.66,24827.66,24849.67,1393
2026-02-02T19:00:00+00:00,24849.67,24865.67,24847.15,24855.16,1142
2026-02-02T19:30:00+00:00,24855.16,24869.66,24843.16,24845.67,1568
2026-02-02T20:00:00+00:00,24845.67,24868.66,24840.15,24867.65,2859
2026-02-02T20:30:00+00:00,24867.65,24891.17,24861.65,24878.91,2360
2026-02-03T00:30:00+00:00,24878.91,24911.3,24878.91,24910.3,368
2026-02-03T01:00:00+00:00,24910.3,24931.8,24909.3,24928.79,456
2026-02-03T01:30:00+00:00,24928.79,24932.31,24913.06,24931.8,469
2026-02-03T02:00:00+00:00,24931.8,24931.8,24894.56,24901.56,278.39462424251184
2026-02-03T02:30:00+00:00,24901.56,24912.56,24888.56,24909.54,300.0314335060449
2026-02-03T03:00:00+00:00,24909.54,24916.3,24896.54,24909.55,181.96751531602442
2026-02-03T03:30:00+00:00,24909.55,24925.31,24904.56,24921.55,170.57685648771968
2026-02-03T04:00:00+00:00,24921.55,24941.31,24921.55,24940.3,201.27395577395578
2026-02-03T04:30:00+00:00,24940.3,24977.81,24940.3,24962.79,387
2026-02-03T05:00:00+00:00,24962.79,24963.79,24897.55,24919.3,632
2026-02-03T05:30:00+00:00,24919.3,24936.8,24911.56,24919.31,302
2026-02-03T06:00:00+00:00,24919.31,24940.8,24907.55,24922.8,361
2026-02-03T06:30:00+00:00,24922.8,24952.3,24919.29,24947.79,367
2026-02-03T07:00:00+00:00,24947.79,25004.81,24941.3,24996.3,1452
2026-02-03T07:30:00+00:00,24996.3,25008.79,24975.3,24982.79,1927
2026-02-03T08:00:00+00:00,24982.79,25135.66,24971.15,25110.16,7922
2026-02-03T08:30:00+00:00,25110.16,25125.15,25075.66,25106.15,5311
2026-02-03T09:00:00+00:00,25106.15,25124.14,25009.14,25011.14,4329
2026-02-03T09:30:00+00:00,25011.14,25019.16,24960.64,24978.14,4457
2026-02-03T10:00:00+00:00,24978.14,25004.66,24925.14,24927.64,3689
2026-02-03T10:30:00+00:00,24927.64,24942.66,24882.65,24883.66,4359
2026-02-03T11:00:00+00:00,24883.66,24889.65,24850.16,24883.14,4333
2026-02-03T11:30:00+00:00,24883.14,24918.66,24861.64,24914.16,4251
2026-02-03T12:00:00+00:00,24914.16,24914.16,24876.64,24902.15,3773
2026-02-03T12:30:00+00:00,24902.15,24950.15,24888.15,24890.14,2895
2026-02-03T13:00:00+00:00,24890.14,24909.16,24870.64,24892.66,3382
2026-02-03T13:30:00+00:00,24892.66,24894.15,24824.14,24838.16,3940
2026-02-03T14:00:00+00:00,24838.16,24846.16,24775.15,24791.66,4445
2026-02-03T14:30:00+00:00,24791.66,24846.16,24738.14,24743.16,10837
2026-02-03T15:00:00+00:00,24743.16,24819.66,24732.56,24806.64,12415
2026-02-03T15:30:00+00:00,24806.64,24846.64,24761.64,24830.65,10783
2026-02-03T16:00:00+00:00,24830.65,24850.64,24800.65,24807.14,8440
2026-02-03T16:30:00+00:00,24807.14,24821.16,24773.14,24791.64,6409
2026-02-03T17:00:00+00:00,24791.64,24795.31,24712.56,24741.29,5475
2026-02-03T17:30:00+00:00,24741.29,24779.79,24730.79,24735.3,4781
2026-02-03T18:00:00+00:00,24735.3,24772.3,24689.31,24714.31,4196
2026-02-03T18:30:00+00:00,24714.31,24724.3,24677.3,24678.29,3762
2026-02-03T19:00:00+00:00,24678.29,24748.81,24652.29,24718.79,5153
2026-02-03T19:30:00+00:00,24718.79,24748.31,24696.79,24745.31,5709
2026-02-03T20:00:00+00:00,24745.31,24748.81,24722.29,24732.81,3917
2026-02-03T20:30:00+00:00,24732.81,24790.81,24732.81,24782.54,3198
2026-02-04T00:30:00+00:00,24782.54,24816.67,24782.54,24804.4,272.0416391298966
2026-02-04T01:00:00+00:00,24804.4,24856.17,24804.4,24850.41,352
2026-02-04T01:30:00+00:00,24850.41,24850.42,24821.4,24835.41,230.783940973749
2026-02-04T02:00:00+00:00,24835.41,24864.15,24817.4,24823.4,272
2026-02-04T02:30:00+00:00,24823.4,24836.66,24810.4,24818.16,333
2026-02-04T03:00:00+00:00,24818.16,24829.16,24803.9,24806.9,254.53198244441057
2026-02-04T03:30:00+00:00,24806.9,24837.65,24806.9,24825.9,259.28641765587804
2026-02-04T04:00:00+00:00,24825.9,24833.65,24800.92,24807.9,209.03453772582358
2026-02-04T04:30:00+00:00,24807.9,24820.67,24799.92,24806.9,240
2026-02-04T05:00:00+00:00,24806.9,24816.17,24798.92,24803.92,332.69214131218456
2026-02-04T05:30:00+00:00,24803.92,24813.15,24785.9,24805.91,239.3670520231214
2026-02-04T06:00:00+00:00,24805.91,24815.17,24787.9,24809.16,533.3750926612306
2026-02-04T06:30:00+00:00,24809.16,24848.17,24808.67,24842.16,460
2026-02-04T07:00:00+00:00,24842.16,24889.65,24839.67,24883.17,1172
2026-02-04T07:30:00+00:00,24883.17,24899.65,24864.16,24883.16,1537
2026-02-04T08:00:00+00:00,24883.16,24905.52,24799.5,24811.01,7906
2026-02-04T08:30:00+00:00,24811.01,24816.02,24722.51,24727.5,6335
2026-02-04T09:00:00+00:00,24727.5,24736.02,24646.51,24710.02,7117
2026-02-04T09:30:00+00:00,24710.02,24739.52,24670,24730.51,5648
2026-02-04T10:00:00+00:00,24730.51,24781.52,24726,24757.51,4806
2026-02-04T10:30:00+00:00,24757.51,24807.01,24757,24787.52,4091
2026-02-04T11:00:00+00:00,24787.52,24796.52,24740.5,24750.01,3486
2026-02-04T11:30:00+00:00,24750.01,24814.52,24743.01,24804.02,3975
2026-02-04T12:00:00+00:00,24804.02,24827.51,24762.5,24763,3770
2026-02-04T12:30:00+00:00,24763,24768,24711.02,24738,4173
2026-02-04T13:00:00+00:00,24738,24753.51,24702,24722.52,4050
2026-02-04T13:30:00+00:00,24722.52,24744.52,24705,24705.5,4682
2026-02-04T14:00:00+00:00,24705.5,24714.02,24669.02,24705.01,4947
2026-02-04T14:30:00+00:00,24705.01,24741.51,24658.02,24663.9,15450
2026-02-04T15:00:00+00:00,24663.9,24788.51,24653.9,24759.51,16885
2026-02-04T15:30:00+00:00,24759.51,24770.01,24685.5,24703.01,15300
2026-02-04T16:00:00+00:00,24703.01,24713.52,24640.02,24682.51,10042
2026-02-04T16:30:00+00:00,24682.51,24691,24595,24663.02,7686
2026-02-04T17:00:00+00:00,24663.02,24674.66,24552.9,24559.67,5898
2026-02-04T17:30:00+00:00,24559.67,24613.67,24546.66,24613.17,5401
2026-02-04T18:00:00+00:00,24613.17,24631.17,24558.66,24629.66,3900
2026-02-04T18:30:00+00:00,24629.66,24637.16,24581.15,24617.66,3800
2026-02-04T19:00:00+00:00,24617.66,24634.67,24589.15,24623.66,3378
2026-02-04T19:30:00+00:00,24623.66,24699.65,24622.16,24682.66,3713
2026-02-04T20:00:00+00:00,24682.66,24684.17,24646.66,24663.65,2766
2026-02-04T20:30:00+00:00,24663.65,24692.67,24625.66,24645.42,2785
2026-02-05T00:30:00+00:00,24645.42,24711.38,24645.42,24699.63,436
2026-02-05T01:00:00+00:00,24699.63,24740.37,24693.63,24722.88,832
2026-02-05T01:30:00+00:00,24722.88,24745.37,24722.62,24734.63,438
2026-02-05T02:00:00+00:00,24734.63,24745.37,24627.64,24689.62,1218
2026-02-05T02:30:00+00:00,24689.62,24698.64,24617.62,24617.64,1332
2026-02-05T03:00:00+00:00,24617.64,24667.63,24607.63,24638.63,1041
2026-02-05T03:30:00+00:00,24638.63,24647.64,24593.63,24608.62,725.1456362662859
2026-02-05T04:00:00+00:00,24608.62,24629.88,24567.63,24582.63,842
2026-02-05T04:30:00+00:00,24582.63,24648.38,24579.62,24628.64,631
2026-02-05T05:00:00+00:00,24628.64,24638.39,24594.64,24620.64,813
2026-02-05T05:30:00+00:00,24620.64,24671.62,24614.63,24630.62,808
2026-02-05T06:00:00+00:00,24630.62,24668.88,24630.62,24649.88,654
2026-02-05T06:30:00+00:00,24649.88,24675.38,24642.62,24666.62,595
2026-02-05T07:00:00+00:00,24666.62,24695.89,24639.62,24691.37,1310
2026-02-05T07:30:00+00:00,24691.37,24704.88,24641.87,24647.89,2071
2026-02-05T08:00:00+00:00,24647.89,24692.22,24613.24,24638.73,11843
2026-02-05T08:30:00+00:00,24638.73,24641.24,24524.73,24524.73,9552
2026-02-05T09:00:00+00:00,24524.73,24546.24,24489.22,24533.74,7301
2026-02-05T09:30:00+00:00,24533.74,24563.72,24459.22,24515.72,5632
2026-02-05T10:00:00+00:00,24515.72,24588.24,24480.22,24585.23,5517
2026-02-05T10:30:00+00:00,24585.23,24593.24,24542.72,24578.72,5083
2026-02-05T11:00:00+00:00,24578.72,24606.22,24550.73,24603.74,5573
2026-02-05T11:30:00+00:00,24603.74,24629.74,24559.22,24604.72,4598
2026-02-05T12:00:00+00:00,24604.72,24627.23,24515.22,24520.74,7739
2026-02-05T12:30:00+00:00,24520.74,24526.24,24394.72,24440.73,14057
2026-02-05T13:00:00+00:00,24440.73,24479.23,24419.72,24427.22,7634
2026-02-05T13:30:00+00:00,24427.22,24474.22,24342.22,24351.24,10836
2026-02-05T14:00:00+00:00,24351.24,24385.22,24300.72,24379.74,12362
2026-02-05T14:30:00+00:00,24379.74,24501.24,24359.23,24419.72,30878
2026-02-05T15:00:00+00:00,24419.72,24445.74,24354.22,24386.74,21697
2026-02-05T15:30:00+00:00,24386.74,24446.73,24363.23,24413.24,21085
2026-02-05T16:00:00+00:00,24413.24,24489.72,24359.24,24470.23,16174
2026-02-05T16:30:00+00:00,24470.23,24545.73,24454.23,24544.22,11579
2026-02-05T17:00:00+00:00,24544.22,24549.39,24478.88,24546.38,7596
2026-02-05T17:30:00+00:00,24546.38,24597.39,24517.64,24526.39,7014
2026-02-05T18:00:00+00:00,24526.39,24548.88,24475.88,24497.89,4288
2026-02-05T18:30:00+00:00,24497.89,24516.89,24468.63,24492.89,3281
2026-02-05T19:00:00+00:00,24492.89,24560.38,24482.62,24534.37,3402
2026-02-05T19:30:00+00:00,24534.37,24539.38,24503.38,24535.88,3916
2026-02-05T20:00:00+00:00,24535.88,24566.88,24498.37,24500.87,3249
2026-02-05T20:30:00+00:00,24500.87,24523.39,24474.88,24477.62,3733
2026-02-06T00:30:00+00:00,24477.62,24477.62,24355.18,24412.45,677.640453931112
2026-02-06T01:00:00+00:00,24412.45,24428.45,24361.18,24378.18,688
2026-02-06T01:30:00+00:00,24378.18,24494.2,24378.18,24494.2,1100
2026-02-06T02:00:00+00:00,24494.2,24515.95,24481.18,24507.2,1343
2026-02-06T02:30:00+00:00,24507.2,24511.94,24477.18,24492.2,1133
2026-02-06T03:00:00+00:00,24492.2,24507.94,24469.18,24484.19,1517
2026-02-06T03:30:00+00:00,24484.19,24500.2,24453.18,24489.19,801
2026-02-06T04:00:00+00:00,24489.19,24490.93,24459.19,24474.19,733
2026-02-06T04:30:00+00:00,24474.19,24476.19,24409.18,24429.2,705
2026-02-06T05:00:00+00:00,24429.2,24447.2,24410.18,24435.19,593.3921568627451
2026-02-06T05:30:00+00:00,24435.19,24549.18,24433.19,24536.94,454
2026-02-06T06:00:00+00:00,24536.94,24554.2,24508.18,24524.94,513
2026-02-06T06:30:00+00:00,24524.94,24538.2,24489.18,24516.18,513
2026-02-06T07:00:00+00:00,24516.18,24536.44,24462.45,24531.45,1515
2026-02-06T07:30:00+00:00,24531.45,24556.93,24514.94,24549.45,2547
2026-02-06T08:00:00+00:00,24549.45,24554.8,24445.78,24489.78,13129
2026-02-06T08:30:00+00:00,24489.78,24505.8,24410.28,24486.29,9797
2026-02-06T09:00:00+00:00,24486.29,24572.78,24469.79,24555.3,8899
2026-02-06T09:30:00+00:00,24555.3,24600.8,24545.79,24551.29,6690
2026-02-06T10:00:00+00:00,24551.29,24584.28,24539.79,24558.79,5504
2026-02-06T10:30:00+00:00,24558.79,24628.8,24555.28,24621.28,4873
2026-02-06T11:00:00+00:00,24621.28,24667.28,24618.28,24654.29,4300
2026-02-06T11:30:00+00:00,24654.29,24673.8,24633.28,24663.3,4069
2026-02-06T12:00:00+00:00,24663.3,24680.8,24646.28,24665.29,4255
2026-02-06T12:30:00+00:00,24665.29,24668.28,24617.78,24626.28,4121
2026-02-06T13:00:00+00:00,24626.28,24649.8,24613.29,24644.29,4147
2026-02-06T13:30:00+00:00,24644.29,24656.3,24599.29,24610.29,5376
2026-02-06T14:00:00+00:00,24610.29,24645.3,24605.29,24635.28,5354
2026-02-06T14:30:00+00:00,24635.28,24711.8,24628.78,24651.28,18967
2026-02-06T15:00:00+00:00,24651.28,24708.3,24627.78,24707.29,21405
2026-02-06T15:30:00+00:00,24707.29,24742.3,24688.79,24729.79,13701
2026-02-06T16:00:00+00:00,24729.79,24759.8,24720.28,24738.29,6619
2026-02-06T16:30:00+00:00,24738.29,24755.3,24717.29,24727.29,5703
2026-02-06T17:00:00+00:00,24727.29,24752.95,24717.43,24747.93,4449
2026-02-06T17:30:00+00:00,24747.93,24762.95,24728.95,24738.44,3160
2026-02-06T18:00:00+00:00,24738.44,24753.44,24728.93,24742.94,2308
2026-02-06T18:30:00+00:00,24742.94,24763.95,24741.44,24743.44,1487
2026-02-06T19:00:00+00:00,24743.44,24764.45,24742.93,24763.43,1587
2026-02-06T19:30:00+00:00,24763.43,24768.45,24752.44,24760.95,1605
2026-02-06T20:00:00+00:00,24760.95,24779.95,24755.44,24768.95,1037
2026-02-06T20:30:00+00:00,24768.95,24804.44,24759.45,24796.18,1939
2026-02-09T00:30:00+00:00,24796.18,24859.4,24796.18,24823.65,1119
2026-02-09T01:00:00+00:00,24823.65,24827.89,24801.65,24805.89,792
2026-02-09T01:30:00+00:00,24805.89,24808.41,24789.65,24805.39,734
2026-02-09T02:00:00+00:00,24805.39,24832.89,24796.66,24827.41,761
2026-02-09T02:30:00+00:00,24827.41,24840.39,24798.64,24804.91,580
2026-02-09T03:00:00+00:00,24804.91,24811.4,24793.65,24804.39,435
2026-02-09T03:30:00+00:00,24804.39,24817.41,24797.64,24804.9,409
2026-02-09T04:00:00+00:00,24804.9,24814.4,24800.64,24805.64,412
2026-02-09T04:30:00+00:00,24805.64,24818.39,24801.4,24811.91,344.265189421015
2026-02-09T05:00:00+00:00,24811.91,24835.41,24804.9,24826.9,536
2026-02-09T05:30:00+00:00,24826.9,24844.41,24825.64,24835.65,390
2026-02-09T06:00:00+00:00,24835.65,24844.41,24805.66,24813.91,1124
2026-02-09T06:30:00+00:00,24813.91,24852.39,24810.89,24837.91,1104
2026-02-09T07:00:00+00:00,24837.91,24867.9,24835.41,24840.39,1464
2026-02-09T07:30:00+00:00,24840.39,24857.41,24814.39,24820.39,1939
2026-02-09T08:00:00+00:00,24820.39,24967.24,24818.75,24871.24,6338
2026-02-09T08:30:00+00:00,24871.24,24910.75,24834.24,24841.76,4369
2026-02-09T09:00:00+00:00,24841.76,24861.25,24799.25,24825.74,3897
2026-02-09T09:30:00+00:00,24825.74,24869.75,24817.24,24820.25,3583
2026-02-09T10:00:00+00:00,24820.25,24827.26,24768.75,24775.26,3691
2026-02-09T10:30:00+00:00,24775.26,24794.75,24733.24,24791.24,4392
2026-02-09T11:00:00+00:00,24791.24,24819.76,24772.25,24808.25,3591
2026-02-09T11:30:00+00:00,24808.25,24835.75,24787.24,24827.24,3122
2026-02-09T12:00:00+00:00,24827.24,24860.25,24812.74,24851.24,3212
2026-02-09T12:30:00+00:00,24851.24,24863.25,24822.74,24855.75,2300
2026-02-09T13:00:00+00:00,24855.75,24873.26,24843.76,24849.24,2662
2026-02-09T13:30:00+00:00,24849.24,24875.26,24847.76,24858.75,2776
2026-02-09T14:00:00+00:00,24858.75,24867.26,24838.25,24850.76,3201
2026-02-09T14:30:00+00:00,24850.76,24894.26,24827.24,24872.26,10174
2026-02-09T15:00:00+00:00,24872.26,24943.74,24866.74,24938.24,4651
2026-02-09T15:30:00+00:00,24938.24,25007.75,24935.75,24997.25,2727
2026-02-09T16:00:00+00:00,24997.25,25032.25,24993.25,25023.75,2987
2026-02-09T16:30:00+00:00,25023.75,25047.26,25014.74,25027.75,2448
2026-02-09T17:00:00+00:00,25027.75,25038.91,25016.89,25028.39,1493
2026-02-09T17:30:00+00:00,25028.39,25037.41,25014.9,25021.91,1361
2026-02-09T18:00:00+00:00,25021.91,25031.91,24993.39,25014.41,1813
2026-02-09T18:30:00+00:00,25014.41,25035.91,25011.4,25027.41,954
2026-02-09T19:00:00+00:00,25027.41,25058.39,25025.41,25056.4,1038
2026-02-09T19:30:00+00:00,25056.4,25059.41,25049.41,25054.89,809
2026-02-09T20:00:00+00:00,25054.89,25063.4,25044.9,25048.4,894
2026-02-09T20:30:00+00:00,25048.4,25058.41,25039.9,25046.64,1741
2026-02-10T00:30:00+00:00,25046.64,25046.64,25006.58,25019.09,715
2026-02-10T01:00:00+00:00,25019.09,25024.59,25009.32,25013.08,662
2026-02-10T01:30:00+00:00,25013.08,25031.07,25003.57,25026.07,695
2026-02-10T02:00:00+00:00,25026.07,25026.07,25003.32,25005.58,547
2026-02-10T02:30:00+00:00,25005.58,25012.59,24988.59,25004.07,617
2026-02-10T03:00:00+00:00,25004.07,25008.58,24989.08,25000.09,395
2026-02-10T03:30:00+00:00,25000.09,25007.07,24994.32,25001.07,395
2026-02-10T04:00:00+00:00,25001.07,25017.07,24996.58,25007.58,234.6684770390354
2026-02-10T04:30:00+00:00,25007.58,25021.59,25006.34,25019.58,198.0967194813495
2026-02-10T05:00:00+00:00,25019.58,25024.09,25006.34,25012.09,253.36058394160585
2026-02-10T05:30:00+00:00,25012.09,25031.58,25006.32,25017.07,457
2026-02-10T06:00:00+00:00,25017.07,25023.59,25000.07,25002.57,523
2026-02-10T06:30:00+00:00,25002.57,25006.08,24990.57,25005.08,462
2026-02-10T07:00:00+00:00,25005.08,25049.09,24998.07,25047.59,1112
2026-02-10T07:30:00+00:00,25047.59,25054.58,25016.59,25018.09,1343
2026-02-10T08:00:00+00:00,25018.09,25027.93,24960.94,25004.93,6130
2026-02-10T08:30:00+00:00,25004.93,25028.43,24978.92,25021.43,4456
2026-02-10T09:00:00+00:00,25021.43,25087.94,25018.42,25085.93,3378
2026-02-10T09:30:00+00:00,25085.93,25104.94,25061.42,25074.42,3162
2026-02-10T10:00:00+00:00,25074.42,25082.94,25049.93,25055.44,3131
2026-02-10T10:30:00+00:00,25055.44,25055.44,25024.44,25039.93,2664
2026-02-10T11:00:00+00:00,25039.93,25050.44,25013.93,25045.94,2932
2026-02-10T11:30:00+00:00,25045.94,25064.94,25029.92,25047.93,2663
2026-02-10T12:00:00+00:00,25047.93,25059.44,25023.43,25033.94,2749
2026-02-10T12:30:00+00:00,25033.94,25048.94,24989.44,24990.92,3101
2026-02-10T13:00:00+00:00,24990.92,24998.44,24957.44,24993.42,3074
2026-02-10T13:30:00+00:00,24993.42,25025.43,24985.92,25006.92,3745
2026-02-10T14:00:00+00:00,25006.92,25026.43,24981.93,24995.94,2490
2026-02-10T14:30:00+00:00,24995.94,25035.92,24984.42,25029.42,7568
2026-02-10T15:00:00+00:00,25029.42,25052.94,25020.92,25036.92,5048
2026-02-10T15:30:00+00:00,25036.92,25059.94,25012.93,25015.93,5186
2026-02-10T16:00:00+00:00,25015.93,25024.43,24980.92,25006.94,5433
2026-02-10T16:30:00+00:00,25006.94,25048.94,24994.42,25043.93,4133
2026-02-10T17:00:00+00:00,25043.93,25057.59,25026.59,25045.07,2856
2026-02-10T17:30:00+00:00,25045.07,25062.58,25036.57,25053.58,1708
2026-02-10T18:00:00+00:00,25053.58,25053.58,25017.08,25018.57,2614
2026-02-10T18:30:00+00:00,25018.57,25036.07,25008.08,25033.59,2848
2026-02-10T19:00:00+00:00,25033.59,25047.59,25024.07,25044.58,2163
2026-02-10T19:30:00+00:00,25044.58,25048.08,25031.57,25041.08,1767
2026-02-10T20:00:00+00:00,25041.08,25044.08,25021.07,25029.08,1455
2026-02-10T20:30:00+00:00,25029.08,25035.09,24996.57,25010.83,2152
2026-02-11T00:30:00+00:00,25010.83,25054.5,25010.83,25042.49,383
2026-02-11T01:00:00+00:00,25042.49,25049.48,25030.98,25035.99,392
2026-02-11T01:30:00+00:00,25035.99,25055.48,25034,25041,264.9057986896962
2026-02-11T02:00:00+00:00,25041,25053.48,25034.73,25052.5,333
2026-02-11T02:30:00+00:00,25052.5,25055.48,25046.75,25047.98,218.53642914331465
2026-02-11T03:00:00+00:00,25047.98,25052.49,25035,25045.99,265.11153479504287
2026-02-11T03:30:00+00:00,25045.99,25055.49,25043.48,25048.75,203.98813056379822
2026-02-11T04:00:00+00:00,25048.75,25051.49,25019.48,25021.49,218.90050061753337
2026-02-11T04:30:00+00:00,25021.49,25021.49,25006.74,25016.49,248.4135090609555
2026-02-11T05:00:00+00:00,25016.49,25039.99,25014.75,25031.49,273
2026-02-11T05:30:00+00:00,25031.49,25033,25021.73,25024.49,183.55377197414057
2026-02-11T06:00:00+00:00,25024.49,25070.5,25024.49,25067.49,413
2026-02-11T06:30:00+00:00,25067.49,25069.5,25043.49,25048.99,513
2026-02-11T07:00:00+00:00,25048.99,25064.98,25010.49,25026,965
2026-02-11T07:30:00+00:00,25026,25028.5,24999.98,25011,1139
2026-02-11T08:00:00+00:00,25011,25015.84,24899.84,24911.34,7376
2026-02-11T08:30:00+00:00,24911.34,24956.35,24884.84,24902.83,5040
2026-02-11T09:00:00+00:00,24902.83,24973.85,24900.83,24961.35,3831
2026-02-11T09:30:00+00:00,24961.35,24962.35,24868.33,24892.35,3888
2026-02-11T10:00:00+00:00,24892.35,24941.35,24872.33,24921.33,3927
2026-02-11T10:30:00+00:00,24921.33,24933.84,24888.83,24925.85,3306
2026-02-11T11:00:00+00:00,24925.85,24979.85,24919.34,24979.33,3095
2026-02-11T11:30:00+00:00,24979.33,24991.85,24941.33,24943.33,3489
2026-02-11T12:00:00+00:00,24943.33,24995.85,24942.85,24974.83,3304
2026-02-11T12:30:00+00:00,24974.83,24974.83,24922.83,24923.85,3814
2026-02-11T13:00:00+00:00,24923.85,24950.85,24913.34,24943.74,3424
2026-02-11T13:30:00+00:00,24943.74,25011.35,24943.74,24986.84,5489
2026-02-11T14:00:00+00:00,24986.84,25002.85,24947.33,25001.84,3827
2026-02-11T14:30:00+00:00,25001.84,25023.35,24964.34,24984.83,10665
2026-02-11T15:00:00+00:00,24984.83,24995.83,24853.34,24881.83,11157
2026-02-11T15:30:00+00:00,24881.83,24929.35,24865.83,24928.35,12014
2026-02-11T16:00:00+00:00,24928.35,24962.84,24900.33,24902.33,6595
2026-02-11T16:30:00+00:00,24902.33,24919.35,24861.34,24866.83,6183
2026-02-11T17:00:00+00:00,24866.83,24922.49,24856.49,24916.5,4214
2026-02-11T17:30:00+00:00,24916.5,24925.5,24902.49,24906.49,3273
2026-02-11T18:00:00+00:00,24906.49,24915.5,24869.99,24911.49,3220
2026-02-11T18:30:00+00:00,24911.49,24927.48,24903,24919.98,2737
2026-02-11T19:00:00+00:00,24919.98,24972.5,24913.98,24971.49,2003
2026-02-11T19:30:00+00:00,24971.49,24972,24940.48,24956.99,1918
2026-02-11T20:00:00+00:00,24956.99,24962.5,24945.98,24948.99,1511
2026-02-11T20:30:00+00:00,24948.99,24959.49,24933.75,24936.73,1846
2026-02-12T00:30:00+00:00,24936.73,24954.6,24932.35,24952.61,344
2026-02-12T01:00:00+00:00,24952.61,24963.1,24944.34,24961.1,420
2026-02-12T01:30:00+00:00,24961.1,24971.61,24952.35,24968.09,362
2026-02-12T02:00:00+00:00,24968.09,24971.6,24938.34,24947.11,656
2026-02-12T02:30:00+00:00,24947.11,24954.59,24938.36,24950.11,339
2026-02-12T03:00:00+00:00,24950.11,24964.09,24941.35,24963.59,234.8826118855466
2026-02-12T03:30:00+00:00,24963.59,24975.11,24963.1,24969.61,210.16396479851784
2026-02-12T04:00:00+00:00,24969.61,24987.1,24968.59,24982.11,332
2026-02-12T04:30:00+00:00,24982.11,24982.59,24965.34,24977.11,285
2026-02-12T05:00:00+00:00,24977.11,25001.11,24976.36,24984.09,324.0171564040177
2026-02-12T05:30:00+00:00,24984.09,25030.11,24980.09,25023.36,306
2026-02-12T06:00:00+00:00,25023.36,25049.11,25013.35,25043.11,487
2026-02-12T06:30:00+00:00,25043.11,25050.6,24981.11,24998.09,808
2026-02-12T07:00:00+00:00,24998.09,25015.09,24971.6,25005.1,1047
2026-02-12T07:30:00+00:00,25005.1,25035.59,24987.61,25035.59,1161
2026-02-12T08:00:00+00:00,25035.59,25168.46,25033.95,25104.45,9352
2026-02-12T08:30:00+00:00,25104.45,25152.96,25061.45,25152.45,5599
2026-02-12T09:00:00+00:00,25152.45,25219.96,25151.96,25192.94,5441
2026-02-12T09:30:00+00:00,25192.94,25221.94,25162.94,25206.94,4409
2026-02-12T10:00:00+00:00,25206.94,25238.95,25188.94,25211.95,4092
2026-02-12T10:30:00+00:00,25211.95,25221.96,25194.44,25219.94,3130
2026-02-12T11:00:00+00:00,25219.94,25242.45,25204.94,25217.95,3126
2026-02-12T11:30:00+00:00,25217.95,25224.95,25185.95,25218.46,2960
2026-02-12T12:00:00+00:00,25218.46,25243.96,25197.46,25221.45,2745
2026-02-12T12:30:00+00:00,25221.45,25249.44,25202.94,25243.46,2853
2026-02-12T13:00:00+00:00,25243.46,25243.94,25197.46,25210.34,2727
2026-02-12T13:30:00+00:00,25210.34,25233.95,25204.44,25224.44,2988
2026-02-12T14:00:00+00:00,25224.44,25237.45,25203.45,25220.94,2669
2026-02-12T14:30:00+00:00,25220.94,25259.46,25185.45,25189.44,7551
2026-02-12T15:00:00+00:00,25189.44,25216.46,25130.45,25152.45,7429
2026-02-12T15:30:00+00:00,25152.45,25159.46,25008.95,25012.96,6866
2026-02-12T16:00:00+00:00,25012.96,25012.96,24830.95,24838.94,10808
2026-02-12T16:30:00+00:00,24838.94,24933.46,24830.96,24902.94,14135
2026-02-12T17:00:00+00:00,24902.94,24967.11,24868.1,24936.1,8516
2026-02-12T17:30:00+00:00,24936.1,24975.11,24894.6,24896.61,7876
2026-02-12T18:00:00+00:00,24896.61,24926.61,24883.11,24911.09,4993
2026-02-12T18:30:00+00:00,24911.09,24964.11,24900.59,24955.09,4459
2026-02-12T19:00:00+00:00,24955.09,24983.61,24950.1,24952.6,3743
2026-02-12T19:30:00+00:00,24952.6,24990.1,24951.59,24974.09,2976
2026-02-12T20:00:00+00:00,24974.09,24988.61,24943.11,24943.11,2944
2026-02-12T20:30:00+00:00,24943.11,24959.09,24894.59,24915.35,3221
2026-02-13T00:30:00+00:00,24915.35,24916.41,24871.67,24893.43,628
2026-02-13T01:00:00+00:00,24893.43,24935.43,24893.43,24916.66,522
2026-02-13T01:30:00+00:00,24916.66,24957.42,24912.66,24941.66,440.913182140326
2026-02-13T02:00:00+00:00,24941.66,24967.91,24941.66,24961.92,870
2026-02-13T02:30:00+00:00,24961.92,24966.93,24950.42,24965.91,351
2026-02-13T03:00:00+00:00,24965.91,24977.41,24947.43,24951.42,348
2026-02-13T03:30:00+00:00,24951.42,24964.43,24938.66,24941.91,394
2026-02-13T04:00:00+00:00,24941.91,24968.43,24932.66,24964.92,390
2026-02-13T04:30:00+00:00,24964.92,24965.91,24934.43,24945.93,377
2026-02-13T05:00:00+00:00,24945.93,24949.41,24902.68,24914.41,586
2026-02-13T05:30:00+00:00,24914.41,24921.43,24871.68,24875.92,703
2026-02-13T06:00:00+00:00,24875.92,24891.91,24848.91,24856.41,851
2026-02-13T06:30:00+00:00,24856.41,24870.43,24818.68,24865.42,1099
2026-02-13T07:00:00+00:00,24865.42,24911.92,24865.42,24893.43,1659
2026-02-13T07:30:00+00:00,24893.43,24895.91,24838.41,24866.43,1943
2026-02-13T08:00:00+00:00,24866.43,24904.78,24757.26,24828.76,9929
2026-02-13T08:30:00+00:00,24828.76,24880.78,24813.76,24873.76,6234
2026-02-13T09:00:00+00:00,24873.76,24878.76,24807.76,24842.78,5902
2026-02-13T09:30:00+00:00,24842.78,24867.78,24816.76,24835.28,5542
2026-02-13T10:00:00+00:00,24835.28,24885.28,24817.77,24884.26,5092
2026-02-13T10:30:00+00:00,24884.26,24886.28,24816.76,24825.76,5278
2026-02-13T11:00:00+00:00,24825.76,24846.76,24809.26,24815.28,5424
2026-02-13T11:30:00+00:00,24815.28,24868.77,24783.76,24864.27,5729
2026-02-13T12:00:00+00:00,24864.27,24869.77,24834.27,24854.76,5102
2026-02-13T12:30:00+00:00,24854.76,24882.77,24812.76,24855.78,5530
2026-02-13T13:00:00+00:00,24855.78,24888.77,24836.26,24880.66,5726
2026-02-13T13:30:00+00:00,24880.66,24943.76,24875.78,24915.77,7663
2026-02-13T14:00:00+00:00,24915.77,24952.77,24872.26,24893.78,4926
2026-02-13T14:30:00+00:00,24893.78,24918.78,24817.28,24843.76,23659
2026-02-13T15:00:00+00:00,24843.76,24932.76,24837.76,24922.27,18970
2026-02-13T15:30:00+00:00,24922.27,24957.26,24873.26,24904.27,10686
2026-02-13T16:00:00+00:00,24904.27,24963.78,24898.76,24909.26,8922
2026-02-13T16:30:00+00:00,24909.26,24948.28,24889.27,24931.28,6807
2026-02-13T17:00:00+00:00,24931.28,24962.92,24923.43,24952.93,3743
2026-02-13T17:30:00+00:00,24952.93,24991.43,24945.91,24954.41,3207
2026-02-13T18:00:00+00:00,24954.41,24985.92,24928.43,24960.41,2718
2026-02-13T18:30:00+00:00,24960.41,24977.42,24939.41,24944.92,2542
2026-02-13T19:00:00+00:00,24944.92,24964.91,24936.42,24938.41,2528
2026-02-13T19:30:00+00:00,24938.41,24953.43,24898.42,24901.43,3020
2026-02-13T20:00:00+00:00,24901.43,24915.42,24869.92,24874.91,2456
2026-02-13T20:30:00+00:00,24874.91,24930.43,24864.41,24912.67,3593
2026-02-16T00:30:00+00:00,24912.67,24931.33,24909.56,24916.56,390
2026-02-16T01:00:00+00:00,24916.56,24932.31,24910.56,24913.82,353
2026-02-16T01:30:00+00:00,24913.82,24930.33,24905.57,24930.32,377.99709270188606
2026-02-16T02:00:00+00:00,24930.32,24942.33,24917.32,24929.32,379
2026-02-16T02:30:00+00:00,24929.32,24939.32,24924.56,24931.33,200.53046442266725
2026-02-16T03:00:00+00:00,24931.33,24944.31,24925.56,24932.32,254
2026-02-16T03:30:00+00:00,24932.32,24944.58,24929.57,24944.56,261
2026-02-16T04:00:00+00:00,24944.56,24959.58,24944.56,24959.58,221.26959029666065
2026-02-16T04:30:00+00:00,24959.58,24967.33,24950.58,24958.58,137.85696054871192
2026-02-16T05:00:00+00:00,24958.58,24958.58,24943.32,24945.81,188.984173767987
2026-02-16T05:30:00+00:00,24945.81,24946.32,24926.81,24936.32,363
2026-02-16T06:00:00+00:00,24936.32,24941.83,24923.33,24940.82,352.766201804758
2026-02-16T06:30:00+00:00,24940.82,24956.83,24934.81,24956.82,295.90072639225184
2026-02-16T07:00:00+00:00,24956.82,24987.32,24952.32,24979.83,842
2026-02-16T07:30:00+00:00,24979.83,25021.83,24974.32,25021.83,1089
2026-02-16T08:00:00+00:00,25021.83,25028.67,24970.66,24972.68,5514
2026-02-16T08:30:00+00:00,24972.68,24995.67,24946.66,24967.68,3964
2026-02-16T09:00:00+00:00,24967.68,25003.66,24957.18,24990.18,2932
2026-02-16T09:30:00+00:00,24990.18,24990.18,24936.16,24949.67,2905
2026-02-16T10:00:00+00:00,24949.67,24961.68,24907.68,24923.67,2719
2026-02-16T10:30:00+00:00,24923.67,24958.16,24906.67,24940.18,2101
2026-02-16T11:00:00+00:00,24940.18,24952.18,24913.18,24951.16,2117
2026-02-16T11:30:00+00:00,24951.16,24962.18,24922.67,24948.16,1915
2026-02-16T12:00:00+00:00,24948.16,24968.67,24930.16,24963.66,1962
2026-02-16T12:30:00+00:00,24963.66,24963.66,24922.68,24930.66,2185
2026-02-16T13:00:00+00:00,24930.66,24941.16,24904.66,24934.18,2148
2026-02-16T13:30:00+00:00,24934.18,24942.17,24916.16,24919.67,2194
2026-02-16T14:00:00+00:00,24919.67,24924.16,24863.16,24875.17,3067
2026-02-16T14:30:00+00:00,24875.17,24891.18,24842.67,24876.18,4264
2026-02-16T15:00:00+00:00,24876.18,24906.16,24869.67,24875.66,3254
2026-02-16T15:30:00+00:00,24875.66,24884.68,24823.66,24825.18,3375
2026-02-16T16:00:00+00:00,24825.18,24838.68,24801.18,24822.16,3204
2026-02-16T16:30:00+00:00,24822.16,24844.18,24797.17,24831.68,1828
2026-02-16T17:00:00+00:00,24831.68,24841.83,24827.82,24835.32,774
2026-02-16T17:30:00+00:00,24835.32,24845.31,24833.32,24841.82,549
2026-02-16T18:00:00+00:00,24841.82,24845.31,24836.32,24841.33,142.32756684793173
2026-02-16T18:30:00+00:00,24841.33,24842.33,24830.83,24830.83,93.59137000223893
2026-02-16T19:00:00+00:00,24830.83,24837.33,24825.81,24834.81,157.14911610216652
2026-02-16T19:30:00+00:00,24834.81,24837.83,24833.31,24837.83,138.3398992702335
2026-02-16T20:00:00+00:00,24837.83,24840.83,24836.31,24838.33,114.39008840755808
2026-02-16T20:30:00+00:00,24838.33,24842.06,24827.82,24838.06,298.52110985980573
2026-02-17T00:30:00+00:00,24838.06,24855.36,24828.09,24835.86,342
2026-02-17T01:00:00+00:00,24835.86,24854.35,24824.36,24828.09,400
2026-02-17T01:30:00+00:00,24828.09,24839.84,24768.09,24779.84,409
2026-02-17T02:00:00+00:00,24779.84,24796.86,24763.11,24795.34,656
2026-02-17T02:30:00+00:00,24795.34,24801.35,24783.1,24792.09,426
2026-02-17T03:00:00+00:00,24792.09,24793.86,24755.1,24771.85,540.4214992927864
2026-02-17T03:30:00+00:00,24771.85,24771.85,24720.34,24738.85,701
2026-02-17T04:00:00+00:00,24738.85,24743.86,24724.11,24732.84,358
2026-02-17T04:30:00+00:00,24732.84,24734.86,24715.09,24732.84,226.15219683655536
2026-02-17T05:00:00+00:00,24732.84,24740.84,24685.11,24721.36,531
2026-02-17T05:30:00+00:00,24721.36,24729.35,24704.1,24706.86,455
2026-02-17T06:00:00+00:00,24706.86,24746.36,24706.85,24726.84,543
2026-02-17T06:30:00+00:00,24726.84,24747.34,24719.84,24727.09,513
2026-02-17T07:00:00+00:00,24727.09,24746.35,24704.85,24714.85,1164
2026-02-17T07:30:00+00:00,24714.85,24768.84,24711.36,24758.86,1512
2026-02-17T08:00:00+00:00,24758.86,24809.71,24742.2,24808.2,5722
2026-02-17T08:30:00+00:00,24808.2,24831.2,24775.21,24805.19,4511
2026-02-17T09:00:00+00:00,24805.19,24860.2,24805.19,24854.21,3637
2026-02-17T09:30:00+00:00,24854.21,24885.69,24844.7,24872.2,2639
2026-02-17T10:00:00+00:00,24872.2,24890.21,24838.7,24855.19,2514
2026-02-17T10:30:00+00:00,24855.19,24861.71,24819.21,24823.7,2687
2026-02-17T11:00:00+00:00,24823.7,24845.21,24787.21,24843.2,3054
2026-02-17T11:30:00+00:00,24843.2,24879.21,24835.2,24869.2,2650
2026-02-17T12:00:00+00:00,24869.2,24876.7,24825.71,24831.69,2684
2026-02-17T12:30:00+00:00,24831.69,24836.2,24772.7,24778.7,2741
2026-02-17T13:00:00+00:00,24778.7,24838.71,24740.19,24824.2,3446
2026-02-17T13:30:00+00:00,24824.2,24885.69,24809.19,24846.69,4702
2026-02-17T14:00:00+00:00,24846.69,24899.19,24845.2,24887.71,3430
2026-02-17T14:30:00+00:00,24887.71,24950.19,24828.19,24840.71,12404
2026-02-17T15:00:00+00:00,24840.71,24934.19,24837.2,24893.19,10825
2026-02-17T15:30:00+00:00,24893.19,24915.2,24857.19,24903.2,8127
2026-02-17T16:00:00+00:00,24903.2,25032.69,24888.7,25012.7,5050
2026-02-17T16:30:00+00:00,25012.7,25030.21,24989.71,25007.71,4525
2026-02-17T17:00:00+00:00,25007.71,25010.86,24955.36,24994.86,3801
2026-02-17T17:30:00+00:00,24994.86,25000.86,24937.85,24979.34,4292
2026-02-17T18:00:00+00:00,24979.34,25019.36,24962.84,25007.85,2945
2026-02-17T18:30:00+00:00,25007.85,25060.84,25003.34,25051.34,2081
2026-02-17T19:00:00+00:00,25051.34,25054.86,25031.84,25036.85,1784
2026-02-17T19:30:00+00:00,25036.85,25055.36,25032.86,25035.86,1448
2026-02-17T20:00:00+00:00,25035.86,25048.86,25028.85,25037.35,1266
2026-02-17T20:30:00+00:00,25037.35,25047.86,25023.35,25046.09,1728
2026-02-18T00:30:00+00:00,25046.09,25046.09,25021.1,25027.35,351
2026-02-18T01:00:00+00:00,25027.35,25045.36,25024.1,25031.85,454
2026-02-18T01:30:00+00:00,25031.85,25036.86,25022.12,25030.87,281
2026-02-18T02:00:00+00:00,25030.87,25036.36,25021.1,25024.35,184.31809602257306
2026-02-18T02:30:00+00:00,25024.35,25035.37,25022.86,25026.36,199.69524270240362
2026-02-18T03:00:00+00:00,25026.36,25029.86,25008.85,25022.86,255.66964669423405
2026-02-18T03:30:00+00:00,25022.86,25041.37,25019.1,25037.86,221.72999779367206
2026-02-18T04:00:00+00:00,25037.86,25056.36,25033.85,25052.85,211.40321500334898
2026-02-18T04:30:00+00:00,25052.85,25079.87,25052.35,25078.37,243.296239447429
2026-02-18T05:00:00+00:00,25078.37,25087.87,25067.11,25081.86,217
2026-02-18T05:30:00+00:00,25081.86,25089.37,25072.35,25079.35,204.57751277683136
2026-02-18T06:00:00+00:00,25079.35,25087.86,25070.37,25082.37,340.8702479338843
2026-02-18T06:30:00+00:00,25082.37,25091.86,25069.35,25073.37,355.5513108614232
2026-02-18T07:00:00+00:00,25073.37,25084.37,25049.85,25070.85,944
2026-02-18T07:30:00+00:00,25070.85,25081.85,25048.35,25061.37,1086
2026-02-18T08:00:00+00:00,25061.37,25183.22,25058.22,25122.7,5832
2026-02-18T08:30:00+00:00,25122.7,25185.22,25122.7,25174.22,3331
2026-02-18T09:00:00+00:00,25174.22,25187.21,25131.2,25166.7,3285
2026-02-18T09:30:00+00:00,25166.7,25211.22,25161.71,25200.2,2606
2026-02-18T10:00:00+00:00,25200.2,25225.2,25193.21,25213.7,1823
2026-02-18T10:30:00+00:00,25213.7,25255.72,25202.2,25254.71,1704
2026-02-18T11:00:00+00:00,25254.71,25275.71,25225.7,25242.2,2183
2026-02-18T11:30:00+00:00,25242.2,25242.72,25203.2,25215.7,1878
2026-02-18T12:00:00+00:00,25215.7,25257.21,25213.7,25226.2,2611
2026-02-18T12:30:00+00:00,25226.2,25227.7,25182.7,25218.22,2616
2026-02-18T13:00:00+00:00,25218.22,25221.72,25169.2,25193.71,2303
2026-02-18T13:30:00+00:00,25193.71,25202.22,25118.71,25126.22,2610
2026-02-18T14:00:00+00:00,25126.22,25155.72,25104.71,25147.22,2462
2026-02-18T14:30:00+00:00,25147.22,25251.22,25121.72,25249.21,8359
2026-02-18T15:00:00+00:00,25249.21,25287.2,25249.21,25275.7,3039
2026-02-18T15:30:00+00:00,25275.7,25320.21,25262.21,25313.21,2615
2026-02-18T16:00:00+00:00,25313.21,25328.2,25289.22,25297.72,2686
2026-02-18T16:30:00+00:00,25297.72,25309.2,25273.2,25279.7,2453
2026-02-18T17:00:00+00:00,25279.7,25303.37,25270.37,25299.85,1507
2026-02-18T17:30:00+00:00,25299.85,25308.37,25289.35,25298.36,1025
2026-02-18T18:00:00+00:00,25298.36,25312.37,25237.37,25247.35,1048
2026-02-18T18:30:00+00:00,25247.35,25278.87,25232.85,25259.87,1724
2026-02-18T19:00:00+00:00,25259.87,25269.85,25240.85,25255.35,1970
2026-02-18T19:30:00+00:00,25255.35,25258.87,25187.35,25202.86,2883
2026-02-18T20:00:00+00:00,25202.86,25213.37,25178.35,25189.35,2160
2026-02-18T20:30:00+00:00,25189.35,25256.86,25188.85,25235.61,1489
2026-02-19T00:30:00+00:00,25235.61,25242.76,25223.99,25240.26,194.98628466930813
2026-02-19T01:00:00+00:00,25240.26,25276.25,25237.99,25261.74,507
2026-02-19T01:30:00+00:00,25261.74,25268.26,25234.01,25253,406.04935622317595
2026-02-19T02:00:00+00:00,25253,25264.74,25244.99,25261.75,226.00921658986175
2026-02-19T02:30:00+00:00,25261.75,25266.75,25249.01,25256.74,157.91352101277124
2026-02-19T03:00:00+00:00,25256.74,25265.26,25250.99,25262.76,177.9398433437189
2026-02-19T03:30:00+00:00,25262.76,25267.76,25241.99,25248.01,166.52328234803355
2026-02-19T04:00:00+00:00,25248.01,25258.26,25240.01,25244.74,158.23962965005222
2026-02-19T04:30:00+00:00,25244.74,25250.25,25234.99,25238,94.00589604326962
2026-02-19T05:00:00+00:00,25238,25241.75,25224,25232.25,210.27922744937217
2026-02-19T05:30:00+00:00,25232.25,25237.26,25220.74,25225.25,349
2026-02-19T06:00:00+00:00,25225.25,25234.26,25204.99,25209.75,423
2026-02-19T06:30:00+00:00,25209.75,25219.25,25196.25,25210.26,367.2362435803375
2026-02-19T07:00:00+00:00,25210.26,25226.26,25195.25,25209.26,729
2026-02-19T07:30:00+00:00,25209.26,25217.25,25175.25,25193.76,1125
2026-02-19T08:00:00+00:00,25193.76,25233.11,25170.09,25202.59,5503
2026-02-19T08:30:00+00:00,25202.59,25220.09,25140.1,25146.1,3628
2026-02-19T09:00:00+00:00,25146.1,25167.61,25128.09,25128.09,2931
2026-02-19T09:30:00+00:00,25128.09,25135.61,25061.1,25065.61,3156
2026-02-19T10:00:00+00:00,25065.61,25085.6,25026.6,25056.6,3926
2026-02-19T10:30:00+00:00,25056.6,25082.61,25040.6,25075.61,2925
2026-02-19T11:00:00+00:00,25075.61,25118.11,25062.59,25106.1,2583
2026-02-19T11:30:00+00:00,25106.1,25108.11,25058.09,25065.11,2004
2026-02-19T12:00:00+00:00,25065.11,25087.61,25034.11,25076.11,2558
2026-02-19T12:30:00+00:00,25076.11,25077.61,25050.11,25060.6,1916
2026-02-19T13:00:00+00:00,25060.6,25073.61,24999.61,25009.01,2407
2026-02-19T13:30:00+00:00,25009.01,25062.61,25000.61,25048.59,2559
2026-02-19T14:00:00+00:00,25048.59,25057.61,25023.11,25026.59,2363
2026-02-19T14:30:00+00:00,25026.59,25037.11,24983.6,25025.11,8828
2026-02-19T15:00:00+00:00,25025.11,25049.11,25002.59,25022.1,7094
2026-02-19T15:30:00+00:00,25022.1,25066.1,25009.6,25041.11,4430
2026-02-19T16:00:00+00:00,25041.11,25047.61,25001.1,25021.1,3423
2026-02-19T16:30:00+00:00,25021.1,25058.61,25000.61,25013.61,3592
2026-02-19T17:00:00+00:00,25013.61,25032.26,24989.74,25010.25,3193
2026-02-19T17:30:00+00:00,25010.25,25021.75,24986.25,24992.24,2712
2026-02-19T18:00:00+00:00,24992.24,25008.74,24975.74,24992.74,2310
2026-02-19T18:30:00+00:00,24992.74,25028.25,24988.25,25022.76,2143
2026-02-19T19:00:00+00:00,25022.76,25023.26,25002.25,25008.74,1505
2026-02-19T19:30:00+00:00,25008.74,25016.76,24984.74,25006.76,1761
2026-02-19T20:00:00+00:00,25006.76,25031.75,25006.24,25018.75,1221
2026-02-19T20:30:00+00:00,25018.75,25035.24,25017.25,25030.99,1341
2026-02-20T00:30:00+00:00,25030.99,25070.49,25030.99,25060.5,207
2026-02-20T01:00:00+00:00,25060.5,25085.99,25059.73,25068.48,397
2026-02-20T01:30:00+00:00,25068.48,25073,25055.73,25061.49,342
2026-02-20T02:00:00+00:00,25061.49,25080.5,25053.75,25058,365
2026-02-20T02:30:00+00:00,25058,25065.48,25039.48,25057.49,491
2026-02-20T03:00:00+00:00,25057.49,25064.98,25054.75,25056.73,166.58904457076636
2026-02-20T03:30:00+00:00,25056.73,25061.5,25049.98,25052.49,187.62627109686048
2026-02-20T04:00:00+00:00,25052.49,25061.49,25048.73,25054.48,203.53652288054838
2026-02-20T04:30:00+00:00,25054.48,25069.48,25049.73,25064.74,181.35085324232082
2026-02-20T05:00:00+00:00,25064.74,25078.49,25063.74,25073.5,282.6418415707515
2026-02-20T05:30:00+00:00,25073.5,25095,25070.75,25092.98,297
2026-02-20T06:00:00+00:00,25092.98,25107.5,25087.75,25094.49,344
2026-02-20T06:30:00+00:00,25094.49,25096.98,25084.5,25088.5,378
2026-02-20T07:00:00+00:00,25088.5,25101.5,25076.98,25080.48,958
2026-02-20T07:30:00+00:00,25080.48,25090,25058.48,25072.49,1284
2026-02-20T08:00:00+00:00,25072.49,25077.35,25002.84,25065.84,5824
2026-02-20T08:30:00+00:00,25065.84,25091.85,25026.84,25090.33,3549
2026-02-20T09:00:00+00:00,25090.33,25144.85,25080.83,25125.35,2787
2026-02-20T09:30:00+00:00,25125.35,25127.34,25095.33,25109.33,2709
2026-02-20T10:00:00+00:00,25109.33,25135.34,25099.34,25134.34,2476
2026-02-20T10:30:00+00:00,25134.34,25136.33,25094.33,25094.83,3020
2026-02-20T11:00:00+00:00,25094.83,25113.83,25064.33,25110.83,2814
2026-02-20T11:30:00+00:00,25110.83,25125.35,25092.83,25101.85,2502
2026-02-20T12:00:00+00:00,25101.85,25115.85,25088.33,25095.85,2757
2026-02-20T12:30:00+00:00,25095.85,25098.33,25066.85,25081.83,2585
2026-02-20T13:00:00+00:00,25081.83,25123.85,25075.35,25118.33,1763
2026-02-20T13:30:00+00:00,25118.33,25120.85,25081.83,25105.34,3464
2026-02-20T14:00:00+00:00,25105.34,25120.34,25090.85,25095.85,2435
2026-02-20T14:30:00+00:00,25095.85,25161.34,25090.85,25153.74,6970
2026-02-20T15:00:00+00:00,25153.74,25341.34,25149.83,25202.85,16647
2026-02-20T15:30:00+00:00,25202.85,25288.85,25183.33,25280.35,9095
2026-02-20T16:00:00+00:00,25280.35,25284.84,25233.34,25252.33,6582
2026-02-20T16:30:00+00:00,25252.33,25288.33,25242.34,25258.33,4420
2026-02-20T17:00:00+00:00,25258.33,25263.98,25182.49,25204.5,4399
2026-02-20T17:30:00+00:00,25204.5,25244,25202.49,25232.48,4484
2026-02-20T18:00:00+00:00,25232.48,25237.5,25185.74,25211,3137
2026-02-20T18:30:00+00:00,25211,25267.5,25179.75,25261,4553
2026-02-20T19:00:00+00:00,25261,25265.5,25223,25229.48,2134
2026-02-20T19:30:00+00:00,25229.48,25237.5,25222.48,25223.98,1921
2026-02-20T20:00:00+00:00,25223.98,25252,25223.98,25243.5,1733
2026-02-20T20:30:00+00:00,25243.5,25255.98,25233.49,25242.23,1666
2026-02-23T00:30:00+00:00,25242.23,25242.23,25121.23,25122.47,440
2026-02-23T01:00:00+00:00,25122.47,25128.73,25091.46,25117.48,605
2026-02-23T01:30:00+00:00,25117.48,25135.21,25098.46,25099.46,409
2026-02-23T02:00:00+00:00,25099.46,25123.23,25088.46,25119.23,503
2026-02-23T02:30:00+00:00,25119.23,25124.72,25107.46,25108.46,216.72421643654218
2026-02-23T03:00:00+00:00,25108.46,25117.23,25088.47,25101.48,200.41674909330698
2026-02-23T03:30:00+00:00,25101.48,25108.73,25092.47,25100.46,175.70475387427095
2026-02-23T04:00:00+00:00,25100.46,25110.22,25097.47,25105.21,163.7159742468416
2026-02-23T04:30:00+00:00,25105.21,25109.73,25089.47,25094.47,221.34982332155477
2026-02-23T05:00:00+00:00,25094.47,25096.23,25054.46,25072.21,261.38780297107115
2026-02-23T05:30:00+00:00,25072.21,25085.73,25062.72,25079.72,254
2026-02-23T06:00:00+00:00,25079.72,25083.22,25069.47,25076.23,263
2026-02-23T06:30:00+00:00,25076.23,25114.23,25076.23,25113.71,338
2026-02-23T07:00:00+00:00,25113.71,25145.72,25113.71,25127.73,1130
2026-02-23T07:30:00+00:00,25127.73,25139.73,25117.21,25133.21,1193
2026-02-23T08:00:00+00:00,25133.21,25141.57,25074.06,25136.06,6365
2026-02-23T08:30:00+00:00,25136.06,25180.57,25113.06,25178.56,3855
2026-02-23T09:00:00+00:00,25178.56,25201.08,25166.58,25180.56,3220
2026-02-23T09:30:00+00:00,25180.56,25182.07,25127.08,25127.08,2918
2026-02-23T10:00:00+00:00,25127.08,25137.57,25018.47,25105.58,3947
2026-02-23T10:30:00+00:00,25105.58,25159.08,25102.57,25146.07,2730
2026-02-23T11:00:00+00:00,25146.07,25167.58,25135.56,25143.57,2506
2026-02-23T11:30:00+00:00,25143.57,25160.58,25132.08,25152.08,2390
2026-02-23T12:00:00+00:00,25152.08,25166.57,25120.06,25124.08,2416
2026-02-23T12:30:00+00:00,25124.08,25128.57,25099.57,25114.07,2419
2026-02-23T13:00:00+00:00,25114.07,25144.56,25099.58,25142.08,2456
2026-02-23T13:30:00+00:00,25142.08,25183.08,25142.06,25163.08,2346
2026-02-23T14:00:00+00:00,25163.08,25179.58,25149.58,25158.57,2260
2026-02-23T14:30:00+00:00,25158.57,25164.58,25106.56,25122.56,7918
2026-02-23T15:00:00+00:00,25122.56,25142.07,25065.57,25078.08,6829
2026-02-23T15:30:00+00:00,25078.08,25081.58,24987.56,24994.58,5468
2026-02-23T16:00:00+00:00,24994.58,25000.06,24944.07,24993.58,6029
2026-02-23T16:30:00+00:00,24993.58,25024.08,24987.57,25000.56,5100
2026-02-23T17:00:00+00:00,25000.56,25009.23,24978.22,24979.21,3304
2026-02-23T17:30:00+00:00,24979.21,24991.72,24938.71,24989.71,3603
2026-02-23T18:00:00+00:00,24989.71,25026.22,24987.72,25024.71,2242
2026-02-23T18:30:00+00:00,25024.71,25031.73,24980.22,24985.21,1933
2026-02-23T19:00:00+00:00,24985.21,24997.73,24980.21,24982.71,1937
2026-02-23T19:30:00+00:00,24982.71,25000.22,24961.21,24990.22,1931
2026-02-23T20:00:00+00:00,24990.22,25002.72,24983.21,24988.23,1651
2026-02-23T20:30:00+00:00,24988.23,25003.73,24969.72,24987.47,1838
2026-02-24T00:30:00+00:00,24987.47,25012.45,24987.47,25006.2,312
2026-02-24T01:00:00+00:00,25006.2,25013.45,24992.18,25003.2,485
2026-02-24T01:30:00+00:00,25003.2,25011.93,24990.19,24999.95,511
2026-02-24T02:00:00+00:00,24999.95,25041.94,24990.18,25037.93,870
2026-02-24T02:30:00+00:00,25037.93,25045.94,25032.18,25034.93,363.88296261349586
2026-02-24T03:00:00+00:00,25034.93,25036.44,25025.95,25029.94,195.46347457156793
2026-02-24T03:30:00+00:00,25029.94,25043.93,25026.43,25038.95,327.38825214899714
2026-02-24T04:00:00+00:00,25038.95,25052.94,25034.2,25045.44,258.8773498547306
2026-02-24T04:30:00+00:00,25045.44,25053.94,25039.18,25051.44,192.11641445980112
2026-02-24T05:00:00+00:00,25051.44,25057.95,25038.18,25046.45,395
2026-02-24T05:30:00+00:00,25046.45,25046.45,25025.18,25027.95,309.7080656673804
2026-02-24T06:00:00+00:00,25027.95,25032.45,25017.95,25023.93,281
2026-02-24T06:30:00+00:00,25023.93,25028.44,25013.93,25017.93,282
2026-02-24T07:00:00+00:00,25017.93,25037.93,24999.44,25020.93,1190
2026-02-24T07:30:00+00:00,25020.93,25028.43,24971.45,24974.94,1959
2026-02-24T08:00:00+00:00,24974.94,24987.29,24885.78,24949.79,12741
2026-02-24T08:30:00+00:00,24949.79,24970.8,24884.29,24913.28,8038
2026-02-24T09:00:00+00:00,24913.28,24968.8,24909.28,24937.29,6309
2026-02-24T09:30:00+00:00,24937.29,24970.78,24905.29,24965.29,4566
2026-02-24T10:00:00+00:00,24965.29,24986.28,24952.8,24985.28,3807
2026-02-24T10:30:00+00:00,24985.28,24992.79,24958.78,24974.28,4098
2026-02-24T11:00:00+00:00,24974.28,25000.3,24960.78,24981.79,3962
2026-02-24T11:30:00+00:00,24981.79,25004.29,24978.78,25001.29,2825
2026-02-24T12:00:00+00:00,25001.29,25018.29,24969.78,24970.3,4252
2026-02-24T12:30:00+00:00,24970.3,24977.8,24920.28,24947.79,3756
2026-02-24T13:00:00+00:00,24947.79,24983.29,24935.79,24969.28,3706
2026-02-24T13:30:00+00:00,24969.28,24999.3,24954.79,24989.28,3517
2026-02-24T14:00:00+00:00,24989.28,24991.8,24925.78,24932.3,4315
2026-02-24T14:30:00+00:00,24932.3,25059.28,24899.28,25034.18,16282
2026-02-24T15:00:00+00:00,25034.18,25096.29,25007.8,25087.3,10514
2026-02-24T15:30:00+00:00,25087.3,25099.3,25017.78,25018.79,7263
2026-02-24T16:00:00+00:00,25018.79,25035.28,24997.78,25029.78,5588
2026-02-24T16:30:00+00:00,25029.78,25034.28,24987.28,25022.3,5188
2026-02-24T17:00:00+00:00,25022.3,25045.45,25005.43,25040.94,3070
2026-02-24T17:30:00+00:00,25040.94,25049.06,25025.55,25043.06,2187.4686974285028
2026-02-24T18:00:00+00:00,25043.06,25058.56,25033.04,25040.04,2093
2026-02-24T18:30:00+00:00,25040.04,25068.06,25036.54,25059.54,1776
2026-02-24T19:00:00+00:00,25059.54,25063.06,25045.05,25049.54,2162
2026-02-24T19:30:00+00:00,25049.54,25070.54,25048.06,25062.05,1771
2026-02-24T20:00:00+00:00,25062.05,25066.55,25048.55,25052.56,1563
2026-02-24T20:30:00+00:00,25052.56,25078.06,25042.8,25046.29,1819
2026-02-25T00:30:00+00:00,25046.29,25059.39,25032.14,25055.54,335
2026-02-25T01:00:00+00:00,25055.54,25066.29,25043.53,25049.53,406
2026-02-25T01:30:00+00:00,25049.53,25065.28,25044.53,25053.54,544.2311390532544
2026-02-25T02:00:00+00:00,25053.54,25056.28,25040.54,25049.53,979.6069255643893
2026-02-25T02:30:00+00:00,25049.53,25060.78,25046.53,25052.54,368.47650680865996
2026-02-25T03:00:00+00:00,25052.54,25059.28,25038.53,25042.8,611
2026-02-25T03:30:00+00:00,25042.8,25057.29,24997.55,25045.55,919
2026-02-25T04:00:00+00:00,25045.55,25045.78,25022.3,25041.55,546
2026-02-25T04:30:00+00:00,25041.55,25051.28,25036.53,25036.53,298.4154018945577
2026-02-25T05:00:00+00:00,25036.53,25050.79,25036.53,25042.55,529
2026-02-25T05:30:00+00:00,25042.55,25048.79,25033.78,25038.3,484
2026-02-25T06:00:00+00:00,25038.3,25042.29,25022.53,25029.3,405
2026-02-25T06:30:00+00:00,25029.3,25046.3,25025.28,25027.78,398.53398058252424
2026-02-25T07:00:00+00:00,25027.78,25058.8,25023.8,25057.8,1020
2026-02-25T07:30:00+00:00,25057.8,25076.3,25042.78,25050.78,1767
2026-02-25T08:00:00+00:00,25050.78,25102.64,24996.63,25056.65,10038
2026-02-25T08:30:00+00:00,25056.65,25067.15,25026.63,25054.64,6363
2026-02-25T09:00:00+00:00,25054.64,25066.14,25020.64,25052.65,5485
2026-02-25T09:30:00+00:00,25052.65,25075.64,25040.63,25074.63,3941
2026-02-25T10:00:00+00:00,25074.63,25107.15,25055.63,25084.13,3789
2026-02-25T10:30:00+00:00,25084.13,25113.15,25075.63,25085.64,3204
2026-02-25T11:00:00+00:00,25085.64,25105.14,25075.13,25086.64,3620
2026-02-25T11:30:00+00:00,25086.64,25111.14,25086.14,25100.14,2972
2026-02-25T12:00:00+00:00,25100.14,25128.65,25089.14,25107.13,2934
2026-02-25T12:30:00+00:00,25107.13,25116.14,25082.64,25087.14,3522
2026-02-25T13:00:00+00:00,25087.14,25117.65,25083.13,25114.63,3598
2026-02-25T13:30:00+00:00,25114.63,25165.64,25097.13,25154.15,3367
2026-02-25T14:00:00+00:00,25154.15,25175.140000000003,25135.140000000003,25174.65,3008
2026-02-25T14:30:00+00:00,25174.65,25194.160000000003,25148.640000000003,25171.660000000003,9000
2026-02-25T15:00:00+00:00,25171.660000000003,25186.65,25123.65,25134.140000000003,7751
2026-02-25T15:30:00+00:00,25134.140000000003,25159.660000000003,25125.660000000003,25146.640000000003,6094
2026-02-25T16:00:00+00:00,25146.640000000003,25184.65,25132.140000000003,25177.65,5175
2026-02-25T16:30:00+00:00,25177.65,25195.660000000003,25174.140000000003,25181.140000000003,2450
2026-02-25T17:00:00+00:00,25181.140000000003,25205.81,25178.300000000003,25193.31,2224
2026-02-25T17:30:00+00:00,25193.31,25213.81,25188.79,25206.79,1401
2026-02-25T18:00:00+00:00,25206.79,25210.31,25202.29,25205.79,1029
2026-02-25T18:30:00+00:00,25205.79,25212.300000000003,25197.29,25207.300000000003,863
2026-02-25T19:00:00+00:00,25207.300000000003,25212.81,25203.79,25209.79,984
2026-02-25T19:30:00+00:00,25209.79,25215.81,25203.300000000003,25205.31,828
2026-02-25T20:00:00+00:00,25205.31,25219.31,25205.29,25208.800000000003,895
2026-02-25T20:30:00+00:00,25208.800000000003,25224.800000000003,25205.79,25218.050000000003,1979
2026-02-26T00:30:00+00:00,25218.050000000003,25218.050000000003,25182.160000000003,25183.910000000003,541
2026-02-26T01:00:00+00:00,25183.910000000003,25184.43,25159.91,25160.41,665
2026-02-26T01:30:00+00:00,25160.41,25178.91,25157.41,25174.41,723.5672937771346
2026-02-26T02:00:00+00:00,25174.41,25174.41,25153.65,25155.9,786
2026-02-26T02:30:00+00:00,25155.9,25161.42,25148.67,25157.91,504
2026-02-26T03:00:00+00:00,25157.91,25164.42,25154.65,25158.91,462.9247634191652
2026-02-26T03:30:00+00:00,25158.91,25173.42,25154.65,25155.91,416.9099367781273
2026-02-26T04:00:00+00:00,25155.91,25159.9,25149.65,25154.4,358
2026-02-26T04:30:00+00:00,25154.4,25154.92,25136.9,25143.9,425
2026-02-26T05:00:00+00:00,25143.9,25145.9,25134.66,25140.92,535
2026-02-26T05:30:00+00:00,25140.92,25141.41,25129.92,25134.65,455
2026-02-26T06:00:00+00:00,25134.65,25142.91,25117.41,25117.9,507
2026-02-26T06:30:00+00:00,25117.9,25143.41,25097.65,25139.41,617
2026-02-26T07:00:00+00:00,25139.41,25174.92,25139.41,25174.42,1433
2026-02-26T07:30:00+00:00,25174.42,25184.4,25154.9,25162.41,1530
2026-02-26T08:00:00+00:00,25162.41,25178.760000000002,25095.74,25160.24,12835
2026-02-26T08:30:00+00:00,25160.24,25166.260000000002,25108.24,25151.75,7514
2026-02-26T09:00:00+00:00,25151.75,25162.260000000002,25119.25,25153.25,6672
2026-02-26T09:30:00+00:00,25153.25,25222.260000000002,25150.24,25199.75,4628
2026-02-26T10:00:00+00:00,25199.75,25221.260000000002,25182.24,25219.760000000002,4758
2026-02-26T10:30:00+00:00,25219.760000000002,25271.260000000002,25218.75,25243.260000000002,3686
2026-02-26T11:00:00+00:00,25243.260000000002,25274.760000000002,25232.760000000002,25264.75,3913
2026-02-26T11:30:00+00:00,25264.75,25301.25,25264.74,25293.25,3404
2026-02-26T12:00:00+00:00,25293.25,25311.73,25289.23,25309.25,3620
2026-02-26T12:30:00+00:00,25309.25,25311.239999999998,25278.239999999998,25283.25,3446
2026-02-26T13:00:00+00:00,25283.25,25318.239999999998,25278.23,25285.73,4341
2026-02-26T13:30:00+00:00,25285.73,25309.25,25277.73,25277.73,4662
2026-02-26T14:00:00+00:00,25277.73,25305.25,25271.73,25283.75,4873
2026-02-26T14:30:00+00:00,25283.75,25322.73,25253.739999999998,25262.23,16745
2026-02-26T15:00:00+00:00,25262.23,25275.739999999998,25163.239999999998,25203.23,15818
2026-02-26T15:30:00+00:00,25203.23,25315.239999999998,25197.23,25304.25,14105
2026-02-26T16:00:00+00:00,25304.25,25319.739999999998,25265.739999999998,25284.23,11072
2026-02-26T16:30:00+00:00,25284.23,25301.75,25231.23,25233.75,8684
2026-02-26T17:00:00+00:00,25233.75,25262.399999999998,25232.88,25252.899999999998,5726
2026-02-26T17:30:00+00:00,25252.899999999998,25272.870000000003,25228.860000000004,25243.38,4872
2026-02-26T18:00:00+00:00,25243.38,25275.38,25224.360000000004,25265.88,5611
2026-02-26T18:30:00+00:00,25265.88,25318.88,25253.370000000003,25288.870000000003,3933
2026-02-26T19:00:00+00:00,25288.870000000003,25333.870000000003,25285.360000000004,25316.870000000003,2106
2026-02-26T19:30:00+00:00,25316.870000000003,25342.460000000003,25313.870000000003,25342.460000000003,1017.7021739130435
2026-02-26T20:00:00+00:00,25342.460000000003,25360.960000000003,25329.97,25335.47,1559
2026-02-26T20:30:00+00:00,25335.47,25355.48,25331.48,25348.73,2679
2026-02-27T00:30:00+00:00,25348.73,25348.73,25252.93,25263.170000000002,493
2026-02-27T01:00:00+00:00,25263.170000000002,25276.670000000002,25251.170000000002,25262.91,766
2026-02-27T01:30:00+00:00,25262.91,25275.93,25254.93,25269.18,848
2026-02-27T02:00:00+00:00,25269.18,25282.420000000002,25258.91,25270.93,635
2026-02-27T02:30:00+00:00,25270.93,25291.43,25265.43,25289.41,587
2026-02-27T03:00:00+00:00,25289.41,25298.43,25281.16,25284.170000000002,540.5336512983572
2026-02-27T03:30:00+00:00,25284.170000000002,25292.91,25281.16,25291.91,611.421104214309
2026-02-27T04:00:00+00:00,25291.91,25293.920000000002,25272.91,25292.920000000002,358.8635269852183
2026-02-27T04:30:00+00:00,25292.920000000002,25299.43,25286.170000000002,25291.170000000002,339
2026-02-27T05:00:00+00:00,25291.170000000002,25309.420000000002,25289.18,25305.170000000002,539
2026-02-27T05:30:00+00:00,25305.170000000002,25316.41,25294.920000000002,25294.920000000002,464
2026-02-27T06:00:00+00:00,25294.920000000002,25298.920000000002,25262.170000000002,25276.920000000002,496
2026-02-27T06:30:00+00:00,25276.920000000002,25296.43,25276.920000000002,25281.91,408
2026-02-27T07:00:00+00:00,25281.91,25317.45,25281.91,25316.440000000002,1124
2026-02-27T07:30:00+00:00,25316.440000000002,25327.93,25308.940000000002,25321.440000000002,1611
2026-02-27T08:00:00+00:00,25321.440000000002,25340.280000000002,25246.280000000002,25311.29,12463
2026-02-27T08:30:00+00:00,25311.29,25398.780000000002,25305.800000000003,25380.780000000002,7171
2026-02-27T09:00:00+00:00,25380.780000000002,25419.79,25377.300000000003,25387.800000000003,6901
2026-02-27T09:30:00+00:00,25387.800000000003,25404.300000000003,25349.780000000002,25368.79,7194
2026-02-27T10:00:00+00:00,25368.79,25377.29,25315.780000000002,25320.300000000003,6695
2026-02-27T10:30:00+00:00,25320.300000000003,25335.800000000003,25295.300000000003,25308.79,6305
2026-02-27T11:00:00+00:00,25308.79,25325.800000000003,25295.29,25322.780000000002,5862
2026-02-27T11:30:00+00:00,25322.780000000002,25338.29,25297.300000000003,25327.800000000003,6534
2026-02-27T12:00:00+00:00,25327.800000000003,25368.800000000003,25318.780000000002,25348.79,5950
2026-02-27T12:30:00+00:00,25348.79,25353.800000000003,25307.300000000003,25323.780000000002,5649
2026-02-27T13:00:00+00:00,25323.780000000002,25331.800000000003,25250.68,25250.68,6131
2026-02-27T13:30:00+00:00,25250.68,25291.300000000003,25214.68,25290.300000000003,10995
2026-02-27T14:00:00+00:00,25290.300000000003,25292.780000000002,25238.79,25252.280000000002,9431
2026-02-27T14:30:00+00:00,25252.280000000002,25289.780000000002,25198.79,25231.780000000002,27693
2026-02-27T15:00:00+00:00,25231.780000000002,25309.800000000003,25227.29,25285.780000000002,22334
2026-02-27T15:30:00+00:00,25285.780000000002,25307.800000000003,25269.79,25297.29,12350
2026-02-27T16:00:00+00:00,25297.29,25348.79,25295.29,25322.280000000002,10158
2026-02-27T16:30:00+00:00,25322.280000000002,25337.300000000003,25248.29,25251.800000000003,9911
2026-02-27T17:00:00+00:00,25251.800000000003,25287.45,25209.95,25222.440000000002,6864
2026-02-27T17:30:00+00:00,25222.440000000002,25256.440000000002,25205.93,25232.940000000002,7303
2026-02-27T18:00:00+00:00,25232.940000000002,25239.940000000002,25205.43,25222.45,4484
2026-02-27T18:30:00+00:00,25222.45,25236.45,25215.43,25223.940000000002,3518
2026-02-27T19:00:00+00:00,25223.940000000002,25244.95,25207.93,25210.940000000002,3154
2026-02-27T19:30:00+00:00,25210.940000000002,25211.95,25166.940000000002,25173.93,3440
2026-02-27T20:00:00+00:00,25173.93,25218.440000000002,25171.940000000002,25209.440000000002,3378
2026-02-27T20:30:00+00:00,25209.440000000002,25218.43,25164.93,25197.68,4321
2026-03-02T00:30:00+00:00,25197.68,25197.68,24852.780000000002,24943.780000000002,1464.5608596548354
2026-03-02T01:00:00+00:00,24943.780000000002,25032.02,24938.780000000002,24994.780000000002,5288
2026-03-02T01:30:00+00:00,24994.780000000002,25023.030000000002,24971.77,24977.530000000002,3664
2026-03-02T02:00:00+00:00,24977.530000000002,24982.54,24883.79,24905.79,3469
2026-03-02T02:30:00+00:00,24905.79,24951.52,24896.77,24950.52,2559
2026-03-02T03:00:00+00:00,24950.52,24958.52,24921.780000000002,24958.52,2644
2026-03-02T03:30:00+00:00,24958.52,24977.54,24935.77,24967.02,2351
2026-03-02T04:00:00+00:00,24967.02,24988.54,24930.79,24968.780000000002,3156.009215302988
2026-03-02T04:30:00+00:00,24968.780000000002,24991.030000000002,24924.780000000002,24933.79,2847
2026-03-02T05:00:00+00:00,24933.79,24959.77,24916.77,24943.780000000002,2987
2026-03-02T05:30:00+00:00,24943.780000000002,24956.79,24860.030000000002,24862.530000000002,1863
2026-03-02T06:00:00+00:00,24862.530000000002,24897.02,24813.79,24846.780000000002,2582
2026-03-02T06:30:00+00:00,24846.780000000002,24851.79,24744.02,24798.77,3846
2026-03-02T07:00:00+00:00,24798.77,24810.54,24687.780000000002,24758.030000000002,5497
2026-03-02T07:30:00+00:00,24758.030000000002,24785.54,24693.02,24722.030000000002,5851
2026-03-02T08:00:00+00:00,24722.030000000002,24799.88,24662.390000000003,24721.870000000003,23554
2026-03-02T08:30:00+00:00,24721.870000000003,24835.890000000003,24708.38,24775.38,15990
2026-03-02T09:00:00+00:00,24775.38,24909.88,24734.890000000003,24870.890000000003,15025
2026-03-02T09:30:00+00:00,24870.890000000003,24901.38,24828.890000000003,24861.890000000003,11780
2026-03-02T10:00:00+00:00,24861.890000000003,24913.38,24838.390000000003,24859.390000000003,11374
2026-03-02T10:30:00+00:00,24859.390000000003,24888.870000000003,24811.88,24846.370000000003,8625
2026-03-02T11:00:00+00:00,24846.370000000003,24859.390000000003,24791.390000000003,24814.870000000003,8918
2026-03-02T11:30:00+00:00,24814.870000000003,24886.370000000003,24784.390000000003,24805.870000000003,8842
2026-03-02T12:00:00+00:00,24805.870000000003,24817.370000000003,24712.38,24747.370000000003,10767
2026-03-02T12:30:00+00:00,24747.370000000003,24754.390000000003,24677.870000000003,24699.870000000003,10426
2026-03-02T13:00:00+00:00,24699.870000000003,24718.390000000003,24660.370000000003,24669.38,10604
2026-03-02T13:30:00+00:00,24669.38,24669.890000000003,24601.370000000003,24618.890000000003,9337
2026-03-02T14:00:00+00:00,24618.890000000003,24635.890000000003,24587.370000000003,24613.370000000003,9559
2026-03-02T14:30:00+00:00,24613.370000000003,24733.370000000003,24602.88,24671.780000000002,24312
2026-03-02T15:00:00+00:00,24671.780000000002,24731.38,24662.390000000003,24681.870000000003,18292
2026-03-02T15:30:00+00:00,24681.870000000003,24702.38,24632.890000000003,24637.890000000003,17391
2026-03-02T16:00:00+00:00,24637.890000000003,24728.390000000003,24625.370000000003,24684.370000000003,11369
2026-03-02T16:30:00+00:00,24684.370000000003,24735.870000000003,24614.88,24714.38,9358
2026-03-02T17:00:00+00:00,24714.38,24748.54,24694.030000000002,24712.030000000002,5003
2026-03-02T17:30:00+00:00,24712.030000000002,24734.52,24705.52,24730.52,3854
2026-03-02T18:00:00+00:00,24730.52,24739.030000000002,24721.02,24739.030000000002,3142
2026-03-02T18:30:00+00:00,24739.030000000002,24741.52,24693.02,24695.030000000002,3490
2026-03-02T19:00:00+00:00,24695.030000000002,24733.54,24691.04,24727.04,3911
2026-03-02T19:30:00+00:00,24727.04,24736.02,24702.54,24710.02,1724
2026-03-02T20:00:00+00:00,24710.02,24718.530000000002,24599.530000000002,24632.04,7766
2026-03-02T20:30:00+00:00,24632.04,24670.030000000002,24620.79,24626.77,5452
2026-03-03T00:30:00+00:00,24626.77,24654.510000000002,24623.66,24624.91,1193
2026-03-03T01:00:00+00:00,24624.91,24656.92,24588.91,24589.66,3284
2026-03-03T01:30:00+00:00,24589.66,24598.67,24525.91,24526.66,3271
2026-03-03T02:00:00+00:00,24526.66,24533.68,24454.91,24484.91,6465
2026-03-03T02:30:00+00:00,24484.91,24546.67,24475.92,24514.93,2592
2026-03-03T03:00:00+00:00,24514.93,24532.93,24485.91,24496.68,2384
2026-03-03T03:30:00+00:00,24496.68,24524.18,24474.92,24502.66,2995
2026-03-03T04:00:00+00:00,24502.66,24509.91,24428.66,24432.92,1959
2026-03-03T04:30:00+00:00,24432.92,24443.68,24407.91,24418.67,3527
2026-03-03T05:00:00+00:00,24418.67,24444.67,24408.92,24435.67,3253
2026-03-03T05:30:00+00:00,24435.67,24435.67,24362.91,24380.16,1341
2026-03-03T06:00:00+00:00,24380.16,24421.68,24377.66,24420.16,2652
2026-03-03T06:30:00+00:00,24420.16,24430.18,24357.93,24380.18,2316
2026-03-03T07:00:00+00:00,24380.18,24390.17,24277.66,24291.16,4585
2026-03-03T07:30:00+00:00,24291.16,24298.17,24218.66,24255.17,5495
2026-03-03T08:00:00+00:00,24255.17,24272.52,24059.51,24061.51,24497
2026-03-03T08:30:00+00:00,24061.51,24080.02,23872.52,23887.51,22144
2026-03-03T09:00:00+00:00,23887.51,23974.03,23855.01,23906.51,19868
2026-03-03T09:30:00+00:00,23906.51,23920.03,23803.02,23844.52,15421
2026-03-03T10:00:00+00:00,23844.52,23887.03,23710.01,23711.02,15433
2026-03-03T10:30:00+00:00,23711.02,23741.03,23594.01,23727.51,18294
2026-03-03T11:00:00+00:00,23727.51,23742.53,23609.01,23692.03,16102
2026-03-03T11:30:00+00:00,23692.03,23760.03,23691.53,23738.51,14792
2026-03-03T12:00:00+00:00,23738.51,23855.52,23694.02,23834.53,10875
2026-03-03T12:30:00+00:00,23834.53,23856.03,23788.03,23831.52,10430
2026-03-03T13:00:00+00:00,23831.52,23847.01,23738.53,23763.52,11654
2026-03-03T13:30:00+00:00,23763.52,23763.52,23700.51,23723.52,12523
2026-03-03T14:00:00+00:00,23723.52,23726.02,23619.01,23693.02,12114
2026-03-03T14:30:00+00:00,23693.02,23776.53,23641.53,23657.01,22605
2026-03-03T15:00:00+00:00,23657.01,23705.53,23596.02,23615.02,20358
2026-03-03T15:30:00+00:00,23615.02,23711.03,23612.01,23698.02,20798
2026-03-03T16:00:00+00:00,23698.02,23773.52,23668.52,23748.52,16702
2026-03-03T16:30:00+00:00,23748.52,23941.52,23714.03,23887.51,13817
2026-03-03T17:00:00+00:00,23887.51,23916.68,23834.92,23909.68,3715
2026-03-03T17:30:00+00:00,23909.68,23910.17,23853.66,23872.67,2702
2026-03-03T18:00:00+00:00,23872.67,23952.17,23872.67,23938.68,2181
2026-03-03T18:30:00+00:00,23938.68,24019.16,23936.17,23990.18,2707
2026-03-03T19:00:00+00:00,23990.18,24009.67,23948.16,23982.18,1758
2026-03-03T19:30:00+00:00,23982.18,24118.17,23976.16,24076.68,2634
2026-03-03T20:00:00+00:00,24076.68,24095.17,24043.67,24047.67,2378
2026-03-03T20:30:00+00:00,24047.67,24077.16,23986.67,24027.42,1857
2026-03-04T00:30:00+00:00,24027.42,24028.99,23959,24000,959.2660860291503
2026-03-04T01:00:00+00:00,24000,24030.01,23882.25,23896.74,4870
2026-03-04T01:30:00+00:00,23896.74,23942.26,23864.01,23898.75,3895
2026-03-04T02:00:00+00:00,23898.75,23915,23820.01,23825.99,3929
2026-03-04T02:30:00+00:00,23825.99,23887.76,23799.99,23823,3290
2026-03-04T03:00:00+00:00,23823,23830.99,23784.74,23803.24,3316
2026-03-04T03:30:00+00:00,23803.24,23833.75,23752,23827.01,5240
2026-03-04T04:00:00+00:00,23827.01,23843.25,23795.99,23805.01,3341
2026-03-04T04:30:00+00:00,23805.01,23820,23773.99,23792.99,2575.9386539606908
2026-03-04T05:00:00+00:00,23792.99,23815,23731.99,23758.24,3170
2026-03-04T05:30:00+00:00,23758.24,23811.24,23744.01,23759.99,2129
2026-03-04T06:00:00+00:00,23759.99,23786,23705.01,23782.01,3163
2026-03-04T06:30:00+00:00,23782.01,23883.74,23782,23825.24,2537
2026-03-04T07:00:00+00:00,23825.24,23876.75,23776.26,23867.25,5036
2026-03-04T07:30:00+00:00,23867.25,23922.76,23856.24,23874.75,7037
2026-03-04T08:00:00+00:00,23874.75,23948.6,23847.09,23870.1,23389
2026-03-04T08:30:00+00:00,23870.1,23890.11,23812.61,23846.59,18737
2026-03-04T09:00:00+00:00,23846.59,23958.11,23806.59,23947.09,14812
2026-03-04T09:30:00+00:00,23947.09,24026.11,23923.09,24023.11,9347
2026-03-04T10:00:00+00:00,24023.11,24139.1,23996.1,24090.59,18725
2026-03-04T10:30:00+00:00,24090.59,24176.6,24090.09,24165.61,11922
2026-03-04T11:00:00+00:00,24165.61,24219.09,24165.1,24170.11,10981
2026-03-04T11:30:00+00:00,24170.11,24194.61,24129.6,24136.09,9186
2026-03-04T12:00:00+00:00,24136.09,24169.61,24040.6,24045.1,10970
2026-03-04T12:30:00+00:00,24045.1,24109.61,24013.59,24109.1,8804
2026-03-04T13:00:00+00:00,24109.1,24221.59,24105.61,24192.6,9408
2026-03-04T13:30:00+00:00,24192.6,24222.61,24142.11,24178.6,10601
2026-03-04T14:00:00+00:00,24178.6,24180.11,24119.59,24148.59,10697
2026-03-04T14:30:00+00:00,24148.59,24170.1,24069.11,24156.99,22519
2026-03-04T15:00:00+00:00,24156.99,24242.1,24151.1,24218.61,11906
2026-03-04T15:30:00+00:00,24218.61,24235.6,24166.09,24209.1,9975
2026-03-04T16:00:00+00:00,24209.1,24237.59,24181.11,24209.09,10005
2026-03-04T16:30:00+00:00,24209.09,24233.11,24172.11,24214.09,7749
2026-03-04T17:00:00+00:00,24214.09,24229.24,24183.75,24188.74,5807
2026-03-04T17:30:00+00:00,24188.74,24219.25,24164.76,24213.26,5761
2026-03-04T18:00:00+00:00,24213.26,24234.26,24202.75,24226.25,3803
2026-03-04T18:30:00+00:00,24226.25,24275.24,24226.25,24261.76,3621
2026-03-04T19:00:00+00:00,24261.76,24277.75,24254.74,24257.74,3068
2026-03-04T19:30:00+00:00,24257.74,24294.26,24257.74,24278.24,3007
2026-03-04T20:00:00+00:00,24278.24,24281.26,24247.75,24265.75,3452
2026-03-04T20:30:00+00:00,24265.75,24284.25,24255.26,24262.5,3683
2026-03-05T00:30:00+00:00,24262.5,24315.68,24262.5,24312.68,1017
2026-03-05T01:00:00+00:00,24312.68,24314.17,24222.91,24222.93,3371
2026-03-05T01:30:00+00:00,24222.93,24233.18,24150.68,24180.68,4047
2026-03-05T02:00:00+00:00,24180.68,24192.67,24142.93,24154.92,3512
2026-03-05T02:30:00+00:00,24154.92,24206.67,24129.91,24173.92,3724
2026-03-05T03:00:00+00:00,24173.92,24187.67,24103.91,24106.68,3124
2026-03-05T03:30:00+00:00,24106.68,24106.68,24059.68,24070.93,3117
2026-03-05T04:00:00+00:00,24070.93,24107.68,24061.91,24098.93,2231
2026-03-05T04:30:00+00:00,24098.93,24155.92,24090.91,24147.91,1802
2026-03-05T05:00:00+00:00,24147.91,24158.67,24102.92,24107.92,2411
2026-03-05T05:30:00+00:00,24107.92,24109.92,24046.91,24051.67,1485
2026-03-05T06:00:00+00:00,24051.67,24056.67,23998.91,24026.17,2902
2026-03-05T06:30:00+00:00,24026.17,24115.68,24000.91,24113.91,2453
2026-03-05T07:00:00+00:00,24113.91,24196.68,24106.68,24165.66,3822
2026-03-05T07:30:00+00:00,24165.66,24165.66,24095.17,24133.66,4162
2026-03-05T08:00:00+00:00,24133.66,24163.03,24038.51,24047.03,21406
2026-03-05T08:30:00+00:00,24047.03,24170.52,24026.52,24170.01,14730
2026-03-05T09:00:00+00:00,24170.01,24365.52,24166.51,24261.02,18610
2026-03-05T09:30:00+00:00,24261.02,24280.03,24192.03,24271.02,10817
2026-03-05T10:00:00+00:00,24271.02,24298.52,24249.03,24296.51,7556
2026-03-05T10:30:00+00:00,24296.51,24304.52,24236.02,24262.03,7178
2026-03-05T11:00:00+00:00,24262.03,24322.02,24239.51,24292.03,5967
2026-03-05T11:30:00+00:00,24292.03,24298.52,24220.01,24231.03,6667
2026-03-05T12:00:00+00:00,24231.03,24262.53,24184.52,24246.52,7089
2026-03-05T12:30:00+00:00,24246.52,24257.02,24152.51,24162.01,6941
2026-03-05T13:00:00+00:00,24162.01,24172.02,24131.92,24131.92,7398
2026-03-05T13:30:00+00:00,24131.92,24141.02,23991.01,24007.02,7978
2026-03-05T14:00:00+00:00,24007.02,24015.53,23945.02,23973.51,9605
2026-03-05T14:30:00+00:00,23973.51,24077.53,23972.01,24075.53,18554
2026-03-05T15:00:00+00:00,24075.53,24105.51,23921.53,23935.03,16039
2026-03-05T15:30:00+00:00,23935.03,23953.03,23879.53,23929.01,16316
2026-03-05T16:00:00+00:00,23929.01,23939.52,23743.51,23767.02,17929
2026-03-05T16:30:00+00:00,23767.02,23891.53,23764.53,23888.52,16514
2026-03-05T17:00:00+00:00,23888.52,23936.68,23794.16,23794.17,11722
2026-03-05T17:30:00+00:00,23794.17,23809.18,23678.67,23688.16,10485
2026-03-05T18:00:00+00:00,23688.16,23761.68,23669.66,23699.18,8979
2026-03-05T18:30:00+00:00,23699.18,23776.16,23688.66,23731.67,7927
2026-03-05T19:00:00+00:00,23731.67,23763.16,23716.67,23731.67,6530
2026-03-05T19:30:00+00:00,23731.67,23753.18,23691.66,23729.68,6742
2026-03-05T20:00:00+00:00,23729.68,23867.17,23704.67,23835.18,8310
2026-03-05T20:30:00+00:00,23835.18,23851.68,23801.17,23843.93,6702
2026-03-06T00:30:00+00:00,23843.93,23881.78,23843.93,23875.55,1553
2026-03-06T01:00:00+00:00,23875.55,23901.8,23839.54,23858.54,2386
2026-03-06T01:30:00+00:00,23858.54,23913.28,23854.53,23889.53,3863
2026-03-06T02:00:00+00:00,23889.53,23971.8,23889.53,23959.53,3064
2026-03-06T02:30:00+00:00,23959.53,23969.28,23912.55,23912.55,2160
2026-03-06T03:00:00+00:00,23912.55,23954.29,23912.55,23934.55,1672
2026-03-06T03:30:00+00:00,23934.55,23964.8,23913.53,23960.54,2457
2026-03-06T04:00:00+00:00,23960.54,23965.28,23924.53,23926.53,1278
2026-03-06T04:30:00+00:00,23926.53,23960.55,23922.55,23940.54,1275
2026-03-06T05:00:00+00:00,23940.54,23981.29,23935.55,23964.54,1647
2026-03-06T05:30:00+00:00,23964.54,23992.3,23947.55,23953.54,2238
2026-03-06T06:00:00+00:00,23953.54,23986.29,23951.54,23968.53,1569.9911705348134
2026-03-06T06:30:00+00:00,23968.53,23977.8,23948.28,23955.29,1326
2026-03-06T07:00:00+00:00,23955.29,23964.8,23898.28,23941.3,3020
2026-03-06T07:30:00+00:00,23941.3,23947.78,23900.79,23935.29,3531
2026-03-06T08:00:00+00:00,23935.29,24007.63,23900.65,23914.65,19426
2026-03-06T08:30:00+00:00,23914.65,24025.14,23914.64,23977.13,11765
2026-03-06T09:00:00+00:00,23977.13,23987.65,23796.13,23806.13,17642
2026-03-06T09:30:00+00:00,23806.13,23841.15,23729.13,23777.15,17553
2026-03-06T10:00:00+00:00,23777.15,23876.64,23775.13,23844.13,12180
2026-03-06T10:30:00+00:00,23844.13,23847.64,23770.65,23783.15,11206
2026-03-06T11:00:00+00:00,23783.15,23794.15,23704.14,23738.63,11694
2026-03-06T11:30:00+00:00,23738.63,23745.15,23535.63,23556.14,14243
2026-03-06T12:00:00+00:00,23556.14,23653.14,23527.65,23627.64,13217
2026-03-06T12:30:00+00:00,23627.64,23631.14,23552.63,23602.15,11234
2026-03-06T13:00:00+00:00,23602.15,23684.14,23597.65,23665.53,8993
2026-03-06T13:30:00+00:00,23665.53,23665.55,23380.64,23404.63,16778
2026-03-06T14:00:00+00:00,23404.63,23446.15,23364.13,23421.63,14910
2026-03-06T14:30:00+00:00,23421.63,23490.64,23332.63,23439.63,24986
2026-03-06T15:00:00+00:00,23439.63,23606.65,23438.65,23581.65,21128
2026-03-06T15:30:00+00:00,23581.65,23615.65,23468.63,23542.63,14992
2026-03-06T16:00:00+00:00,23542.63,23590.63,23504.64,23540.65,15158
2026-03-06T16:30:00+00:00,23540.65,23649.14,23518.14,23615.64,14777
2026-03-06T17:00:00+00:00,23615.64,23632.3,23563.78,23580.78,10383
2026-03-06T17:30:00+00:00,23580.78,23604.3,23537.28,23564.79,8871
2026-03-06T18:00:00+00:00,23564.79,23673.79,23562.79,23628.54,7076
2026-03-06T18:30:00+00:00,23628.54,23664.3,23606.78,23619.28,5245
2026-03-06T19:00:00+00:00,23619.28,23657.8,23602.79,23648.29,5569
2026-03-06T19:30:00+00:00,23648.29,23666.3,23630.55,23649.8,5246
2026-03-06T20:00:00+00:00,23649.8,23693.29,23608.78,23629.28,5454
2026-03-06T20:30:00+00:00,23629.28,23653.29,23604.3,23640.29,7413
2026-03-09T00:30:00+00:00,23640.29,23640.29,22895.01,22932.01,1027.7096020882284
2026-03-09T01:00:00+00:00,22932.01,22955.02,22824.02,22826.03,3787
2026-03-09T01:30:00+00:00,22826.03,22889.03,22741.01,22763.02,2587
2026-03-09T02:00:00+00:00,22763.02,22813.27,22695.52,22720.52,3491.970393591832
2026-03-09T02:30:00+00:00,22720.52,22811.53,22678.53,22745.53,3736
2026-03-09T03:00:00+00:00,22745.53,22781.52,22700.51,22717.53,2188
2026-03-09T03:30:00+00:00,22717.53,22749.76,22686.51,22714.53,1584.1939594956646
2026-03-09T04:00:00+00:00,22714.53,22774.52,22711.51,22755.53,1420.7849700579804
2026-03-09T04:30:00+00:00,22755.53,22761.51,22713.51,22721.53,940.1981942624145
2026-03-09T05:00:00+00:00,22721.53,22930.53,22699.51,22928.53,2118
2026-03-09T05:30:00+00:00,22928.53,22952.27,22830.53,22942.53,2996
2026-03-09T06:00:00+00:00,22942.53,23043.27,22934.51,22972.77,3398
2026-03-09T06:30:00+00:00,22972.77,22988.28,22876.53,22887.52,3564
2026-03-09T07:00:00+00:00,22887.52,23050.77,22831.26,23028.77,7942
2026-03-09T07:30:00+00:00,23028.77,23042.76,22940.27,22948.28,8706
2026-03-09T08:00:00+00:00,22948.28,23077.63,22897.61,22945.11,27291
2026-03-09T08:30:00+00:00,22945.11,23042.13,22911.13,23013.62,21421
2026-03-09T09:00:00+00:00,23013.62,23128.63,22933.12,23123.11,17288
2026-03-09T09:30:00+00:00,23123.11,23263.13,23083.13,23203.11,21922
2026-03-09T10:00:00+00:00,23203.11,23232.13,23138.11,23148.62,15134
2026-03-09T10:30:00+00:00,23148.62,23196.13,23111.53,23181.12,12753
2026-03-09T11:00:00+00:00,23181.12,23217.12,23149.63,23153.12,11549
2026-03-09T11:30:00+00:00,23153.12,23221.13,23129.13,23186.11,10525
2026-03-09T12:00:00+00:00,23186.11,23274.13,23185.11,23268.63,9535
2026-03-09T12:30:00+00:00,23268.63,23291.13,23151.63,23190.13,9608
2026-03-09T13:00:00+00:00,23190.13,23310.12,23189.13,23291.62,12331
2026-03-09T13:30:00+00:00,23291.62,23329.13,23142.63,23215.12,26226
2026-03-09T14:00:00+00:00,23215.12,23249.63,23097.11,23207.11,26031
2026-03-09T14:30:00+00:00,23207.11,23329.12,23204.13,23301.13,18268
2026-03-09T15:00:00+00:00,23301.13,23435.13,23298.62,23430.13,12232
2026-03-09T15:30:00+00:00,23430.13,23447.63,23353.62,23392.61,11410
2026-03-09T16:00:00+00:00,23392.61,23433.61,23321.61,23374.12,10867
2026-03-09T16:30:00+00:00,23374.12,23444.62,23343.63,23430.12,8908
2026-03-09T17:00:00+00:00,23430.12,23433.26,23317.77,23326.28,7111
2026-03-09T17:30:00+00:00,23326.28,23347.77,23283.28,23327.78,6780
2026-03-09T18:00:00+00:00,23327.78,23423.27,23325.76,23368.27,6287
2026-03-09T18:30:00+00:00,23368.27,23397.27,23336.27,23340.78,4406
2026-03-09T19:00:00+00:00,23340.78,23688.27,23339.78,23683.27,7946
2026-03-09T19:30:00+00:00,23683.27,23920.51,23623.77,23759.27,10918
2026-03-09T20:00:00+00:00,23759.27,23786.78,23681.78,23728.77,4165
2026-03-09T20:30:00+00:00,23728.77,23787.76,23702.53,23776.03,3164
2026-03-10T00:30:00+00:00,23776.03,23776.03,23665.89,23683.89,1362.6216583597643
2026-03-10T01:00:00+00:00,23683.89,23726.66,23674.89,23703.91,3803
2026-03-10T01:30:00+00:00,23703.91,23716.91,23652.89,23709.89,4162
2026-03-10T02:00:00+00:00,23709.89,23721.89,23677.9,23679.89,2793
2026-03-10T02:30:00+00:00,23679.89,23681.91,23565.89,23575.91,3153
2026-03-10T03:00:00+00:00,23575.91,23610.66,23564.89,23577.65,2625
2026-03-10T03:30:00+00:00,23577.65,23578.66,23497.89,23502.89,3269
2026-03-10T04:00:00+00:00,23502.89,23548.65,23491.89,23527.91,2519
2026-03-10T04:30:00+00:00,23527.91,23564.9,23507.9,23540.89,2742
2026-03-10T05:00:00+00:00,23540.89,23620.91,23536.9,23594.91,3317
2026-03-10T05:30:00+00:00,23594.91,23649.65,23585.9,23639.66,1387
2026-03-10T06:00:00+00:00,23639.66,23672.66,23636.91,23670.66,1979
2026-03-10T06:30:00+00:00,23670.66,23691.15,23643.64,23662.91,2053
2026-03-10T07:00:00+00:00,23662.91,23795.66,23614.64,23792.16,5135
2026-03-10T07:30:00+00:00,23792.16,23851.14,23748.66,23851.14,7199
2026-03-10T08:00:00+00:00,23851.14,23928.51,23814.99,23911.01,19896
2026-03-10T08:30:00+00:00,23911.01,23974.51,23870.99,23872.49,13414
2026-03-10T09:00:00+00:00,23872.49,23991.01,23860,23986,10315
2026-03-10T09:30:00+00:00,23986,24024,23924.01,23932,8823
2026-03-10T10:00:00+00:00,23932,23969.99,23876.99,23956.99,9662
2026-03-10T10:30:00+00:00,23956.99,23982.5,23909.5,23978.99,10165
2026-03-10T11:00:00+00:00,23978.99,24045,23917.49,23937.01,10831
2026-03-10T11:30:00+00:00,23937.01,23943.51,23867.49,23885.01,8562
2026-03-10T12:00:00+00:00,23885.01,23885.5,23772.99,23800.51,10680
2026-03-10T12:30:00+00:00,23800.51,23907,23772.51,23893.49,7925
2026-03-10T13:00:00+00:00,23893.49,23937.5,23888.51,23932.99,7252
2026-03-10T13:30:00+00:00,23932.99,23949.51,23793.49,23809.5,23396
2026-03-10T14:00:00+00:00,23809.5,23889.51,23743.99,23874.01,17834
2026-03-10T14:30:00+00:00,23874.01,24032.51,23872.5,24017.01,11124
2026-03-10T15:00:00+00:00,24017.01,24044.01,23977.49,24010,9366
2026-03-10T15:30:00+00:00,24010,24018.01,23940,23948,7810
2026-03-10T16:00:00+00:00,23948,23948,23873.99,23907.49,9574
2026-03-10T16:30:00+00:00,23907.49,24008.5,23907.49,24007.5,8976
2026-03-10T17:00:00+00:00,24007.5,24085.16,24001.16,24072.65,7400
2026-03-10T17:30:00+00:00,24072.65,24072.65,23958.15,24007.64,8748
2026-03-10T18:00:00+00:00,24007.64,24014.16,23722.89,23850.15,12150
2026-03-10T18:30:00+00:00,23850.15,23870.15,23784.16,23795.65,10786
2026-03-10T19:00:00+00:00,23795.65,23854.65,23770.15,23781.15,7709
2026-03-10T19:30:00+00:00,23781.15,23833.64,23736.64,23769.15,7406
2026-03-10T20:00:00+00:00,23769.15,23790.15,23751.16,23785.66,2075
2026-03-10T20:30:00+00:00,23785.66,23793.65,23765.66,23789.91,1502
2026-03-11T00:30:00+00:00,23789.91,23893.1,23789.91,23872.12,1116
2026-03-11T01:00:00+00:00,23872.12,23920.6,23863.85,23909.11,2278
2026-03-11T01:30:00+00:00,23909.11,23933.6,23907.61,23911.62,1718
2026-03-11T02:00:00+00:00,23911.62,23935.1,23910.86,23930.12,982
2026-03-11T02:30:00+00:00,23930.12,23937.12,23910.86,23921.86,915
2026-03-11T03:00:00+00:00,23921.86,23945.11,23918.86,23932.87,856.6847195357834
2026-03-11T03:30:00+00:00,23932.87,23970.6,23932.85,23963.87,931
2026-03-11T04:00:00+00:00,23963.87,23963.87,23936.12,23943.61,691.5408667032364
2026-03-11T04:30:00+00:00,23943.61,23945.12,23934.85,23938.61,794
2026-03-11T05:00:00+00:00,23938.61,23941.12,23907.87,23911.11,1479
2026-03-11T05:30:00+00:00,23911.11,23913.11,23828.86,23828.86,1397
2026-03-11T06:00:00+00:00,23828.86,23832.11,23797.61,23812.61,1658
2026-03-11T06:30:00+00:00,23812.61,23847.12,23810.6,23828.61,1420
2026-03-11T07:00:00+00:00,23828.61,23861.61,23790.1,23793.12,3356
2026-03-11T07:30:00+00:00,23793.12,23807.6,23695.12,23698.1,5383
2026-03-11T08:00:00+00:00,23698.1,23702.96,23628.95,23633.440000000002,14490
2026-03-11T08:30:00+00:00,23633.440000000002,23657.960000000003,23530.940000000002,23564.460000000003,13086
2026-03-11T09:00:00+00:00,23564.460000000003,23576.960000000003,23501.460000000003,23523.440000000002,10562
2026-03-11T09:30:00+00:00,23523.440000000002,23569.960000000003,23512.440000000002,23515.440000000002,8655
2026-03-11T10:00:00+00:00,23515.440000000002,23626.460000000003,23506.940000000002,23620.460000000003,8213
2026-03-11T10:30:00+00:00,23620.460000000003,23767.960000000003,23617.440000000002,23759.95,7576
2026-03-11T11:00:00+00:00,23759.95,23777.460000000003,23614.940000000002,23632.960000000003,7362
2026-03-11T11:30:00+00:00,23632.960000000003,23651.960000000003,23555.940000000002,23601.45,9175
2026-03-11T12:00:00+00:00,23601.45,23640.460000000003,23557.940000000002,23624.84,7370
2026-03-11T12:30:00+00:00,23624.84,23662.960000000003,23489.440000000002,23539.95,9468
2026-03-11T13:00:00+00:00,23539.95,23624.460000000003,23537.440000000002,23621.960000000003,8071
2026-03-11T13:30:00+00:00,23621.960000000003,23680.95,23601.95,23667.45,14695
2026-03-11T14:00:00+00:00,23667.45,23786.850000000002,23552.940000000002,23585.440000000002,15978
2026-03-11T14:30:00+00:00,23585.440000000002,23703.460000000003,23567.940000000002,23697.45,10423
2026-03-11T15:00:00+00:00,23697.45,23703.960000000003,23575.440000000002,23575.940000000002,9294
2026-03-11T15:30:00+00:00,23575.940000000002,23601.460000000003,23525.45,23562.45,8470
2026-03-11T16:00:00+00:00,23562.45,23573.960000000003,23519.940000000002,23549.940000000002,8046
2026-03-11T16:30:00+00:00,23549.940000000002,23651.95,23549.940000000002,23646.440000000002,6501
2026-03-11T17:00:00+00:00,23646.440000000002,23663.100000000002,23623.61,23652.61,3956
2026-03-11T17:30:00+00:00,23652.61,23658.61,23554.59,23614.61,7730
2026-03-11T18:00:00+00:00,23614.61,23644.11,23576.86,23634.59,4710
2026-03-11T18:30:00+00:00,23634.59,23653.600000000002,23622.09,23640.11,3641
2026-03-11T19:00:00+00:00,23640.11,23643.61,23611.600000000002,23624.61,3247
2026-03-11T19:30:00+00:00,23624.61,23670.100000000002,23617.61,23661.09,2650
2026-03-11T20:00:00+00:00,23661.09,23664.600000000002,23622.100000000002,23626.100000000002,1077
2026-03-11T20:30:00+00:00,23626.100000000002,23626.100000000002,23586.59,23586.850000000002,827
2026-03-12T00:30:00+00:00,23586.850000000002,23586.850000000002,23343.29,23377.300000000003,1190
2026-03-12T01:00:00+00:00,23377.300000000003,23404.31,23370.29,23404.31,3570
2026-03-12T01:30:00+00:00,23404.31,23453.050000000003,23357.300000000003,23381.300000000003,2526
2026-03-12T02:00:00+00:00,23381.300000000003,23387.04,23312.56,23316.29,2473
2026-03-12T02:30:00+00:00,23316.29,23320.06,23244.300000000003,23251.29,2489
2026-03-12T03:00:00+00:00,23251.29,23272.31,23222.300000000003,23227.29,1967
2026-03-12T03:30:00+00:00,23227.29,23246.06,23205.31,23245.550000000003,1920
2026-03-12T04:00:00+00:00,23245.550000000003,23283.050000000003,23234.300000000003,23275.29,1014
2026-03-12T04:30:00+00:00,23275.29,23276.31,23247.29,23259.050000000003,887
2026-03-12T05:00:00+00:00,23259.050000000003,23322.06,23255.29,23302.300000000003,2229
2026-03-12T05:30:00+00:00,23302.300000000003,23324.04,23283.300000000003,23315.550000000003,1447
2026-03-12T06:00:00+00:00,23315.550000000003,23342.06,23295.29,23340.050000000003,1500
2026-03-12T06:30:00+00:00,23340.050000000003,23370.04,23335.29,23353.550000000003,949
2026-03-12T07:00:00+00:00,23353.550000000003,23424.54,23344.550000000003,23418.050000000003,3240
2026-03-12T07:30:00+00:00,23418.050000000003,23454.550000000003,23383.550000000003,23445.54,4497
2026-03-12T08:00:00+00:00,23445.54,23530.41,23442.41,23461.9,14831
2026-03-12T08:30:00+00:00,23461.9,23575.91,23450.41,23560.9,10882
2026-03-12T09:00:00+00:00,23560.9,23566.4,23437.4,23522.390000000003,10126
2026-03-12T09:30:00+00:00,23522.390000000003,23597.41,23519.9,23589.41,8660
2026-03-12T10:00:00+00:00,23589.41,23594.91,23522.4,23543.390000000003,7095
2026-03-12T10:30:00+00:00,23543.390000000003,23622.41,23543.390000000003,23574.41,8030
2026-03-12T11:00:00+00:00,23574.41,23618.9,23539.4,23611.9,6845
2026-03-12T11:30:00+00:00,23611.9,23661.4,23574.4,23575.390000000003,6157
2026-03-12T12:00:00+00:00,23575.390000000003,23582.41,23488.4,23516.31,8410
2026-03-12T12:30:00+00:00,23516.31,23556.9,23493.300000000003,23556.390000000003,7330
2026-03-12T13:00:00+00:00,23556.390000000003,23590.41,23412.9,23511.41,12039
2026-03-12T13:30:00+00:00,23511.41,23556.9,23417.41,23456.41,19825
2026-03-12T14:00:00+00:00,23456.41,23527.41,23357.41,23357.41,16113
2026-03-12T14:30:00+00:00,23357.41,23519.890000000003,23348.390000000003,23467.4,16413
2026-03-12T15:00:00+00:00,23467.4,23472.9,23322.41,23415.41,12241
2026-03-12T15:30:00+00:00,23415.41,23511.890000000003,23366.91,23498.390000000003,14594
2026-03-12T16:00:00+00:00,23498.390000000003,23585.4,23444.9,23530.91,12563
2026-03-12T16:30:00+00:00,23530.91,23586.41,23491.91,23525.890000000003,10704
2026-03-12T17:00:00+00:00,23525.890000000003,23577.06,23515.04,23558.04,7985
2026-03-12T17:30:00+00:00,23558.04,23594.56,23522.550000000003,23542.54,7588
2026-03-12T18:00:00+00:00,23542.54,23568.04,23520.06,23542.56,4817
2026-03-12T18:30:00+00:00,23542.56,23557.04,23519.550000000003,23522.56,4090
2026-03-12T19:00:00+00:00,23522.56,23551.56,23506.050000000003,23531.56,3853
2026-03-12T19:30:00+00:00,23531.56,23550.06,23483.06,23492.54,4035
2026-03-12T20:00:00+00:00,23492.54,23508.04,23470.54,23477.54,1371
2026-03-12T20:30:00+00:00,23477.54,23488.06,23465.550000000003,23470.29,797
2026-03-13T00:30:00+00:00,23470.29,23567.320000000003,23470.29,23557.58,1060
2026-03-13T01:00:00+00:00,23557.58,23628.34,23556.58,23614.59,2107
2026-03-13T01:30:00+00:00,23614.59,23624.83,23572.570000000003,23583.33,1612
2026-03-13T02:00:00+00:00,23583.33,23607.84,23565.570000000003,23570.570000000003,1944
2026-03-13T02:30:00+00:00,23570.570000000003,23584.59,23562.570000000003,23565.58,1575
2026-03-13T03:00:00+00:00,23565.58,23573.59,23549.59,23560.59,1148
2026-03-13T03:30:00+00:00,23560.59,23588.34,23544.570000000003,23586.320000000003,1344
2026-03-13T04:00:00+00:00,23586.320000000003,23595.570000000003,23552.58,23561.570000000003,1448
2026-03-13T04:30:00+00:00,23561.570000000003,23565.59,23545.570000000003,23558.58,1099
2026-03-13T05:00:00+00:00,23558.58,23566.34,23535.570000000003,23550.59,2002
2026-03-13T05:30:00+00:00,23550.59,23574.320000000003,23550.59,23566.59,1313
2026-03-13T06:00:00+00:00,23566.59,23568.34,23528.570000000003,23530.570000000003,1414
2026-03-13T06:30:00+00:00,23530.570000000003,23533.34,23449.33,23458.320000000003,2079
2026-03-13T07:00:00+00:00,23458.320000000003,23466.34,23342.820000000003,23394.33,4340
2026-03-13T07:30:00+00:00,23394.33,23430.83,23342.33,23362.84,4292
2026-03-13T08:00:00+00:00,23362.84,23374.690000000002,23243.190000000002,23273.670000000002,14872
2026-03-13T08:30:00+00:00,23273.670000000002,23379.690000000002,23272.190000000002,23367.690000000002,11313
2026-03-13T09:00:00+00:00,23367.690000000002,23418.68,23322.190000000002,23389.68,9632
2026-03-13T09:30:00+00:00,23389.68,23395.170000000002,23339.690000000002,23381.18,7132
2026-03-13T10:00:00+00:00,23381.18,23484.170000000002,23365.68,23461.190000000002,6406
2026-03-13T10:30:00+00:00,23461.190000000002,23518.670000000002,23421.190000000002,23513.68,7519
2026-03-13T11:00:00+00:00,23513.68,23550.690000000002,23488.670000000002,23518.690000000002,8279
2026-03-13T11:30:00+00:00,23518.690000000002,23564.690000000002,23505.170000000002,23563.68,5808
2026-03-13T12:00:00+00:00,23563.68,23580.190000000002,23538.670000000002,23556.170000000002,5390
2026-03-13T12:30:00+00:00,23556.170000000002,23663.68,23548.670000000002,23605.670000000002,10360
2026-03-13T13:00:00+00:00,23605.670000000002,23632.670000000002,23577.690000000002,23631.690000000002,7906
2026-03-13T13:30:00+00:00,23631.690000000002,23723.18,23625.670000000002,23634.690000000002,14364
2026-03-13T14:00:00+00:00,23634.690000000002,23654.670000000002,23552.68,23585.690000000002,13697
2026-03-13T14:30:00+00:00,23585.690000000002,23627.18,23449.170000000002,23452.690000000002,14958
2026-03-13T15:00:00+00:00,23452.690000000002,23516.670000000002,23427.170000000002,23444.190000000002,14708
2026-03-13T15:30:00+00:00,23444.190000000002,23461.68,23368.170000000002,23373.190000000002,13245
2026-03-13T16:00:00+00:00,23373.190000000002,23400.68,23338.68,23393.170000000002,13180
2026-03-13T16:30:00+00:00,23393.170000000002,23424.690000000002,23365.670000000002,23374.690000000002,11656
2026-03-13T17:00:00+00:00,23374.690000000002,23414.84,23357.33,23379.83,7394
2026-03-13T17:30:00+00:00,23379.83,23388.34,23332.34,23341.320000000003,7608
2026-03-13T18:00:00+00:00,23341.320000000003,23358.84,23325.33,23356.34,4675
2026-03-13T18:30:00+00:00,23356.34,23401.84,23349.820000000003,23390.33,4163
2026-03-13T19:00:00+00:00,23390.33,23390.33,23332.320000000003,23338.83,3732
2026-03-13T19:30:00+00:00,23338.83,23356.34,23313.83,23352.34,3599
2026-03-13T20:00:00+00:00,23352.34,23359.320000000003,23331.33,23334.320000000003,1260
2026-03-13T20:30:00+00:00,23334.320000000003,23340.33,23295.320000000003,23298.33,759
2026-03-16T00:30:00+00:00,23298.33,23510.7,23298.33,23503.7,876
2026-03-16T01:00:00+00:00,23503.7,23521.2,23448.710000000003,23448.710000000003,2169
2026-03-16T01:30:00+00:00,23448.710000000003,23462.210000000003,23413.440000000002,23456.190000000002,2363
2026-03-16T02:00:00+00:00,23456.190000000002,23457.710000000003,23407.440000000002,23414.45,1758
2026-03-16T02:30:00+00:00,23414.45,23420.460000000003,23402.440000000002,23415.440000000002,1175
2026-03-16T03:00:00+00:00,23415.440000000002,23439.210000000003,23407.440000000002,23438.460000000003,893
2026-03-16T03:30:00+00:00,23438.460000000003,23499.2,23438.460000000003,23496.210000000003,1162
2026-03-16T04:00:00+00:00,23496.210000000003,23496.210000000003,23474.45,23478.460000000003,749
2026-03-16T04:30:00+00:00,23478.460000000003,23478.460000000003,23436.7,23437.210000000003,665.0151858567543
2026-03-16T05:00:00+00:00,23437.210000000003,23464.210000000003,23428.7,23443.710000000003,1262
2026-03-16T05:30:00+00:00,23443.710000000003,23498.690000000002,23425.460000000003,23490.210000000003,1176
2026-03-16T06:00:00+00:00,23490.210000000003,23506.7,23475.690000000002,23479.710000000003,1216
2026-03-16T06:30:00+00:00,23479.710000000003,23527.7,23479.690000000002,23521.7,1004
2026-03-16T07:00:00+00:00,23521.7,23523.210000000003,23452.190000000002,23457.190000000002,3194
2026-03-16T07:30:00+00:00,23457.190000000002,23462.210000000003,23411.190000000002,23417.190000000002,4016
2026-03-16T08:00:00+00:00,23417.190000000002,23468.06,23372.06,23398.550000000003,15017
2026-03-16T08:30:00+00:00,23398.550000000003,23423.56,23351.550000000003,23392.56,10816
2026-03-16T09:00:00+00:00,23392.56,23419.56,23325.04,23351.56,10655
2026-03-16T09:30:00+00:00,23351.56,23362.06,23292.56,23303.06,9547
2026-03-16T10:00:00+00:00,23303.06,23412.050000000003,23295.050000000003,23396.550000000003,9111
2026-03-16T10:30:00+00:00,23396.550000000003,23459.56,23385.550000000003,23459.050000000003,7202
2026-03-16T11:00:00+00:00,23459.050000000003,23482.06,23446.54,23454.06,6188
2026-03-16T11:30:00+00:00,23454.06,23503.050000000003,23432.06,23500.050000000003,5640
2026-03-16T12:00:00+00:00,23500.050000000003,23555.050000000003,23496.54,23526.45,5118
2026-03-16T12:30:00+00:00,23526.45,23583.56,23526.45,23535.04,5967
2026-03-16T13:00:00+00:00,23535.04,23577.54,23535.04,23565.56,6349
2026-03-16T13:30:00+00:00,23565.56,23640.54,23551.54,23638.56,8854
2026-03-16T14:00:00+00:00,23638.56,23663.54,23592.54,23592.56,9521
2026-03-16T14:30:00+00:00,23592.56,23614.550000000003,23526.54,23613.550000000003,9946
2026-03-16T15:00:00+00:00,23613.550000000003,23634.06,23582.550000000003,23629.04,8578
2026-03-16T15:30:00+00:00,23629.04,23656.050000000003,23577.04,23577.050000000003,6777
2026-03-16T16:00:00+00:00,23577.050000000003,23600.06,23523.04,23525.050000000003,8913
2026-03-16T16:30:00+00:00,23525.050000000003,23579.550000000003,23520.54,23533.050000000003,7928
2026-03-16T17:00:00+00:00,23533.050000000003,23581.7,23532.190000000002,23568.690000000002,6011
2026-03-16T17:30:00+00:00,23568.690000000002,23584.210000000003,23520.690000000002,23543.2,4630
2026-03-16T18:00:00+00:00,23543.2,23594.2,23541.7,23583.190000000002,3849
2026-03-16T18:30:00+00:00,23583.190000000002,23591.210000000003,23570.7,23583.210000000003,2438
2026-03-16T19:00:00+00:00,23583.210000000003,23633.2,23569.190000000002,23582.710000000003,4907
2026-03-16T19:30:00+00:00,23582.710000000003,23605.7,23556.190000000002,23599.190000000002,3800
2026-03-16T20:00:00+00:00,23599.190000000002,23603.210000000003,23573.190000000002,23574.190000000002,1098
2026-03-16T20:30:00+00:00,23574.190000000002,23587.210000000003,23570.2,23576.440000000002,921
2026-03-17T00:30:00+00:00,23576.440000000002,23576.440000000002,23487.670000000002,23501.940000000002,796
2026-03-17T01:00:00+00:00,23501.940000000002,23527.93,23498.440000000002,23527.93,1112
2026-03-17T01:30:00+00:00,23527.93,23550.920000000002,23502.690000000002,23533.940000000002,1109
2026-03-17T02:00:00+00:00,23533.940000000002,23536.93,23519.920000000002,23528.440000000002,736
2026-03-17T02:30:00+00:00,23528.440000000002,23539.940000000002,23509.68,23511.420000000002,827
2026-03-17T03:00:00+00:00,23511.420000000002,23537.43,23499.690000000002,23526.420000000002,736
2026-03-17T03:30:00+00:00,23526.420000000002,23532.940000000002,23500.43,23504.940000000002,917
2026-03-17T04:00:00+00:00,23504.940000000002,23507.420000000002,23488.940000000002,23505.93,617
2026-03-17T04:30:00+00:00,23505.93,23530.920000000002,23504.68,23520.420000000002,480
2026-03-17T05:00:00+00:00,23520.420000000002,23522.420000000002,23506.420000000002,23512.440000000002,598
2026-03-17T05:30:00+00:00,23512.440000000002,23514.93,23401.920000000002,23402.920000000002,980
2026-03-17T06:00:00+00:00,23402.920000000002,23409.43,23370.420000000002,23402.420000000002,2564
2026-03-17T06:30:00+00:00,23402.420000000002,23424.420000000002,23385.940000000002,23414.420000000002,1509
2026-03-17T07:00:00+00:00,23414.420000000002,23495.440000000002,23397.440000000002,23465.420000000002,3321
2026-03-17T07:30:00+00:00,23465.420000000002,23495.43,23444.440000000002,23461.920000000002,2578
2026-03-17T08:00:00+00:00,23461.920000000002,23494.780000000002,23438.27,23441.27,12931
2026-03-17T08:30:00+00:00,23441.27,23511.79,23419.280000000002,23464.780000000002,9188
2026-03-17T09:00:00+00:00,23464.780000000002,23576.780000000002,23464.780000000002,23575.77,8379
2026-03-17T09:30:00+00:00,23575.77,23615.780000000002,23569.77,23598.29,7395
2026-03-17T10:00:00+00:00,23598.29,23598.79,23492.780000000002,23511.780000000002,7402
2026-03-17T10:30:00+00:00,23511.780000000002,23559.77,23509.77,23556.280000000002,8138
2026-03-17T11:00:00+00:00,23556.280000000002,23601.29,23554.77,23583.27,6396
2026-03-17T11:30:00+00:00,23583.27,23594.79,23553.280000000002,23557.280000000002,6009
2026-03-17T12:00:00+00:00,23557.280000000002,23651.79,23556.280000000002,23650.280000000002,5981
2026-03-17T12:30:00+00:00,23650.280000000002,23667.29,23613.27,23644.77,5855
2026-03-17T13:00:00+00:00,23644.77,23712.79,23641.77,23705.780000000002,5983
2026-03-17T13:30:00+00:00,23705.780000000002,23756.31,23702.79,23720.300000000003,9694
2026-03-17T14:00:00+00:00,23720.300000000003,23749.31,23685.800000000003,23697.81,9262
2026-03-17T14:30:00+00:00,23697.81,23782.31,23688.79,23779.31,7511
2026-03-17T15:00:00+00:00,23779.31,23787.800000000003,23707.79,23713.81,10051
2026-03-17T15:30:00+00:00,23713.81,23724.800000000003,23663.79,23705.79,9854
2026-03-17T16:00:00+00:00,23705.79,23707.81,23645.800000000003,23684.81,9978
2026-03-17T16:30:00+00:00,23684.81,23707.81,23661.31,23665.81,8474
2026-03-17T17:00:00+00:00,23665.81,23712.460000000003,23664.45,23691.45,4440
2026-03-17T17:30:00+00:00,23691.45,23702.45,23672.45,23691.440000000002,3847
2026-03-17T18:00:00+00:00,23691.440000000002,23698.460000000003,23638.940000000002,23638.940000000002,3017
2026-03-17T18:30:00+00:00,23638.940000000002,23667.95,23636.460000000003,23664.940000000002,2715
2026-03-17T19:00:00+00:00,23664.940000000002,23671.460000000003,23647.940000000002,23654.45,2272
2026-03-17T19:30:00+00:00,23654.45,23670.45,23641.940000000002,23664.95,2959
2026-03-17T20:00:00+00:00,23664.95,23676.45,23664.440000000002,23667.45,825
2026-03-17T20:30:00+00:00,23667.45,23673.95,23648.460000000003,23668.190000000002,866.5316718587746
2026-03-18T00:30:00+00:00,23668.190000000002,23706.210000000003,23662.68,23703.190000000002,655
2026-03-18T01:00:00+00:00,23703.190000000002,23733.710000000003,23703.190000000002,23722.210000000003,799
2026-03-18T01:30:00+00:00,23722.210000000003,23730.700000000004,23710.200000000004,23718.710000000003,603
2026-03-18T02:00:00+00:00,23718.710000000003,23742.210000000003,23712.690000000002,23740.190000000002,765
2026-03-18T02:30:00+00:00,23740.190000000002,23746.190000000002,23736.190000000002,23737.200000000004,589
2026-03-18T03:00:00+00:00,23737.200000000004,23753.700000000004,23737.190000000002,23749.210000000003,386
2026-03-18T03:30:00+00:00,23749.210000000003,23780.210000000003,23745.690000000002,23770.710000000003,623
2026-03-18T04:00:00+00:00,23770.710000000003,23793.710000000003,23770.710000000003,23782.200000000004,539
2026-03-18T04:30:00+00:00,23782.200000000004,23805.690000000002,23781.200000000004,23796.210000000003,414.2111157196184
2026-03-18T05:00:00+00:00,23796.210000000003,23814.190000000002,23789.690000000002,23809.200000000004,640
2026-03-18T05:30:00+00:00,23809.200000000004,23849.190000000002,23808.690000000002,23845.210000000003,604
2026-03-18T06:00:00+00:00,23845.210000000003,23876.190000000002,23839.700000000004,23869.690000000002,1046
2026-03-18T06:30:00+00:00,23869.690000000002,23879.200000000004,23849.710000000003,23873.690000000002,1354
2026-03-18T07:00:00+00:00,23873.690000000002,23890.710000000003,23828.200000000004,23845.200000000004,2289
2026-03-18T07:30:00+00:00,23845.200000000004,23849.710000000003,23784.200000000004,23804.190000000002,2940
2026-03-18T08:00:00+00:00,23804.190000000002,23852.060000000005,23763.540000000005,23787.550000000003,10822
2026-03-18T08:30:00+00:00,23787.550000000003,23839.060000000005,23773.040000000005,23836.060000000005,9491
2026-03-18T09:00:00+00:00,23836.060000000005,23863.550000000003,23814.060000000005,23858.060000000005,8124
2026-03-18T09:30:00+00:00,23858.060000000005,23900.050000000003,23848.040000000005,23867.540000000005,5104
2026-03-18T10:00:00+00:00,23867.540000000005,23917.560000000005,23866.550000000003,23889.050000000003,5348
2026-03-18T10:30:00+00:00,23889.050000000003,23906.060000000005,23854.560000000005,23857.060000000005,5497
2026-03-18T11:00:00+00:00,23857.060000000005,23911.560000000005,23799.560000000005,23802.040000000005,7331
2026-03-18T11:30:00+00:00,23802.040000000005,23848.060000000005,23793.050000000003,23804.560000000005,8859
2026-03-18T12:00:00+00:00,23804.560000000005,23813.040000000005,23655.050000000003,23703.950000000004,9835
2026-03-18T12:30:00+00:00,23703.950000000004,23704.560000000005,23553.540000000005,23567.060000000005,14986
2026-03-18T13:00:00+00:00,23567.060000000005,23618.550000000003,23514.060000000005,23593.560000000005,14489
2026-03-18T13:30:00+00:00,23593.560000000005,23630.040000000005,23536.040000000005,23562.060000000005,14932
2026-03-18T14:00:00+00:00,23562.060000000005,23609.050000000003,23480.040000000005,23497.060000000005,15041
2026-03-18T14:30:00+00:00,23497.060000000005,23523.050000000003,23408.040000000005,23469.060000000005,13344
2026-03-18T15:00:00+00:00,23469.060000000005,23536.560000000005,23452.050000000003,23492.560000000005,12153
2026-03-18T15:30:00+00:00,23492.560000000005,23510.050000000003,23440.540000000005,23467.560000000005,11180
2026-03-18T16:00:00+00:00,23467.560000000005,23505.060000000005,23440.550000000003,23486.040000000005,9593
2026-03-18T16:30:00+00:00,23486.040000000005,23494.050000000003,23447.050000000003,23462.550000000003,7964
2026-03-18T17:00:00+00:00,23462.550000000003,23475.210000000003,23428.690000000002,23455.210000000003,5830
2026-03-18T17:30:00+00:00,23455.210000000003,23498.210000000003,23442.690000000002,23478.940000000002,5091
2026-03-18T18:00:00+00:00,23478.940000000002,23507.210000000003,23422.700000000004,23441.190000000002,7058
2026-03-18T18:30:00+00:00,23441.190000000002,23453.690000000002,23344.700000000004,23346.210000000003,8819
2026-03-18T19:00:00+00:00,23346.210000000003,23365.710000000003,23274.200000000004,23290.710000000003,6763
2026-03-18T19:30:00+00:00,23290.710000000003,23296.200000000004,23196.700000000004,23215.700000000004,7115
2026-03-18T20:00:00+00:00,23215.700000000004,23225.190000000002,23085.200000000004,23103.710000000003,3346
2026-03-18T20:30:00+00:00,23103.710000000003,23132.710000000003,23076.710000000003,23104.950000000004,2421
2026-03-19T00:30:00+00:00,23104.950000000004,23116.240000000005,23044.240000000005,23089.510000000006,843
2026-03-19T01:00:00+00:00,23089.510000000006,23150.990000000005,23075.240000000005,23149.260000000006,743
2026-03-19T01:30:00+00:00,23149.260000000006,23170.990000000005,23137.250000000004,23138.260000000006,1127
2026-03-19T02:00:00+00:00,23138.260000000006,23214.250000000004,23114.240000000005,23207.240000000005,1120
2026-03-19T02:30:00+00:00,23207.240000000005,23228.260000000006,23188.240000000005,23193.260000000006,583
2026-03-19T03:00:00+00:00,23193.260000000006,23207.250000000004,23186.260000000006,23198.500000000004,449
2026-03-19T03:30:00+00:00,23198.500000000004,23215.000000000004,23181.240000000005,23182.240000000005,489.13201320132015
2026-03-19T04:00:00+00:00,23182.240000000005,23182.240000000005,23091.240000000005,23107.000000000004,658
2026-03-19T04:30:00+00:00,23107.000000000004,23108.260000000006,23053.250000000004,23080.250000000004,691
2026-03-19T05:00:00+00:00,23080.250000000004,23111.740000000005,23066.250000000004,23088.760000000006,141.1479862061534
2026-03-19T05:30:00+00:00,23088.760000000006,23088.760000000006,23027.740000000005,23030.740000000005,449
2026-03-19T06:00:00+00:00,23030.740000000005,23117.490000000005,23030.740000000005,23072.750000000004,749
2026-03-19T06:30:00+00:00,23072.750000000004,23115.500000000004,23040.760000000006,23065.750000000004,727
2026-03-19T07:00:00+00:00,23065.750000000004,23148.000000000004,23002.750000000004,23125.000000000004,4032
2026-03-19T07:30:00+00:00,23125.000000000004,23132.990000000005,23068.500000000004,23107.490000000005,5361
2026-03-19T08:00:00+00:00,23107.490000000005,23168.360000000004,22975.850000000006,23006.740000000005,16062
2026-03-19T08:30:00+00:00,23006.740000000005,23047.860000000004,22902.350000000006,22940.360000000004,19619
2026-03-19T09:00:00+00:00,22940.360000000004,23024.350000000006,22832.750000000004,22880.860000000004,19814
2026-03-19T09:30:00+00:00,22880.860000000004,23037.860000000004,22857.860000000004,23015.360000000004,18039
2026-03-19T10:00:00+00:00,23015.360000000004,23015.360000000004,22923.350000000006,22940.350000000006,12891
2026-03-19T10:30:00+00:00,22940.350000000006,22957.350000000006,22894.340000000004,22910.840000000004,11361
2026-03-19T11:00:00+00:00,22910.840000000004,22942.360000000004,22866.850000000006,22902.860000000004,10129
2026-03-19T11:30:00+00:00,22902.860000000004,22948.350000000006,22865.360000000004,22922.760000000006,8513
2026-03-19T12:00:00+00:00,22922.760000000006,22943.860000000004,22797.740000000005,22801.750000000004,10277
2026-03-19T12:30:00+00:00,22801.750000000004,22841.360000000004,22767.860000000004,22801.840000000004,13029
2026-03-19T13:00:00+00:00,22801.840000000004,22877.350000000006,22735.760000000006,22769.840000000004,14047
2026-03-19T13:30:00+00:00,22769.840000000004,22956.860000000004,22757.340000000004,22937.760000000006,23819
2026-03-19T14:00:00+00:00,22937.760000000006,22982.350000000006,22836.350000000006,22858.840000000004,15648
2026-03-19T14:30:00+00:00,22858.840000000004,22924.360000000004,22845.840000000004,22855.360000000004,16503
2026-03-19T15:00:00+00:00,22855.360000000004,22975.350000000006,22852.340000000004,22878.340000000004,13632
2026-03-19T15:30:00+00:00,22878.340000000004,22924.350000000006,22828.340000000004,22905.360000000004,12877
2026-03-19T16:00:00+00:00,22905.360000000004,22958.850000000006,22817.360000000004,22830.350000000006,14153
2026-03-19T16:30:00+00:00,22830.350000000006,22856.350000000006,22761.850000000006,22789.360000000004,11060
2026-03-19T17:00:00+00:00,22789.360000000004,22812.500000000004,22701.740000000005,22806.990000000005,5433
2026-03-19T17:30:00+00:00,22806.990000000005,22817.510000000006,22762.490000000005,22773.990000000005,5260
2026-03-19T18:00:00+00:00,22773.990000000005,22833.510000000006,22749.740000000005,22777.500000000004,2178
2026-03-19T18:30:00+00:00,22777.500000000004,22834.750000000004,22739.750000000004,22824.760000000006,1842
2026-03-19T19:00:00+00:00,22824.760000000006,23102.760000000006,22822.750000000004,22980.740000000005,4202
2026-03-19T19:30:00+00:00,22980.740000000005,23025.510000000006,22939.740000000005,22967.740000000005,1983
2026-03-19T20:00:00+00:00,22967.740000000005,23025.010000000006,22954.740000000005,22997.760000000006,669
2026-03-19T20:30:00+00:00,22997.760000000006,23021.500000000004,22950.740000000005,22958.260000000006,883
2026-03-20T00:30:00+00:00,22958.260000000006,23000.510000000006,22941.760000000006,22978.280000000002,666.8692076705834
2026-03-20T01:00:00+00:00,22978.280000000002,23013.510000000006,22965.260000000006,23010.280000000002,2102
2026-03-20T01:30:00+00:00,23010.280000000002,23052.280000000002,22999.260000000006,23017.530000000002,1410
2026-03-20T02:00:00+00:00,23017.530000000002,23018.280000000002,22996.260000000006,23002.270000000004,1545
2026-03-20T02:30:00+00:00,23002.270000000004,23018.020000000004,22992.260000000006,22992.280000000002,1597
2026-03-20T03:00:00+00:00,22992.280000000002,22994.280000000002,22968.270000000004,22975.260000000006,834.139689578714
2026-03-20T03:30:00+00:00,22975.260000000006,23001.030000000002,22965.020000000004,22972.260000000006,1131
2026-03-20T04:00:00+00:00,22972.260000000006,22988.030000000002,22960.260000000006,22966.530000000002,764
2026-03-20T04:30:00+00:00,22966.530000000002,22971.020000000004,22942.260000000006,22948.280000000002,896.2990954187336
2026-03-20T05:00:00+00:00,22948.280000000002,22962.030000000002,22917.270000000004,22960.030000000002,1408
2026-03-20T05:30:00+00:00,22960.030000000002,22979.030000000002,22945.260000000006,22963.280000000002,1322
2026-03-20T06:00:00+00:00,22963.280000000002,22984.010000000006,22930.030000000002,22940.530000000002,1216
2026-03-20T06:30:00+00:00,22940.530000000002,22959.020000000004,22905.520000000004,22920.020000000004,1271
2026-03-20T07:00:00+00:00,22920.020000000004,22983.030000000002,22866.020000000004,22976.520000000004,3689
2026-03-20T07:30:00+00:00,22976.520000000004,23039.530000000002,22972.020000000004,23033.520000000004,4037
2026-03-20T08:00:00+00:00,23033.520000000004,23141.360000000004,23011.380000000005,23046.380000000005,11703
2026-03-20T08:30:00+00:00,23046.380000000005,23100.370000000003,23008.370000000003,23017.870000000003,11073
2026-03-20T09:00:00+00:00,23017.870000000003,23028.870000000003,22907.860000000004,22917.860000000004,11821
2026-03-20T09:30:00+00:00,22917.860000000004,22958.870000000003,22800.860000000004,22842.360000000004,14348
2026-03-20T10:00:00+00:00,22842.360000000004,22849.860000000004,22657.370000000003,22710.860000000004,16891
2026-03-20T10:30:00+00:00,22710.860000000004,22784.380000000005,22672.860000000004,22701.360000000004,16166
2026-03-20T11:00:00+00:00,22701.360000000004,22865.380000000005,22694.860000000004,22803.380000000005,11307
2026-03-20T11:30:00+00:00,22803.380000000005,22880.360000000004,22781.370000000003,22869.380000000005,9914
2026-03-20T12:00:00+00:00,22869.380000000005,22885.880000000005,22813.870000000003,22864.370000000003,10909
2026-03-20T12:30:00+00:00,22864.370000000003,22896.360000000004,22806.880000000005,22869.370000000003,10838
2026-03-20T13:00:00+00:00,22869.370000000003,22881.370000000003,22781.860000000004,22792.380000000005,10644
2026-03-20T13:30:00+00:00,22792.380000000005,22803.370000000003,22642.880000000005,22651.370000000003,20181
2026-03-20T14:00:00+00:00,22651.370000000003,22655.880000000005,22475.860000000004,22477.360000000004,21696
2026-03-20T14:30:00+00:00,22477.360000000004,22531.380000000005,22360.860000000004,22399.880000000005,13038
2026-03-20T15:00:00+00:00,22399.880000000005,22486.380000000005,22341.870000000003,22354.380000000005,15149
2026-03-20T15:30:00+00:00,22354.380000000005,22430.370000000003,22350.860000000004,22395.870000000003,15414
2026-03-20T16:00:00+00:00,22395.870000000003,22451.380000000005,22344.360000000004,22353.880000000005,12129
2026-03-20T16:30:00+00:00,22353.880000000005,22363.380000000005,22245.370000000003,22290.870000000003,13086
2026-03-20T17:00:00+00:00,22290.870000000003,22323.520000000004,22261.520000000004,22282.510000000006,9591
2026-03-20T17:30:00+00:00,22282.510000000006,22297.030000000002,22219.530000000002,22267.520000000004,7552
2026-03-20T18:00:00+00:00,22267.520000000004,22278.510000000006,22119.020000000004,22157.520000000004,6825
2026-03-20T18:30:00+00:00,22157.520000000004,22169.520000000004,22117.020000000004,22137.030000000002,6954
2026-03-20T19:00:00+00:00,22137.030000000002,22163.520000000004,22111.010000000006,22120.020000000004,5472
2026-03-20T19:30:00+00:00,22120.020000000004,22168.020000000004,22050.510000000006,22144.510000000006,7926
2026-03-20T20:00:00+00:00,22144.510000000006,22191.510000000006,22137.510000000006,22156.010000000006,2339
2026-03-20T20:30:00+00:00,22156.010000000006,22190.530000000002,22145.520000000004,22172.010000000006,1896
2026-03-23T00:30:00+00:00,22172.010000000006,22172.010000000006,21942.020000000004,21963.530000000002,3654
2026-03-23T01:00:00+00:00,21963.530000000002,22130.020000000004,21946.510000000006,22109.020000000004,6418
2026-03-23T01:30:00+00:00,22109.020000000004,22176.530000000002,22091.510000000006,22134.280000000002,4397
2026-03-23T02:00:00+00:00,22134.280000000002,22153.280000000002,22094.260000000006,22115.260000000006,3527
2026-03-23T02:30:00+00:00,22115.260000000006,22120.020000000004,22048.280000000002,22062.260000000006,2567
2026-03-23T03:00:00+00:00,22062.260000000006,22077.280000000002,22025.280000000002,22028.520000000004,2373.2580274688594
2026-03-23T03:30:00+00:00,22028.520000000004,22038.030000000002,21981.260000000006,21989.260000000006,3583
2026-03-23T04:00:00+00:00,21989.260000000006,22015.280000000002,21969.020000000004,22008.280000000002,2291
2026-03-23T04:30:00+00:00,22008.280000000002,22032.530000000002,22003.260000000006,22032.270000000004,1589
2026-03-23T05:00:00+00:00,22032.270000000004,22073.010000000006,22021.260000000006,22028.270000000004,2832
2026-03-23T05:30:00+00:00,22028.270000000004,22050.520000000004,21970.010000000006,22011.520000000004,4092
2026-03-23T06:00:00+00:00,22011.520000000004,22018.530000000002,21956.520000000004,21972.020000000004,5295
2026-03-23T06:30:00+00:00,21972.020000000004,21976.510000000006,21874.510000000006,21898.510000000006,3823
2026-03-23T07:00:00+00:00,21898.510000000006,21980.030000000002,21872.020000000004,21887.030000000002,7851
2026-03-23T07:30:00+00:00,21887.030000000002,21924.030000000002,21837.530000000002,21856.510000000006,9190
2026-03-23T08:00:00+00:00,21856.510000000006,21973.880000000005,21847.870000000003,21878.870000000003,27547
2026-03-23T08:30:00+00:00,21878.870000000003,21968.360000000004,21851.860000000004,21934.380000000005,20790
2026-03-23T09:00:00+00:00,21934.380000000005,22008.380000000005,21876.360000000004,21968.870000000003,19248
2026-03-23T09:30:00+00:00,21968.870000000003,21975.370000000003,21851.870000000003,21891.880000000005,17102
2026-03-23T10:00:00+00:00,21891.880000000005,21941.880000000005,21835.870000000003,21842.870000000003,15117
2026-03-23T10:30:00+00:00,21842.870000000003,21933.380000000005,21829.360000000004,21886.370000000003,15230
2026-03-23T11:00:00+00:00,21886.370000000003,23241.76,21886.370000000003,22812.74,4336.753759498217
2026-03-23T11:30:00+00:00,22812.74,23013.35,22608.74,22647.74,25910
2026-03-23T12:00:00+00:00,22647.74,22817.86,22570.76,22791.74,24395
2026-03-23T12:30:00+00:00,22791.74,22941.84,22663.84,22886.74,23276
2026-03-23T13:00:00+00:00,22886.74,22942.84,22734.34,22749.36,18363
2026-03-23T13:30:00+00:00,22749.36,22888.74,22687.86,22857.36,16650
2026-03-23T14:00:00+00:00,22857.36,23010.86,22845.75,22921.84,14671
2026-03-23T14:30:00+00:00,22921.84,23008.34,22816.84,22974.86,15843
2026-03-23T15:00:00+00:00,22974.86,23095.85,22964.84,22986.34,13733
2026-03-23T15:30:00+00:00,22986.34,23001.36,22665.74,22679.86,13360
2026-03-23T16:00:00+00:00,22679.86,22740.85,22599.34,22601.86,15810
2026-03-23T16:30:00+00:00,22601.86,22742.86,22584.85,22697.34,13790
2026-03-23T17:00:00+00:00,22697.34,22788.01,22673.51,22779,9523
2026-03-23T17:30:00+00:00,22779,22870.51,22762.5,22817,7405
2026-03-23T18:00:00+00:00,22817,22820.5,22729.01,22790.99,6720
2026-03-23T18:30:00+00:00,22790.99,22901.01,22787.76,22852.49,5598
2026-03-23T19:00:00+00:00,22852.49,22852.49,22769.5,22793.5,4448
2026-03-23T19:30:00+00:00,22793.5,22829.51,22730.99,22754.99,4373
2026-03-23T20:00:00+00:00,22754.99,22761.51,22721.51,22749,2295
2026-03-23T20:30:00+00:00,22749,22795.5,22735.99,22787.25,1416
2026-03-24T00:30:00+00:00,22787.25,22787.25,22553.25,22575.24,1725.2293772158787
2026-03-24T01:00:00+00:00,22575.24,22577.26,22463,22532.24,2978
2026-03-24T01:30:00+00:00,22532.24,22532.24,22401.26,22448.26,3509
2026-03-24T02:00:00+00:00,22448.26,22489.51,22394.24,22464.26,2793
2026-03-24T02:30:00+00:00,22464.26,22517.25,22455.25,22464.26,2336.1980418847206
2026-03-24T03:00:00+00:00,22464.26,22467.76,22436.76,22458.75,1570.3440561288057
2026-03-24T03:30:00+00:00,22458.75,22472.76,22405.74,22472.76,3108
2026-03-24T04:00:00+00:00,22472.76,22488.74,22434.76,22438.76,2334
2026-03-24T04:30:00+00:00,22438.76,22459.5,22424.75,22433.75,1474
2026-03-24T05:00:00+00:00,22433.75,22473.99,22369.74,22369.75,4395
2026-03-24T05:30:00+00:00,22369.75,22456.49,22362.74,22439.76,3046
2026-03-24T06:00:00+00:00,22439.76,22545.5,22425.76,22530.51,3364
2026-03-24T06:30:00+00:00,22530.51,22579.5,22515.75,22556.01,3529
2026-03-24T07:00:00+00:00,22556.01,22696.51,22553.01,22663.5,5742
2026-03-24T07:30:00+00:00,22663.5,22670.01,22628.51,22639.5,5772
2026-03-24T08:00:00+00:00,22639.5,22726.36,22533.34,22540.75,16645
2026-03-24T08:30:00+00:00,22540.75,22580.86,22461.86,22478.86,19289
2026-03-24T09:00:00+00:00,22478.86,22518.36,22394.34,22475.84,16000
2026-03-24T09:30:00+00:00,22475.84,22584.34,22438.84,22564.36,13939
2026-03-24T10:00:00+00:00,22564.36,22606.36,22510.84,22541.84,13104
2026-03-24T10:30:00+00:00,22541.84,22631.35,22518.86,22575.85,10801
2026-03-24T11:00:00+00:00,22575.85,22621.36,22542.35,22591.86,12481
2026-03-24T11:30:00+00:00,22591.86,22641.85,22493.84,22620.36,12160
2026-03-24T12:00:00+00:00,22620.36,22633.36,22532.84,22555.86,13123
2026-03-24T12:30:00+00:00,22555.86,22560.35,22414.34,22427.84,14951
2026-03-24T13:00:00+00:00,22427.84,22451.36,22345.84,22400.85,16197
2026-03-24T13:30:00+00:00,22400.85,22451.34,22337.34,22440.84,22516
2026-03-24T14:00:00+00:00,22440.84,22506.36,22416.34,22461.84,18943
2026-03-24T14:30:00+00:00,22461.84,22636.86,22439.35,22574.84,19669
2026-03-24T15:00:00+00:00,22574.84,22647.36,22548.86,22610.34,18195
2026-03-24T15:30:00+00:00,22610.34,22665.85,22545.36,22545.36,11864
2026-03-24T16:00:00+00:00,22545.36,22632.34,22535.84,22632.34,12631
2026-03-24T16:30:00+00:00,22632.34,22654.36,22546.35,22584.86,10571
2026-03-24T17:00:00+00:00,22584.86,22593.01,22473,22528.5,11761
2026-03-24T17:30:00+00:00,22528.5,22589.49,22491.49,22589.49,9315
2026-03-24T18:00:00+00:00,22589.49,22617.49,22539.99,22577.01,7391
2026-03-24T18:30:00+00:00,22577.01,22671.49,22567.99,22604.5,5736
2026-03-24T19:00:00+00:00,22604.5,22651.49,22594.51,22599.5,4865
2026-03-24T19:30:00+00:00,22599.5,22605.5,22561.49,22569,5399
2026-03-24T20:00:00+00:00,22569,22924.74,22552,22763.74,6645
2026-03-24T20:30:00+00:00,22763.74,22916.74,22754.74,22849.24,8278
2026-03-25T00:30:00+00:00,22849.24,22988.5,22849.24,22945.75,1672
2026-03-25T01:00:00+00:00,22945.75,22986.99,22923.49,22943.75,3175
2026-03-25T01:30:00+00:00,22943.75,22958.75,22914.75,22916.74,2609
2026-03-25T02:00:00+00:00,22916.74,22919.49,22850.76,22866.76,3026
2026-03-25T02:30:00+00:00,22866.76,22874,22829.74,22840,2116
2026-03-25T03:00:00+00:00,22840,22851.76,22818.75,22841.76,2380
2026-03-25T03:30:00+00:00,22841.76,22868.49,22831.74,22860.76,1443
2026-03-25T04:00:00+00:00,22860.76,22904.75,22857.74,22894.75,1347
2026-03-25T04:30:00+00:00,22894.75,22925.51,22891.74,22916.75,1662
2026-03-25T05:00:00+00:00,22916.75,22916.75,22871.76,22878.75,2151
2026-03-25T05:30:00+00:00,22878.75,22917,22871.75,22882.5,1885
2026-03-25T06:00:00+00:00,22882.5,22882.5,22840.74,22848.74,2278
2026-03-25T06:30:00+00:00,22848.74,22880.51,22833.75,22860.01,2420
2026-03-25T07:00:00+00:00,22860.01,22865.99,22806.51,22828.99,4322
2026-03-25T07:30:00+00:00,22828.99,22923.51,22815.5,22922.5,5384
2026-03-25T08:00:00+00:00,22922.5,23073.36,22922.5,23005.86,17960
2026-03-25T08:30:00+00:00,23005.86,23063.36,22969.36,22987.35,14420
2026-03-25T09:00:00+00:00,22987.35,23061.84,22951.35,22971.85,10323
2026-03-25T09:30:00+00:00,22971.85,23009.85,22916.34,22989.84,11362
2026-03-25T10:00:00+00:00,22989.84,23032.36,22962.35,22967.86,10024
2026-03-25T10:30:00+00:00,22967.86,23021.35,22952.85,22996.86,7856
2026-03-25T11:00:00+00:00,22996.86,23051.36,22996.84,23021.34,6302
2026-03-25T11:30:00+00:00,23021.34,23054.36,22967.35,23034.86,8711
2026-03-25T12:00:00+00:00,23034.86,23084.86,22899.74,22943.86,14315
2026-03-25T12:30:00+00:00,22943.86,23019.86,22881.85,22994.86,11647
2026-03-25T13:00:00+00:00,22994.86,23040.36,22969.84,23013.84,10267
2026-03-25T13:30:00+00:00,23013.84,23058.34,22938.84,22953.35,17190
2026-03-25T14:00:00+00:00,22953.35,23026.36,22909.34,23002.34,15906
2026-03-25T14:30:00+00:00,23002.34,23032.86,22973.36,22980.35,12706
2026-03-25T15:00:00+00:00,22980.35,22989.35,22813.35,22950.84,15019
2026-03-25T15:30:00+00:00,22950.84,22958.86,22895.86,22902.86,10585
2026-03-25T16:00:00+00:00,22902.86,22953.36,22871.85,22949.36,12341
2026-03-25T16:30:00+00:00,22949.36,22998.86,22939.34,22954.85,8112
2026-03-25T17:00:00+00:00,22954.85,22980,22931.99,22966.51,6224
2026-03-25T17:30:00+00:00,22966.51,23007.99,22924.99,22941.5,5195
2026-03-25T18:00:00+00:00,22941.5,22963.49,22930.49,22938.99,3835
2026-03-25T18:30:00+00:00,22938.99,22948.99,22868.01,22914.99,3476
2026-03-25T19:00:00+00:00,22914.99,22958.49,22889.5,22939.49,3718
2026-03-25T19:30:00+00:00,22939.49,22940.51,22906,22929.5,3612
2026-03-25T20:00:00+00:00,22929.5,22937.51,22898.49,22898.5,1104
2026-03-25T20:30:00+00:00,22898.5,22922.49,22898.01,22919.76,712
2026-03-26T00:30:00+00:00,22919.76,22919.76,22885.01,22895.76,1509
2026-03-26T01:00:00+00:00,22895.76,22919.76,22872.75,22882.76,2874
2026-03-26T01:30:00+00:00,22882.76,22898.74,22871.5,22878.74,2882
2026-03-26T02:00:00+00:00,22878.74,22897.5,22834.74,22837.75,2916
2026-03-26T02:30:00+00:00,22837.75,22842.74,22765.75,22784.75,4131
2026-03-26T03:00:00+00:00,22784.75,22812,22771.75,22805.99,2115
2026-03-26T03:30:00+00:00,22805.99,22863.51,22801.74,22822.74,2748
2026-03-26T04:00:00+00:00,22822.74,22839.49,22804.74,22831.76,1663
2026-03-26T04:30:00+00:00,22831.76,22835.51,22810.75,22824,1382
2026-03-26T05:00:00+00:00,22824,22835.01,22738.75,22746.75,2272
2026-03-26T05:30:00+00:00,22746.75,22766.01,22718.74,22724.01,1498
2026-03-26T06:00:00+00:00,22724.01,22780.01,22706.49,22773.5,2674
2026-03-26T06:30:00+00:00,22773.5,22790.5,22748.99,22775.99,2453
2026-03-26T07:00:00+00:00,22775.99,22779.01,22686.75,22722,3744
2026-03-26T07:30:00+00:00,22722,22744.01,22708.49,22720,3977
2026-03-26T08:00:00+00:00,22720,22783.34,22665.35,22670.86,15395
2026-03-26T08:30:00+00:00,22670.86,22711.86,22636.34,22692.34,12659
2026-03-26T09:00:00+00:00,22692.34,22693.85,22606.84,22606.84,12301
2026-03-26T09:30:00+00:00,22606.84,22649.86,22569.86,22634.84,10614
2026-03-26T10:00:00+00:00,22634.84,22706.86,22605.84,22697.85,7783
2026-03-26T10:30:00+00:00,22697.85,22721.86,22641.34,22670.36,8284
2026-03-26T11:00:00+00:00,22670.36,22701.86,22626.85,22648.34,7243
2026-03-26T11:30:00+00:00,22648.34,22654.36,22578.36,22579.34,7510
2026-03-26T12:00:00+00:00,22579.34,22663.86,22552.84,22619.76,6988
2026-03-26T12:30:00+00:00,22619.76,22637.85,22567.85,22619.86,7459
2026-03-26T13:00:00+00:00,22619.86,22637.86,22580.34,22618.34,8580
2026-03-26T13:30:00+00:00,22618.34,22776.35,22605.84,22771.34,14494
2026-03-26T14:00:00+00:00,22771.34,22777.35,22713.35,22745.86,14375
2026-03-26T14:30:00+00:00,22745.86,22825.35,22658.35,22703.36,15886
2026-03-26T15:00:00+00:00,22703.36,22726.86,22664.85,22694.35,13260
2026-03-26T15:30:00+00:00,22694.35,22696.86,22634.35,22659.35,8897
2026-03-26T16:00:00+00:00,22659.35,22703.85,22563.36,22585.35,8152
2026-03-26T16:30:00+00:00,22585.35,22629.35,22564.35,22617.85,7513
2026-03-26T17:00:00+00:00,22617.85,22657.5,22594.49,22615.01,4516
2026-03-26T17:30:00+00:00,22615.01,22636.99,22561.51,22583.01,4049
2026-03-26T18:00:00+00:00,22583.01,22606.5,22582.49,22584.99,4043
2026-03-26T18:30:00+00:00,22584.99,22619.99,22584,22614,2763
2026-03-26T19:00:00+00:00,22614,22617.01,22545.51,22565.51,3087
2026-03-26T19:30:00+00:00,22565.51,22568.99,22515.49,22522.01,3595
2026-03-26T20:00:00+00:00,22522.01,22888.75,22509.5,22642.75,4462
2026-03-26T20:30:00+00:00,22642.75,22685.49,22615.99,22625.74,2965
2026-03-27T00:30:00+00:00,22625.74,22631.99,22574.74,22591.75,1797
2026-03-27T01:00:00+00:00,22591.75,22665.49,22580.75,22651.74,4023
2026-03-27T01:30:00+00:00,22651.74,22669.51,22639.75,22664.76,2549
2026-03-27T02:00:00+00:00,22664.76,22690.51,22658.75,22675.75,2659
2026-03-27T02:30:00+00:00,22675.75,22698.75,22669.74,22675.76,2130
2026-03-27T03:00:00+00:00,22675.76,22684.76,22660.76,22679.51,1541
2026-03-27T03:30:00+00:00,22679.51,22738.99,22679.51,22729.76,1537
2026-03-27T04:00:00+00:00,22729.76,22730.74,22707.74,22718.51,1256
2026-03-27T04:30:00+00:00,22718.51,22742.01,22718.01,22731.76,1290
2026-03-27T05:00:00+00:00,22731.76,22790.51,22730.76,22765.76,1841
2026-03-27T05:30:00+00:00,22765.76,22766.76,22735.99,22737.01,1318
2026-03-27T06:00:00+00:00,22737.01,22763.5,22720.75,22748.01,1852
2026-03-27T06:30:00+00:00,22748.01,22748.01,22671.75,22683.01,1739
2026-03-27T07:00:00+00:00,22683.01,22698.51,22650.5,22655.49,3192
2026-03-27T07:30:00+00:00,22655.49,22674.49,22637.51,22656.99,3780
2026-03-27T08:00:00+00:00,22656.99,22656.99,22420.34,22434.84,15384
2026-03-27T08:30:00+00:00,22434.84,22476.36,22380.86,22385.34,15400
2026-03-27T09:00:00+00:00,22385.34,22409.35,22287.35,22385.86,15083
2026-03-27T09:30:00+00:00,22385.86,22407.85,22312.84,22326.86,11368
2026-03-27T10:00:00+00:00,22326.86,22395.86,22305.36,22375.86,10834
2026-03-27T10:30:00+00:00,22375.86,22394.34,22274.84,22282.84,10659
2026-03-27T11:00:00+00:00,22282.84,22319.35,22219.84,22317.34,10890
2026-03-27T11:30:00+00:00,22317.34,22368.86,22314.84,22321.36,7739
2026-03-27T12:00:00+00:00,22321.36,22323.85,22262.34,22305.34,10290
2026-03-27T12:30:00+00:00,22305.34,22367.34,22297.34,22336.34,9614
2026-03-27T13:00:00+00:00,22336.34,22353.84,22260.34,22339.86,11559
2026-03-27T13:30:00+00:00,22339.86,22373.36,22261.86,22283.76,15480
2026-03-27T14:00:00+00:00,22283.76,22376.34,22274.76,22303.85,14711
2026-03-27T14:30:00+00:00,22303.85,22347.85,22275.34,22303.35,12644
2026-03-27T15:00:00+00:00,22303.35,22387.34,22246.34,22354.84,9893
2026-03-27T15:30:00+00:00,22354.84,22423.84,22320.35,22325.85,8445
2026-03-27T16:00:00+00:00,22325.85,22335.84,22281.34,22328.86,8185
2026-03-27T16:30:00+00:00,22328.86,22349.36,22287.85,22318.35,6878
2026-03-27T17:00:00+00:00,22318.35,22365.99,22266.5,22280.01,4537
2026-03-27T17:30:00+00:00,22280.01,22293.99,22256.99,22261,3430
2026-03-27T18:00:00+00:00,22261,22267.49,22209.99,22235.5,4069
2026-03-27T18:30:00+00:00,22235.5,22270.51,22226.5,22238.99,3634
2026-03-27T19:00:00+00:00,22238.99,22244.5,22207.49,22215,3273
2026-03-27T19:30:00+00:00,22215,22226.5,22155.49,22210.51,5848
2026-03-27T20:00:00+00:00,22210.51,22242.01,22148.5,22163.49,3121
2026-03-27T20:30:00+00:00,22163.49,22179.51,22115.49,22115.99,1996
2026-03-30T00:30:00+00:00,22115.99,22115.99,21951.74,21991.74,2870
2026-03-30T01:00:00+00:00,21991.74,22010.75,21961.74,21974.74,3141
2026-03-30T01:30:00+00:00,21974.74,22050.74,21974.74,22040.75,1723
2026-03-30T02:00:00+00:00,22040.75,22078.51,22033.74,22065.51,1979
2026-03-30T02:30:00+00:00,22065.51,22153.75,22056.75,22128.5,1684.0527077737725
2026-03-30T03:00:00+00:00,22128.5,22186.01,22120.76,22175.74,1768
2026-03-30T03:30:00+00:00,22175.74,22191.51,22155.74,22179.99,1871.9385474860335
2026-03-30T04:00:00+00:00,22179.99,22224.51,22170.74,22217.74,1255
2026-03-30T04:30:00+00:00,22217.74,22235.49,22170.75,22183.51,942.8967409948542
2026-03-30T05:00:00+00:00,22183.51,22226.99,22176.74,22207.49,1732
2026-03-30T05:30:00+00:00,22207.49,22225.5,22173.49,22174.99,1919
2026-03-30T06:00:00+00:00,22174.99,22270,22165.5,22254.01,4686
2026-03-30T06:30:00+00:00,22254.01,22324.01,22246.99,22274.01,5093
2026-03-30T07:00:00+00:00,22274.01,22329.36,22234.86,22261.35,13804
2026-03-30T07:30:00+00:00,22261.35,22308.85,22233.34,22303.85,12199
2026-03-30T08:00:00+00:00,22303.85,22342.86,22255.34,22332.86,10360
2026-03-30T08:30:00+00:00,22332.86,22385.85,22325.85,22379.86,7836
2026-03-30T09:00:00+00:00,22379.86,22401.34,22311.84,22313.86,8965
2026-03-30T09:30:00+00:00,22313.86,22329.86,22263.36,22278.36,8561
2026-03-30T10:00:00+00:00,22278.36,22335.36,22259.36,22320.35,7508
2026-03-30T10:30:00+00:00,22320.35,22341.86,22287.35,22341.86,7172
2026-03-30T11:00:00+00:00,22341.86,22564.86,22338.34,22441.35,10130
2026-03-30T11:30:00+00:00,22441.35,22449.84,22364.34,22385.86,13186
2026-03-30T12:00:00+00:00,22385.86,22414.86,22351.84,22411.34,7695
2026-03-30T12:30:00+00:00,22411.34,22443.36,22404.84,22442.36,6629
2026-03-30T13:00:00+00:00,22442.36,22462.85,22399.34,22447.84,7187
2026-03-30T13:30:00+00:00,22447.84,22470.86,22371.35,22382.84,18616
2026-03-30T14:00:00+00:00,22382.84,22463.36,22381.84,22422.36,18871
2026-03-30T14:30:00+00:00,22422.36,22525.86,22401.86,22525.36,19332.41690733761
2026-03-30T15:00:00+00:00,22525.36,22577.88,22485.36,22527.86,11517
2026-03-30T15:30:00+00:00,22527.86,22655.38,22521.36,22628.36,10402
2026-03-30T16:00:00+00:00,22628.36,22633.03,22562.510000000002,22565.510000000002,7563
2026-03-30T16:30:00+00:00,22565.510000000002,22593.03,22547.510000000002,22565.03,5766
2026-03-30T17:00:00+00:00,22565.03,22581.02,22493.010000000002,22499.010000000002,6090
2026-03-30T17:30:00+00:00,22499.010000000002,22534.010000000002,22477.510000000002,22510.52,6151
2026-03-30T18:00:00+00:00,22510.52,22523.53,22479.53,22482.010000000002,4560
2026-03-30T18:30:00+00:00,22482.010000000002,22494.03,22422.53,22433.010000000002,3636
2026-03-30T19:00:00+00:00,22433.010000000002,22437.02,22366.510000000002,22403.03,4580
2026-03-30T19:30:00+00:00,22403.03,22487.03,22403.03,22480.78,6093
2026-03-31T00:30:00+00:00,22480.78,22609.010000000002,22352.260000000002,22564.28,7065
2026-03-31T01:00:00+00:00,22564.28,22680.03,22496.27,22678.52,5169
2026-03-31T01:30:00+00:00,22678.52,22764.27,22670.260000000002,22723.27,7593
2026-03-31T02:00:00+00:00,22723.27,22742.010000000002,22689.260000000002,22716.260000000002,4859
2026-03-31T02:30:00+00:00,22716.260000000002,22750.02,22688.260000000002,22690.02,3382
2026-03-31T03:00:00+00:00,22690.02,22735.010000000002,22668.27,22671.27,2705
2026-03-31T03:30:00+00:00,22671.27,22683.53,22625.260000000002,22631.260000000002,2498
2026-03-31T04:00:00+00:00,22631.260000000002,22649.53,22619.02,22623.53,2161
2026-03-31T04:30:00+00:00,22623.53,22643.02,22599.010000000002,22599.52,1902
2026-03-31T05:00:00+00:00,22599.52,22633.53,22540.260000000002,22621.53,2684
2026-03-31T05:30:00+00:00,22621.53,22767.010000000002,22615.260000000002,22713.010000000002,3880
2026-03-31T06:00:00+00:00,22713.010000000002,22728.010000000002,22636.02,22687.510000000002,5123
2026-03-31T06:30:00+00:00,22687.510000000002,22690.02,22608.510000000002,22624.02,6450
2026-03-31T07:00:00+00:00,22624.02,22635.38,22520.37,22588.36,17547
2026-03-31T07:30:00+00:00,22588.36,22778.88,22587.36,22777.88,10530
2026-03-31T08:00:00+00:00,22777.88,22809.37,22735.36,22751.37,14308
2026-03-31T08:30:00+00:00,22751.37,22763.37,22692.87,22721.38,11674
2026-03-31T09:00:00+00:00,22721.38,22786.38,22712.260000000002,22751.87,9620
2026-03-31T09:30:00+00:00,22751.87,22794.88,22725.36,22765.36,10115
2026-03-31T10:00:00+00:00,22765.36,22817.88,22736.36,22761.86,8786
2026-03-31T10:30:00+00:00,22761.86,22767.37,22653.88,22735.38,9494
2026-03-31T11:00:00+00:00,22735.38,22897.87,22709.86,22776.86,19168
2026-03-31T11:30:00+00:00,22776.86,22811.37,22742.86,22790.88,13743
2026-03-31T12:00:00+00:00,22790.88,22852.86,22727.86,22843.37,17264
2026-03-31T12:30:00+00:00,22843.37,22848.38,22790.37,22794.87,10677
2026-03-31T13:00:00+00:00,22794.87,22837.38,22765.36,22812.37,9373
2026-03-31T13:30:00+00:00,22812.37,22868.87,22748.88,22840.86,15799
2026-03-31T14:00:00+00:00,22840.86,22848.38,22774.36,22827.36,15936
2026-03-31T14:30:00+00:00,22827.36,22850.37,22688.36,22704.38,14467
2026-03-31T15:00:00+00:00,22704.38,22791.88,22664.86,22665.36,11976
2026-03-31T15:30:00+00:00,22665.36,22728.36,22629.36,22678.86,12676
2026-03-31T16:00:00+00:00,22678.86,22717.510000000002,22661.510000000002,22699.010000000002,7420
2026-03-31T16:30:00+00:00,22699.010000000002,23100.53,22681.010000000002,22906.510000000002,25040
2026-03-31T17:00:00+00:00,22906.510000000002,22989.510000000002,22881.510000000002,22939.52,15009
2026-03-31T17:30:00+00:00,22939.52,22996.53,22919.53,22934.52,11322
2026-03-31T18:00:00+00:00,22934.52,22980.02,22931.02,22966.010000000002,7434
2026-03-31T18:30:00+00:00,22966.010000000002,22989.02,22947.010000000002,22981.02,4954
2026-03-31T19:00:00+00:00,22981.02,23048.03,22967.27,23039.03,4014
2026-03-31T19:30:00+00:00,23039.03,23079.02,23035.52,23053.760000000002,5692
2026-04-01T00:30:00+00:00,23053.760000000002,23128.03,23053.760000000002,23125.28,2203
2026-04-01T01:00:00+00:00,23125.28,23135.02,23068.260000000002,23106.53,4178
2026-04-01T01:30:00+00:00,23106.53,23107.53,23056.53,23074.53,1841
2026-04-01T02:00:00+00:00,23074.53,23097.010000000002,23066.260000000002,23071.010000000002,1436
2026-04-01T02:30:00+00:00,23071.010000000002,23081.510000000002,23056.260000000002,23060.52,1078
2026-04-01T03:00:00+00:00,23060.52,23073.010000000002,23052.260000000002,23071.010000000002,1128
2026-04-01T03:30:00+00:00,23071.010000000002,23094.02,23071.010000000002,23084.53,1095
2026-04-01T04:00:00+00:00,23084.53,23104.02,23078.28,23103.010000000002,712
2026-04-01T04:30:00+00:00,23103.010000000002,23115.02,23094.260000000002,23110.02,596
2026-04-01T05:00:00+00:00,23110.02,23153.03,23104.260000000002,23134.53,877
2026-04-01T05:30:00+00:00,23134.53,23149.53,23124.27,23133.53,1456
2026-04-01T06:00:00+00:00,23133.53,23287.52,23130.260000000002,23278.52,3957
2026-04-01T06:30:00+00:00,23278.52,23342.53,23268.010000000002,23334.53,6371
2026-04-01T07:00:00+00:00,23334.53,23394.36,23266.88,23300.36,14638
2026-04-01T07:30:00+00:00,23300.36,23360.88,23187.88,23194.37,12029
2026-04-01T08:00:00+00:00,23194.37,23266.86,23150.86,23224.87,14149
2026-04-01T08:30:00+00:00,23224.87,23259.38,23155.36,23212.27,12120
2026-04-01T09:00:00+00:00,23212.27,23243.86,23064.88,23122.86,11394
2026-04-01T09:30:00+00:00,23122.86,23228.36,23120.86,23177.38,10566
2026-04-01T10:00:00+00:00,23177.38,23197.37,23126.36,23179.88,9974
2026-04-01T10:30:00+00:00,23179.88,23263.88,23158.38,23257.38,7807
2026-04-01T11:00:00+00:00,23257.38,23321.38,23249.86,23306.36,5583
2026-04-01T11:30:00+00:00,23306.36,23376.38,23304.86,23352.86,6225
2026-04-01T12:00:00+00:00,23352.86,23361.37,23282.38,23308.38,6731
2026-04-01T12:30:00+00:00,23308.38,23454.37,23238.88,23254.38,15656
2026-04-01T13:00:00+00:00,23254.38,23302.87,23227.87,23294.87,12808
2026-04-01T13:30:00+00:00,23294.87,23339.36,23190.86,23233.36,22252
2026-04-01T14:00:00+00:00,23233.36,23328.38,23219.38,23298.86,18930
2026-04-01T14:30:00+00:00,23298.86,23365.37,23267.36,23340.38,14634
2026-04-01T15:00:00+00:00,23340.38,23372.88,23310.88,23312.88,8806
2026-04-01T15:30:00+00:00,23312.88,23424.37,23298.86,23420.87,5923
2026-04-01T16:00:00+00:00,23420.87,23430.03,23361.53,23368.02,5163
2026-04-01T16:30:00+00:00,23368.02,23404.02,23358.52,23400.52,3074
2026-04-01T17:00:00+00:00,23400.52,23424.02,23394.510000000002,23407.53,2038
2026-04-01T17:30:00+00:00,23407.53,23411.510000000002,23355.010000000002,23356.02,2460
2026-04-01T18:00:00+00:00,23356.02,23359.52,23256.510000000002,23261.53,5559
2026-04-01T18:30:00+00:00,23261.53,23284.53,23227.260000000002,23264.02,5694
2026-04-01T19:00:00+00:00,23264.02,23357.53,23257.03,23356.010000000002,3910
2026-04-01T19:30:00+00:00,23356.010000000002,23393.02,23321.010000000002,23357.760000000002,5342
2026-04-02T00:30:00+00:00,23357.760000000002,23400.27,23318.28,23388.260000000002,2176
2026-04-02T01:00:00+00:00,23388.260000000002,23398.28,23075.28,23098.27,6484
2026-04-02T01:30:00+00:00,23098.27,23101.28,22984.260000000002,23025.27,6063
2026-04-02T02:00:00+00:00,23025.27,23039.010000000002,22954.28,22964.52,3599
2026-04-02T02:30:00+00:00,22964.52,22991.28,22954.260000000002,22980.27,3275
2026-04-02T03:00:00+00:00,22980.27,22980.27,22938.27,22962.260000000002,2773
2026-04-02T03:30:00+00:00,22962.260000000002,22968.28,22908.260000000002,22918.260000000002,3119
2026-04-02T04:00:00+00:00,22918.260000000002,22935.28,22893.27,22893.27,2612
2026-04-02T04:30:00+00:00,22893.27,22918.510000000002,22863.27,22895.02,1764
2026-04-02T05:00:00+00:00,22895.02,22914.03,22873.27,22887.28,2201
2026-04-02T05:30:00+00:00,22887.28,22925.02,22850.510000000002,22858.510000000002,2822
2026-04-02T06:00:00+00:00,22858.510000000002,22931.010000000002,22858.510000000002,22922.53,4254
2026-04-02T06:30:00+00:00,22922.53,22952.02,22885.03,22943.53,4401
2026-04-02T07:00:00+00:00,22943.53,23025.38,22933.87,23010.36,10213
2026-04-02T07:30:00+00:00,23010.36,23046.87,22974.37,23042.38,6999
2026-04-02T08:00:00+00:00,23042.38,23050.38,22974.37,23006.86,8174
2026-04-02T08:30:00+00:00,23006.86,23034.37,22987.87,23004.36,6333
2026-04-02T09:00:00+00:00,23004.36,23020.38,22941.88,22978.37,4407
2026-04-02T09:30:00+00:00,22978.37,22978.37,22925.37,22948.36,3923
2026-04-02T10:00:00+00:00,22948.36,22954.88,22851.88,22856.87,4015
2026-04-02T10:30:00+00:00,22856.87,22884.38,22832.87,22868.38,4535
2026-04-02T11:00:00+00:00,22868.38,22889.37,22791.37,22794.37,4553
2026-04-02T11:30:00+00:00,22794.37,22816.88,22765.86,22766.38,4105
2026-04-02T12:00:00+00:00,22766.38,22815.37,22718.36,22793.36,4904
2026-04-02T12:30:00+00:00,22793.36,22834.37,22786.86,22807.87,4783
2026-04-02T13:00:00+00:00,22807.87,22845.36,22793.86,22826.37,5049
2026-04-02T13:30:00+00:00,22826.37,22945.88,22811.87,22938.38,8373
2026-04-02T14:00:00+00:00,22938.38,22979.38,22898.37,22963.86,7020
2026-04-02T14:30:00+00:00,22963.86,23301.27,22958.86,23186.88,17000.704761375633
2026-04-02T15:00:00+00:00,23186.88,23214.86,23122.88,23156.87,10141
2026-04-02T15:30:00+00:00,23156.87,23214.87,23118.88,23158.36,5295
2026-04-02T16:00:00+00:00,23158.36,23182.03,23118.53,23154.52,3924
2026-04-02T16:30:00+00:00,23154.52,23210.03,23139.760000000002,23181.53,3031
2026-04-02T17:00:00+00:00,23181.53,23261.010000000002,23172.77,23244.53,2188
2026-04-02T17:30:00+00:00,23244.53,23254.010000000002,23187.760000000002,23211.010000000002,2016
2026-04-02T18:00:00+00:00,23211.010000000002,23235.53,23209.53,23217.53,1847
2026-04-02T18:30:00+00:00,23217.53,23246.03,23212.760000000002,23231.02,1398
2026-04-02T19:00:00+00:00,23231.02,23250.510000000002,23221.52,23232.02,1214
2026-04-02T19:30:00+00:00,23232.02,23263.52,23214.010000000002,23258.28,1650
2026-04-07T00:30:00+00:00,23258.28,23384.03,23258.28,23337.260000000002,547.2688710343294
2026-04-07T01:00:00+00:00,23337.260000000002,23364.77,23305.760000000002,23346.27,1362.7005433987147
2026-04-07T01:30:00+00:00,23346.27,23346.27,23252.260000000002,23266.53,2693
2026-04-07T02:00:00+00:00,23266.53,23268.02,23236.260000000002,23249.28,2945
2026-04-07T02:30:00+00:00,23249.28,23284.27,23248.28,23264.27,1633
2026-04-07T03:00:00+00:00,23264.27,23271.28,23243.260000000002,23249.260000000002,1268
2026-04-07T03:30:00+00:00,23249.260000000002,23265.03,23245.260000000002,23251.260000000002,1125
2026-04-07T04:00:00+00:00,23251.260000000002,23266.260000000002,23232.27,23258.260000000002,1502
2026-04-07T04:30:00+00:00,23258.260000000002,23279.260000000002,23218.510000000002,23220.53,1203
2026-04-07T05:00:00+00:00,23220.53,23236.52,23200.260000000002,23206.03,1584
2026-04-07T05:30:00+00:00,23206.03,23226.02,23194.02,23214.02,1875
2026-04-07T06:00:00+00:00,23214.02,23227.53,23175.010000000002,23202.03,3010
2026-04-07T06:30:00+00:00,23202.03,23250.03,23163.03,23246.510000000002,3940
2026-04-07T07:00:00+00:00,23246.510000000002,23291.38,23188.86,23200.37,12221
2026-04-07T07:30:00+00:00,23200.37,23269.37,23181.38,23266.86,9129
2026-04-07T08:00:00+00:00,23266.86,23451.88,23261.38,23432.38,16798
2026-04-07T08:30:00+00:00,23432.38,23476.37,23395.86,23419.38,11497
2026-04-07T09:00:00+00:00,23419.38,23492.38,23414.36,23473.86,9833
2026-04-07T09:30:00+00:00,23473.86,23501.38,23439.86,23463.87,7336
2026-04-07T10:00:00+00:00,23463.87,23481.36,23271.260000000002,23359.87,13418
2026-04-07T10:30:00+00:00,23359.87,23369.88,23186.36,23211.37,13620
2026-04-07T11:00:00+00:00,23211.37,23272.88,23195.37,23215.38,9776
2026-04-07T11:30:00+00:00,23215.38,23237.87,23163.38,23189.87,9140
2026-04-07T12:00:00+00:00,23189.87,23251.38,23106.28,23250.86,10929
2026-04-07T12:30:00+00:00,23250.86,23279.88,23142.87,23175.88,8131
2026-04-07T13:00:00+00:00,23175.88,23226.88,23152.27,23187.87,8875
2026-04-07T13:30:00+00:00,23187.87,23211.37,23023.86,23025.38,12336
2026-04-07T14:00:00+00:00,23025.38,23079.37,22930.36,23066.36,13124
2026-04-07T14:30:00+00:00,23066.36,23139.36,22976.86,22978.88,10781
2026-04-07T15:00:00+00:00,22978.88,23031.87,22939.36,23029.38,11505
2026-04-07T15:30:00+00:00,23029.38,23036.37,22959.86,23003.88,8935
2026-04-07T16:00:00+00:00,23003.88,23119.510000000002,22996.510000000002,23100.52,8782
2026-04-07T16:30:00+00:00,23100.52,23151.03,23088.53,23122.010000000002,5624
2026-04-07T17:00:00+00:00,23122.010000000002,23151.53,23081.52,23092.52,3940
2026-04-07T17:30:00+00:00,23092.52,23196.510000000002,23092.52,23151.52,3496
2026-04-07T18:00:00+00:00,23151.52,23169.52,23127.52,23164.02,1268
2026-04-07T18:30:00+00:00,23164.02,23168.010000000002,23095.52,23108.010000000002,1521
2026-04-07T19:00:00+00:00,23108.010000000002,23269.02,23078.260000000002,23191.02,2610
2026-04-07T19:30:00+00:00,23191.02,23467.53,23152.260000000002,23311.78,2538
2026-04-08T00:30:00+00:00,23311.78,24061.11,23311.78,24019.36,4337
2026-04-08T01:00:00+00:00,24019.36,24054.100000000002,23987.34,24030.600000000002,3703
2026-04-08T01:30:00+00:00,24030.600000000002,24149.09,24011.34,24144.11,2723
2026-04-08T02:00:00+00:00,24144.11,24172.61,24122.34,24130.350000000002,1961
2026-04-08T02:30:00+00:00,24130.350000000002,24168.61,24111.34,24125.61,1980
2026-04-08T03:00:00+00:00,24125.61,24139.600000000002,24093.59,24095.59,1622
2026-04-08T03:30:00+00:00,24095.59,24115.100000000002,24084.34,24107.59,1898
2026-04-08T04:00:00+00:00,24107.59,24211.11,24103.34,24210.600000000002,1954
2026-04-08T04:30:00+00:00,24210.600000000002,24232.36,24192.36,24198.59,1610
2026-04-08T05:00:00+00:00,24198.59,24202.09,24116.100000000002,24192.11,2873
2026-04-08T05:30:00+00:00,24192.11,24224.100000000002,24156.36,24206.600000000002,3228
2026-04-08T06:00:00+00:00,24206.600000000002,24341.11,24198.11,24201.59,6251
2026-04-08T06:30:00+00:00,24201.59,24289.100000000002,24173.11,24231.100000000002,7501
2026-04-08T07:00:00+00:00,24231.100000000002,24252.95,24075.94,24179.94,18963
2026-04-08T07:30:00+00:00,24179.94,24179.94,24045.95,24059.45,14215
2026-04-08T08:00:00+00:00,24059.45,24097.96,24023.44,24058.46,13087
2026-04-08T08:30:00+00:00,24058.46,24120.96,24003.44,24068.44,9932
2026-04-08T09:00:00+00:00,24068.44,24112.96,24021.44,24072.44,5791
2026-04-08T09:30:00+00:00,24072.44,24103.94,23976.44,24045.94,7456
2026-04-08T10:00:00+00:00,24045.94,24120.96,24018.45,24113.96,6080
2026-04-08T10:30:00+00:00,24113.96,24170.44,24110.94,24147.44,4226
2026-04-08T11:00:00+00:00,24147.44,24246.46,24121.94,24204.46,5650
2026-04-08T11:30:00+00:00,24204.46,24250.46,24172.36,24211.95,5812
2026-04-08T12:00:00+00:00,24211.95,24259.95,24119.350000000002,24201.45,9782
2026-04-08T12:30:00+00:00,24201.45,24270.45,24194.44,24238.94,5847
2026-04-08T13:00:00+00:00,24238.94,24267.46,24200.96,24205.94,5922
2026-04-08T13:30:00+00:00,24205.94,24221.95,24117.46,24176.45,13753
2026-04-08T14:00:00+00:00,24176.45,24219.95,24135.34,24144.46,11992
2026-04-08T14:30:00+00:00,24144.46,24149.44,24058.95,24120.46,12319
2026-04-08T15:00:00+00:00,24120.46,24146.96,24065.95,24114.45,9522
2026-04-08T15:30:00+00:00,24114.45,24211.94,24108.44,24195.45,6056
2026-04-08T16:00:00+00:00,24195.45,24217.600000000002,24156.59,24166.59,3193
2026-04-08T16:30:00+00:00,24166.59,24197.61,24156.11,24182.59,1877
2026-04-08T17:00:00+00:00,24182.59,24192.59,24116.600000000002,24131.09,2366
2026-04-08T17:30:00+00:00,24131.09,24158.11,24125.34,24152.61,2199
2026-04-08T18:00:00+00:00,24152.61,24177.61,24054.34,24104.61,3631
2026-04-08T18:30:00+00:00,24104.61,24121.61,24027.61,24034.61,2522
2026-04-08T19:00:00+00:00,24034.61,24066.61,24018.59,24026.100000000002,2521
2026-04-08T19:30:00+00:00,24026.100000000002,24156.600000000002,24025.600000000002,24138.36,3332
2026-04-09T00:30:00+00:00,24138.36,24138.36,24006.8,24009.06,2264
2026-04-09T01:00:00+00:00,24009.06,24023.54,23962.56,23974.56,2686
2026-04-09T01:30:00+00:00,23974.56,24007.8,23957.79,24000.81,2663
2026-04-09T02:00:00+00:00,24000.81,24012.55,23983.8,23989.79,2075
2026-04-09T02:30:00+00:00,23989.79,24011.56,23988.8,23991.8,1237
2026-04-09T03:00:00+00:00,23991.8,24005.81,23981.79,23985.81,981
2026-04-09T03:30:00+00:00,23985.81,24000.81,23966.8,23981.81,1557
2026-04-09T04:00:00+00:00,23981.81,23994.81,23971.79,23979.56,996
2026-04-09T04:30:00+00:00,23979.56,23997.54,23969.79,23986.8,801.1574722107863
2026-04-09T05:00:00+00:00,23986.8,24022.56,23974.8,24021.56,1814
2026-04-09T05:30:00+00:00,24021.56,24063.04,24012.8,24026.04,1760
2026-04-09T06:00:00+00:00,24026.04,24069.06,24021.04,24034.55,2879
2026-04-09T06:30:00+00:00,24034.55,24043.55,23989.05,24042.56,3547
2026-04-09T07:00:00+00:00,24042.56,24104.91,23955.39,23979.9,11798
2026-04-09T07:30:00+00:00,23979.9,23987.39,23893.91,23935.4,8262
2026-04-09T08:00:00+00:00,23935.4,23941.4,23879.41,23883.89,8164
2026-04-09T08:30:00+00:00,23883.89,23911.91,23854.89,23859.89,6973
2026-04-09T09:00:00+00:00,23859.89,23912.9,23841.9,23898.89,5755
2026-04-09T09:30:00+00:00,23898.89,23905.41,23872.89,23897.9,4777
2026-04-09T10:00:00+00:00,23897.9,23913.4,23865.4,23897.89,5616
2026-04-09T10:30:00+00:00,23897.89,23913.41,23860.9,23864.41,5412
2026-04-09T11:00:00+00:00,23864.41,23889.41,23847.41,23869.91,5241
2026-04-09T11:30:00+00:00,23869.91,23941.4,23867.9,23925.91,4746
2026-04-09T12:00:00+00:00,23925.91,23939.41,23892.91,23929.89,4319
2026-04-09T12:30:00+00:00,23929.89,23945.89,23859.89,23868.4,7114
2026-04-09T13:00:00+00:00,23868.4,23878.9,23836.91,23866.4,6126
2026-04-09T13:30:00+00:00,23866.4,23879.41,23783.9,23811.91,10970
2026-04-09T14:00:00+00:00,23811.91,23829.91,23768.4,23785.9,10072
2026-04-09T14:30:00+00:00,23785.9,23824.41,23773.89,23805.41,7479
2026-04-09T15:00:00+00:00,23805.41,23867.4,23766.89,23857.41,8176
2026-04-09T15:30:00+00:00,23857.41,23989.41,23841.89,23978.4,14669
2026-04-09T16:00:00+00:00,23978.4,24038.05,23978.04,23991.56,6530
2026-04-09T16:30:00+00:00,23991.56,24000.56,23950.55,23981.54,4831
2026-04-09T17:00:00+00:00,23981.54,24026.56,23964.05,24000.04,3189
2026-04-09T17:30:00+00:00,24000.04,24032.56,23979.55,24008.56,2972
2026-04-09T18:00:00+00:00,24008.56,24009.56,23941.06,23950.04,5899
2026-04-09T18:30:00+00:00,23950.04,23967.55,23923.55,23963.04,3235
2026-04-09T19:00:00+00:00,23963.04,23996.56,23954.55,23987.06,2559
2026-04-09T19:30:00+00:00,23987.06,24007.05,23966.05,23991.81,3175
2026-04-10T00:30:00+00:00,23991.81,23991.81,23935.02,23962.010000000002,1037
2026-04-10T01:00:00+00:00,23962.010000000002,23970.77,23937.02,23968.760000000002,1005
2026-04-10T01:30:00+00:00,23968.760000000002,24024.25,23961.010000000002,23996.760000000002,1482
2026-04-10T02:00:00+00:00,23996.760000000002,23998.77,23961.02,23979,1446
2026-04-10T02:30:00+00:00,23979,23990.760000000002,23972,23987.27,754
2026-04-10T03:00:00+00:00,23987.27,24008.75,23973.760000000002,23973.760000000002,642
2026-04-10T03:30:00+00:00,23973.760000000002,24008.27,23973.760000000002,23991.25,884
2026-04-10T04:00:00+00:00,23991.25,24013.25,23978,24011.77,898
2026-04-10T04:30:00+00:00,24011.77,24025.260000000002,23993.02,24000.75,881
2026-04-10T05:00:00+00:00,24000.75,24020.27,23984.02,23986.010000000002,1044
2026-04-10T05:30:00+00:00,23986.010000000002,24020.260000000002,23973.010000000002,23986.02,1612
2026-04-10T06:00:00+00:00,23986.02,24004.760000000002,23945.75,23963.760000000002,1801
2026-04-10T06:30:00+00:00,23963.760000000002,23974.25,23935.77,23953.75,2617
2026-04-10T07:00:00+00:00,23953.75,23955.11,23896.12,23945.12,8854
2026-04-10T07:30:00+00:00,23945.12,23971.12,23926.600000000002,23953.12,5260
2026-04-10T08:00:00+00:00,23953.12,23962.61,23914.61,23945.62,5842
2026-04-10T08:30:00+00:00,23945.62,23955.100000000002,23863.11,23879.100000000002,5015
2026-04-10T09:00:00+00:00,23879.100000000002,24036.12,23876.100000000002,23965.12,10509
2026-04-10T09:30:00+00:00,23965.12,24047.12,23938.62,24028.11,8734
2026-04-10T10:00:00+00:00,24028.11,24078.61,23980.12,24074.100000000002,6479
2026-04-10T10:30:00+00:00,24074.100000000002,24105.62,24050.100000000002,24078.100000000002,5658
2026-04-10T11:00:00+00:00,24078.100000000002,24124.600000000002,24068.12,24084.600000000002,5065
2026-04-10T11:30:00+00:00,24084.600000000002,24093.62,24047.100000000002,24058.600000000002,4534
2026-04-10T12:00:00+00:00,24058.600000000002,24100.12,24048.100000000002,24080.010000000002,4975
2026-04-10T12:30:00+00:00,24080.010000000002,24155.62,24066.11,24071.11,6197
2026-04-10T13:00:00+00:00,24071.11,24100.12,24055.600000000002,24079.61,5818
2026-04-10T13:30:00+00:00,24079.61,24091.12,23967.100000000002,24023.62,10858
2026-04-10T14:00:00+00:00,24023.62,24072.62,23990,24069.11,7015
2026-04-10T14:30:00+00:00,24069.11,24076.600000000002,23955.600000000002,23968.600000000002,6759.995006280445
2026-04-10T15:00:00+00:00,23968.600000000002,23998.600000000002,23945.11,23948.600000000002,5404
2026-04-10T15:30:00+00:00,23948.600000000002,23961.090000000004,23832.100000000002,23840.100000000002,7983
2026-04-10T16:00:00+00:00,23840.100000000002,23876.750000000004,23828.750000000004,23856.74,4412
2026-04-10T16:30:00+00:00,23856.74,23884.760000000002,23834.24,23876.74,3720
2026-04-10T17:00:00+00:00,23876.74,23878.24,23814.250000000004,23816.24,2237
2026-04-10T17:30:00+00:00,23816.24,23870.74,23809.250000000004,23865.760000000002,2035
2026-04-10T18:00:00+00:00,23865.760000000002,23884.260000000002,23845.24,23871.24,2047
2026-04-10T18:30:00+00:00,23871.24,23881.760000000002,23864.260000000002,23878.260000000002,1526
2026-04-10T19:00:00+00:00,23878.260000000002,23895.750000000004,23875.250000000004,23880.74,1392
2026-04-10T19:30:00+00:00,23880.74,23901.260000000002,23865.250000000004,23889.000000000004,1959
2026-04-13T00:30:00+00:00,23889.000000000004,23889.000000000004,23595.640000000003,23657.370000000003,1683
2026-04-13T01:00:00+00:00,23657.370000000003,23667.640000000003,23642.620000000003,23656.620000000003,1840
2026-04-13T01:30:00+00:00,23656.620000000003,23663.38,23622.640000000003,23646.63,1518
2026-04-13T02:00:00+00:00,23646.63,23651.890000000003,23605.63,23608.640000000003,1325
2026-04-13T02:30:00+00:00,23608.640000000003,23634.390000000003,23608.620000000003,23628.640000000003,962
2026-04-13T03:00:00+00:00,23628.640000000003,23637.370000000003,23593.63,23602.390000000003,1101
2026-04-13T03:30:00+00:00,23602.390000000003,23610.370000000003,23583.63,23600.870000000003,1075
2026-04-13T04:00:00+00:00,23600.870000000003,23610.38,23587.620000000003,23600.38,837
2026-04-13T04:30:00+00:00,23600.38,23628.390000000003,23593.620000000003,23611.640000000003,1024
2026-04-13T05:00:00+00:00,23611.640000000003,23617.390000000003,23578.890000000003,23591.88,995
2026-04-13T05:30:00+00:00,23591.88,23596.890000000003,23572.620000000003,23577.620000000003,1152
2026-04-13T06:00:00+00:00,23577.620000000003,23635.890000000003,23567.88,23626.390000000003,2194
2026-04-13T06:30:00+00:00,23626.390000000003,23628.390000000003,23579.870000000003,23607.390000000003,2387
2026-04-13T07:00:00+00:00,23607.390000000003,23678.22,23605.74,23667.24,8167
2026-04-13T07:30:00+00:00,23667.24,23690.74,23633.74,23680.72,4546
2026-04-13T08:00:00+00:00,23680.72,23714.230000000003,23655.22,23685.24,5202
2026-04-13T08:30:00+00:00,23685.24,23697.24,23645.74,23672.74,4129
2026-04-13T09:00:00+00:00,23672.74,23710.230000000003,23672.22,23678.730000000003,4121
2026-04-13T09:30:00+00:00,23678.730000000003,23687.22,23631.22,23657.730000000003,2311
2026-04-13T10:00:00+00:00,23657.730000000003,23686.74,23654.72,23670.74,2585
2026-04-13T10:30:00+00:00,23670.74,23679.74,23648.72,23669.24,2751
2026-04-13T11:00:00+00:00,23669.24,23706.22,23630.730000000003,23639.72,4206
2026-04-13T11:30:00+00:00,23639.72,23654.74,23582.22,23590.74,4669
2026-04-13T12:00:00+00:00,23590.74,23633.24,23575.230000000003,23620.230000000003,4132
2026-04-13T12:30:00+00:00,23620.230000000003,23647.24,23604.72,23646.24,3735
2026-04-13T13:00:00+00:00,23646.24,23693.72,23642.72,23685.22,3135
2026-04-13T13:30:00+00:00,23685.22,23844.24,23663.230000000003,23819.72,11270
2026-04-13T14:00:00+00:00,23819.72,23827.24,23775.230000000003,23819.730000000003,9661
2026-04-13T14:30:00+00:00,23819.730000000003,23852.74,23794.72,23840.72,5072
2026-04-13T15:00:00+00:00,23840.72,23857.730000000003,23803.74,23840.22,5131
2026-04-13T15:30:00+00:00,23840.22,23847.730000000003,23800.74,23823.74,3926
2026-04-13T16:00:00+00:00,23823.74,23927.88,23808.870000000003,23912.390000000003,6128
2026-04-13T16:30:00+00:00,23912.390000000003,23994.890000000003,23901.890000000003,23957.890000000003,8352
2026-04-13T17:00:00+00:00,23957.890000000003,23992.390000000003,23954.370000000003,23980.38,1768
2026-04-13T17:30:00+00:00,23980.38,23983.870000000003,23961.390000000003,23969.890000000003,1057
2026-04-13T18:00:00+00:00,23969.890000000003,24001.88,23969.370000000003,23979.38,927
2026-04-13T18:30:00+00:00,23979.38,24011.890000000003,23976.370000000003,24003.390000000003,1201
2026-04-13T19:00:00+00:00,24003.390000000003,24015.370000000003,23986.390000000003,23997.890000000003,768
2026-04-13T19:30:00+00:00,23997.890000000003,24046.38,23978.370000000003,24042.120000000003,2044
2026-04-14T00:30:00+00:00,24042.120000000003,24042.120000000003,24017.620000000003,24021.390000000003,758
2026-04-14T01:00:00+00:00,24021.390000000003,24021.390000000003,24003.38,24009.640000000003,817.8370357206327
2026-04-14T01:30:00+00:00,24009.640000000003,24010.390000000003,23983.63,23992.390000000003,916
2026-04-14T02:00:00+00:00,23992.390000000003,24013.390000000003,23983.620000000003,23994.88,580
2026-04-14T02:30:00+00:00,23994.88,23996.88,23981.620000000003,23987.63,771
2026-04-14T03:00:00+00:00,23987.63,23991.38,23970.370000000003,23972.870000000003,598.4236852440478
2026-04-14T03:30:00+00:00,23972.870000000003,23981.390000000003,23968.120000000003,23976.370000000003,735
2026-04-14T04:00:00+00:00,23976.370000000003,23989.38,23975.870000000003,23978.370000000003,577
2026-04-14T04:30:00+00:00,23978.370000000003,23987.390000000003,23970.140000000003,23975.870000000003,759
2026-04-14T05:00:00+00:00,23975.870000000003,23994.88,23973.370000000003,23982.870000000003,768
2026-04-14T05:30:00+00:00,23982.870000000003,24012.38,23959.870000000003,24000.370000000003,1210
2026-04-14T06:00:00+00:00,24000.370000000003,24023.38,23993.870000000003,24006.890000000003,2136
2026-04-14T06:30:00+00:00,24006.890000000003,24044.390000000003,23999.38,24037.890000000003,2659
2026-04-14T07:00:00+00:00,24037.890000000003,24109.74,23997.22,24090.230000000003,11656
2026-04-14T07:30:00+00:00,24090.230000000003,24113.74,24058.22,24094.230000000003,6999
2026-04-14T08:00:00+00:00,24094.230000000003,24110.74,24064.22,24089.22,7697
2026-04-14T08:30:00+00:00,24089.22,24135.74,24069.24,24131.22,5175
2026-04-14T09:00:00+00:00,24131.22,24151.72,24074.730000000003,24078.24,4591
2026-04-14T09:30:00+00:00,24078.24,24080.730000000003,24038.24,24069.230000000003,4300
2026-04-14T10:00:00+00:00,24069.230000000003,24084.24,24048.22,24064.22,3956
2026-04-14T10:30:00+00:00,24064.22,24068.24,24031.22,24048.72,4355
2026-04-14T11:00:00+00:00,24048.72,24090.24,24036.120000000003,24079.230000000003,3670
2026-04-14T11:30:00+00:00,24079.230000000003,24149.230000000003,24058.230000000003,24105.22,4829
2026-04-14T12:00:00+00:00,24105.22,24129.22,24083.24,24124.140000000003,4877
2026-04-14T12:30:00+00:00,24124.140000000003,24192.22,24098.74,24118.74,5349
2026-04-14T13:00:00+00:00,24118.74,24148.730000000003,24103.72,24128.72,4576
2026-04-14T13:30:00+00:00,24128.72,24159.74,24108.22,24149.22,9426
2026-04-14T14:00:00+00:00,24149.22,24187.74,24135.22,24149.74,7493
2026-04-14T14:30:00+00:00,24149.74,24169.24,24135.22,24153.72,5009
2026-04-14T15:00:00+00:00,24153.72,24156.74,24094.74,24132.72,6616
2026-04-14T15:30:00+00:00,24132.72,24171.24,24124.72,24158.730000000003,4328
2026-04-14T16:00:00+00:00,24158.730000000003,24180.870000000003,24154.88,24168.890000000003,1922
2026-04-14T16:30:00+00:00,24168.890000000003,24168.890000000003,24123.370000000003,24127.88,2057
2026-04-14T17:00:00+00:00,24127.88,24158.88,24127.13,24146.38,1662
2026-04-14T17:30:00+00:00,24146.38,24156.390000000003,24137.870000000003,24143.390000000003,1152
2026-04-14T18:00:00+00:00,24143.390000000003,24164.88,24121.870000000003,24139.88,2385
2026-04-14T18:30:00+00:00,24139.88,24148.870000000003,24130.870000000003,24144.370000000003,1461
2026-04-14T19:00:00+00:00,24144.370000000003,24164.370000000003,24140.88,24164.370000000003,989
2026-04-14T19:30:00+00:00,24164.370000000003,24164.370000000003,24134.370000000003,24151.620000000003,2144
2026-04-15T00:30:00+00:00,24151.620000000003,24151.620000000003,24123.690000000002,24137.940000000002,929.381389594361
2026-04-15T01:00:00+00:00,24137.940000000002,24155.7,24124.960000000003,24145.710000000003,1021.7736125347782
2026-04-15T01:30:00+00:00,24145.710000000003,24145.710000000003,24118.940000000002,24132.190000000002,1488
2026-04-15T02:00:00+00:00,24132.190000000002,24133.7,24113.690000000002,24117.190000000002,992
2026-04-15T02:30:00+00:00,24117.190000000002,24118.710000000003,24100.190000000002,24110.7,698
2026-04-15T03:00:00+00:00,24110.7,24119.210000000003,24099.940000000002,24103.710000000003,882.7173350582148
2026-04-15T03:30:00+00:00,24103.710000000003,24132.7,24102.960000000003,24122.690000000002,1235
2026-04-15T04:00:00+00:00,24122.690000000002,24133.210000000003,24119.960000000003,24122.690000000002,507.9523348045062
2026-04-15T04:30:00+00:00,24122.690000000002,24124.7,24099.95,24103.190000000002,573
2026-04-15T05:00:00+00:00,24103.190000000002,24144.710000000003,24071.210000000003,24089.2,2961
2026-04-15T05:30:00+00:00,24089.2,24115.190000000002,24077.710000000003,24109.710000000003,2118
2026-04-15T06:00:00+00:00,24109.710000000003,24150.690000000002,24107.710000000003,24142.690000000002,1801
2026-04-15T06:30:00+00:00,24142.690000000002,24173.7,24139.7,24162.210000000003,2372
2026-04-15T07:00:00+00:00,24162.210000000003,24188.550000000003,24134.04,24143.54,7577
2026-04-15T07:30:00+00:00,24143.54,24161.050000000003,24122.54,24139.06,5454
2026-04-15T08:00:00+00:00,24139.06,24165.050000000003,24106.04,24162.06,4630
2026-04-15T08:30:00+00:00,24162.06,24197.54,24145.06,24183.550000000003,3779
2026-04-15T09:00:00+00:00,24183.550000000003,24196.04,24121.04,24125.06,6192
2026-04-15T09:30:00+00:00,24125.06,24156.06,24125.06,24137.56,3830
2026-04-15T10:00:00+00:00,24137.56,24179.04,24086.54,24096.04,6602
2026-04-15T10:30:00+00:00,24096.04,24158.04,24090.050000000003,24129.04,5390
2026-04-15T11:00:00+00:00,24129.04,24147.56,24116.04,24131.550000000003,3668
2026-04-15T11:30:00+00:00,24131.550000000003,24237.940000000002,24130.04,24160.04,5929
2026-04-15T12:00:00+00:00,24160.04,24168.56,24120.550000000003,24151.06,5546
2026-04-15T12:30:00+00:00,24151.06,24163.050000000003,24125.06,24150.04,3483
2026-04-15T13:00:00+00:00,24150.04,24182.54,24136.04,24177.56,3903
2026-04-15T13:30:00+00:00,24177.56,24211.050000000003,24152.54,24195.06,8799
2026-04-15T14:00:00+00:00,24195.06,24213.06,24162.56,24205.56,6072
2026-04-15T14:30:00+00:00,24205.56,24208.54,24151.550000000003,24182.04,4375
2026-04-15T15:00:00+00:00,24182.04,24200.550000000003,24159.04,24177.550000000003,5300
2026-04-15T15:30:00+00:00,24177.550000000003,24185.050000000003,24140.54,24147.04,4134
2026-04-15T16:00:00+00:00,24147.04,24176.210000000003,24137.7,24169.2,2013
2026-04-15T16:30:00+00:00,24169.2,24172.2,24108.7,24123.2,3151
2026-04-15T17:00:00+00:00,24123.2,24148.710000000003,24122.190000000002,24141.7,1771
2026-04-15T17:30:00+00:00,24141.7,24156.2,24131.2,24136.210000000003,1327
2026-04-15T18:00:00+00:00,24136.210000000003,24178.7,24125.710000000003,24165.2,3010
2026-04-15T18:30:00+00:00,24165.2,24187.820000000003,24163.690000000002,24183.81,1226.5751171843967
2026-04-15T19:00:00+00:00,24183.81,24194.81,24168.320000000003,24193.81,1350
2026-04-15T19:30:00+00:00,24193.81,24193.81,24158.320000000003,24161.550000000003,2005
2026-04-16T00:30:00+00:00,24161.550000000003,24238.500000000004,24161.550000000003,24230.49,1083
2026-04-16T01:00:00+00:00,24230.49,24230.49,24198.730000000003,24205.000000000004,1018
2026-04-16T01:30:00+00:00,24205.000000000004,24210.99,24189.000000000004,24197.500000000004,828
2026-04-16T02:00:00+00:00,24197.500000000004,24212.480000000003,24193.99,24198.49,809
2026-04-16T02:30:00+00:00,24198.49,24217.49,24198.480000000003,24212.500000000004,811
2026-04-16T03:00:00+00:00,24212.500000000004,24239.000000000004,24208.750000000004,24217.750000000004,864
2026-04-16T03:30:00+00:00,24217.750000000004,24227.49,24203.480000000003,24209.480000000003,831
2026-04-16T04:00:00+00:00,24209.480000000003,24220.000000000004,24193.74,24202.99,837
2026-04-16T04:30:00+00:00,24202.99,24222.000000000004,24198.500000000004,24214.49,638
2026-04-16T05:00:00+00:00,24214.49,24230.49,24202.730000000003,24222.480000000003,1055
2026-04-16T05:30:00+00:00,24222.480000000003,24241.500000000004,24210.500000000004,24234.000000000004,1272
2026-04-16T06:00:00+00:00,24234.000000000004,24272.49,24231.49,24265.480000000003,1761
2026-04-16T06:30:00+00:00,24265.480000000003,24270.000000000004,24227.99,24245.500000000004,2020
2026-04-16T07:00:00+00:00,24245.500000000004,24248.83,24145.340000000004,24192.350000000002,7834
2026-04-16T07:30:00+00:00,24192.350000000002,24213.850000000002,24175.83,24188.340000000004,5515
2026-04-16T08:00:00+00:00,24188.340000000004,24194.33,24141.340000000004,24160.350000000002,5696
2026-04-16T08:30:00+00:00,24160.350000000002,24210.850000000002,24153.83,24203.83,3808
2026-04-16T09:00:00+00:00,24203.83,24239.850000000002,24195.83,24229.840000000004,3318
2026-04-16T09:30:00+00:00,24229.840000000004,24241.840000000004,24220.83,24235.350000000002,2437
2026-04-16T10:00:00+00:00,24235.350000000002,24281.850000000002,24231.850000000002,24275.350000000002,2542
2026-04-16T10:30:00+00:00,24275.350000000002,24284.350000000002,24253.83,24280.850000000002,3310
2026-04-16T11:00:00+00:00,24280.850000000002,24297.840000000004,24268.83,24280.840000000004,2452
2026-04-16T11:30:00+00:00,24280.840000000004,24319.83,24280.840000000004,24316.840000000004,2598
2026-04-16T12:00:00+00:00,24316.840000000004,24334.850000000002,24289.340000000004,24304.83,3067
2026-04-16T12:30:00+00:00,24304.83,24323.850000000002,24290.83,24320.340000000004,2692
2026-04-16T13:00:00+00:00,24320.340000000004,24337.340000000004,24301.33,24333.33,3007
2026-04-16T13:30:00+00:00,24333.33,24344.350000000002,24174.840000000004,24225.840000000004,9961
2026-04-16T14:00:00+00:00,24225.840000000004,24263.840000000004,24185.850000000002,24209.83,9580
2026-04-16T14:30:00+00:00,24209.83,24240.340000000004,24194.33,24213.350000000002,7419
2026-04-16T15:00:00+00:00,24213.350000000002,24265.840000000004,24210.840000000004,24233.340000000004,5447
2026-04-16T15:30:00+00:00,24233.340000000004,24281.340000000004,24217.340000000004,24249.33,6694
2026-04-16T16:00:00+00:00,24249.33,24257.000000000004,24224.980000000003,24232.500000000004,2173
2026-04-16T16:30:00+00:00,24232.500000000004,24234.500000000004,24172.480000000003,24174.500000000004,5226
2026-04-16T17:00:00+00:00,24174.500000000004,24174.99,24135.480000000003,24160.480000000003,3265
2026-04-16T17:30:00+00:00,24160.480000000003,24181.500000000004,24158.980000000003,24171.480000000003,2430
2026-04-16T18:00:00+00:00,24171.480000000003,24191.000000000004,24157.49,24164.980000000003,3135
2026-04-16T18:30:00+00:00,24164.980000000003,24196.500000000004,24163.500000000004,24194.000000000004,1585
2026-04-16T19:00:00+00:00,24194.000000000004,24207.480000000003,24179.480000000003,24185.49,1522
2026-04-16T19:30:00+00:00,24185.49,24199.500000000004,24181.480000000003,24186.24,1956
2026-04-17T00:30:00+00:00,24186.24,24258.910000000003,24186.24,24250.420000000002,899
2026-04-17T01:00:00+00:00,24250.420000000002,24256.420000000002,24225.15,24236.420000000002,1118
2026-04-17T01:30:00+00:00,24236.420000000002,24245.410000000003,24229.160000000003,24242.4,718
2026-04-17T02:00:00+00:00,24242.4,24252.920000000002,24232.170000000002,24236.9,658
2026-04-17T02:30:00+00:00,24236.9,24249.9,24233.15,24237.4,596
2026-04-17T03:00:00+00:00,24237.4,24239.920000000002,24217.160000000003,24218.160000000003,601
2026-04-17T03:30:00+00:00,24218.160000000003,24223.910000000003,24206.410000000003,24216.4,620
2026-04-17T04:00:00+00:00,24216.4,24234.920000000002,24205.910000000003,24230.4,585.0732127476314
2026-04-17T04:30:00+00:00,24230.4,24240.410000000003,24214.160000000003,24233.160000000003,694.0876456876457
2026-04-17T05:00:00+00:00,24233.160000000003,24234.920000000002,24213.15,24228.170000000002,791
2026-04-17T05:30:00+00:00,24228.170000000002,24257.410000000003,24222.920000000002,24240.910000000003,1122
2026-04-17T06:00:00+00:00,24240.910000000003,24255.920000000002,24210.4,24213.9,1967
2026-04-17T06:30:00+00:00,24213.9,24224.920000000002,24191.9,24218.420000000002,2111
2026-04-17T07:00:00+00:00,24218.420000000002,24288.260000000002,24201.760000000002,24270.770000000004,6916
2026-04-17T07:30:00+00:00,24270.770000000004,24330.770000000004,24264.250000000004,24319.250000000004,4889
2026-04-17T08:00:00+00:00,24319.250000000004,24357.270000000004,24309.270000000004,24351.770000000004,5118
2026-04-17T08:30:00+00:00,24351.770000000004,24401.260000000002,24338.270000000004,24398.760000000002,4679
2026-04-17T09:00:00+00:00,24398.760000000002,24405.770000000004,24372.250000000004,24398.750000000004,4130
2026-04-17T09:30:00+00:00,24398.750000000004,24447.760000000002,24394.750000000004,24412.250000000004,5340
2026-04-17T10:00:00+00:00,24412.250000000004,24419.770000000004,24387.750000000004,24400.250000000004,4460
2026-04-17T10:30:00+00:00,24400.250000000004,24403.270000000004,24362.750000000004,24393.250000000004,3634
2026-04-17T11:00:00+00:00,24393.250000000004,24409.760000000002,24335.270000000004,24342.270000000004,4337
2026-04-17T11:30:00+00:00,24342.270000000004,24362.260000000002,24334.760000000002,24348.770000000004,3388
2026-04-17T12:00:00+00:00,24348.770000000004,24424.760000000002,24335.270000000004,24414.250000000004,6988
2026-04-17T12:30:00+00:00,24414.250000000004,24760.260000000002,24406.170000000002,24697.250000000004,22179
2026-04-17T13:00:00+00:00,24697.250000000004,24823.260000000002,24676.260000000002,24746.260000000002,21038
2026-04-17T13:30:00+00:00,24746.260000000002,24794.770000000004,24663.250000000004,24745.270000000004,22045
2026-04-17T14:00:00+00:00,24745.270000000004,24862.750000000004,24726.270000000004,24814.760000000002,12901
2026-04-17T14:30:00+00:00,24814.760000000002,24886.270000000004,24796.750000000004,24833.760000000002,11658.41354086927
2026-04-17T15:00:00+00:00,24833.760000000002,24846.250000000004,24770.250000000004,24791.260000000002,12175
2026-04-17T15:30:00+00:00,24791.260000000002,24824.770000000004,24779.260000000002,24791.770000000004,8662
2026-04-17T16:00:00+00:00,24791.770000000004,24806.920000000002,24756.9,24785.410000000003,3682
2026-04-17T16:30:00+00:00,24785.410000000003,24798.420000000002,24776.410000000003,24784.4,2308
2026-04-17T17:00:00+00:00,24784.4,24790.920000000002,24659.65,24684.910000000003,6320
2026-04-17T17:30:00+00:00,24684.910000000003,24734.410000000003,24674.9,24727.410000000003,3728
2026-04-17T18:00:00+00:00,24727.410000000003,24735.4,24685.910000000003,24702.920000000002,4159
2026-04-17T18:30:00+00:00,24702.920000000002,24719.420000000002,24680.410000000003,24694.9,2841
2026-04-17T19:00:00+00:00,24694.9,24720.910000000003,24689.910000000003,24704.4,1943
2026-04-17T19:30:00+00:00,24704.4,24738.920000000002,24704.4,24730.15,2082
2026-04-20T00:30:00+00:00,24730.15,24730.15,24480.250000000004,24503.020000000004,2187
2026-04-20T01:00:00+00:00,24503.020000000004,24540.010000000002,24500.250000000004,24517.250000000004,2286
2026-04-20T01:30:00+00:00,24517.250000000004,24549.000000000004,24512.260000000002,24533.500000000004,1648
2026-04-20T02:00:00+00:00,24533.500000000004,24536.500000000004,24520.510000000002,24531.520000000004,979
2026-04-20T02:30:00+00:00,24531.520000000004,24537.500000000004,24509.250000000004,24520.500000000004,900
2026-04-20T03:00:00+00:00,24520.500000000004,24530.500000000004,24511.000000000004,24518.000000000004,955
2026-04-20T03:30:00+00:00,24518.000000000004,24533.010000000002,24499.250000000004,24501.260000000002,816.0515117581187
2026-04-20T04:00:00+00:00,24501.260000000002,24518.010000000002,24493.020000000004,24494.010000000002,1025
2026-04-20T04:30:00+00:00,24494.010000000002,24506.020000000004,24468.510000000002,24496.020000000004,1351
2026-04-20T05:00:00+00:00,24496.020000000004,24496.020000000004,24452.250000000004,24452.520000000004,1844
2026-04-20T05:30:00+00:00,24452.520000000004,24456.010000000002,24411.270000000004,24455.520000000004,2345
2026-04-20T06:00:00+00:00,24455.520000000004,24478.520000000004,24420.020000000004,24434.020000000004,3633
2026-04-20T06:30:00+00:00,24434.020000000004,24455.020000000004,24403.000000000004,24432.510000000002,4702
2026-04-20T07:00:00+00:00,24432.510000000002,24535.370000000003,24428.350000000002,24472.360000000004,13783
2026-04-20T07:30:00+00:00,24472.360000000004,24483.870000000003,24409.870000000003,24439.860000000004,11546
2026-04-20T08:00:00+00:00,24439.860000000004,24454.370000000003,24366.860000000004,24400.870000000003,10784
2026-04-20T08:30:00+00:00,24400.870000000003,24436.360000000004,24368.370000000003,24419.370000000003,8343
2026-04-20T09:00:00+00:00,24419.370000000003,24456.870000000003,24407.870000000003,24451.350000000002,7174
2026-04-20T09:30:00+00:00,24451.350000000002,24464.870000000003,24438.360000000004,24447.360000000004,5096
2026-04-20T10:00:00+00:00,24447.360000000004,24494.370000000003,24441.850000000002,24462.850000000002,5923
2026-04-20T10:30:00+00:00,24462.850000000002,24469.870000000003,24436.850000000002,24456.860000000004,4778
2026-04-20T11:00:00+00:00,24456.860000000004,24463.870000000003,24419.850000000002,24441.850000000002,5534
2026-04-20T11:30:00+00:00,24441.850000000002,24474.870000000003,24429.350000000002,24468.350000000002,7161
2026-04-20T12:00:00+00:00,24468.350000000002,24480.850000000002,24442.860000000004,24445.350000000002,7684
2026-04-20T12:30:00+00:00,24445.350000000002,24463.370000000003,24426.860000000004,24441.350000000002,6296
2026-04-20T13:00:00+00:00,24441.350000000002,24537.870000000003,24422.360000000004,24534.360000000004,10702
2026-04-20T13:30:00+00:00,24534.360000000004,24580.850000000002,24512.870000000003,24576.370000000003,14801
2026-04-20T14:00:00+00:00,24576.370000000003,24577.870000000003,24517.870000000003,24548.860000000004,10654
2026-04-20T14:30:00+00:00,24548.860000000004,24557.870000000003,24417.850000000002,24489.370000000003,14916
2026-04-20T15:00:00+00:00,24489.370000000003,24528.870000000003,24466.850000000002,24525.860000000004,15203
2026-04-20T15:30:00+00:00,24525.860000000004,24529.350000000002,24475.850000000002,24482.370000000003,7921
2026-04-20T16:00:00+00:00,24482.370000000003,24487.020000000004,24456.500000000004,24469.520000000004,3461
2026-04-20T16:30:00+00:00,24469.520000000004,24480.000000000004,24458.020000000004,24470.000000000004,3078
2026-04-20T17:00:00+00:00,24470.000000000004,24501.510000000002,24467.010000000002,24488.520000000004,2610
2026-04-20T17:30:00+00:00,24488.520000000004,24517.000000000004,24480.500000000004,24500.520000000004,2382
2026-04-20T18:00:00+00:00,24500.520000000004,24522.020000000004,24489.260000000002,24499.000000000004,2862
2026-04-20T18:30:00+00:00,24499.000000000004,24520.020000000004,24490.510000000002,24511.020000000004,1861
2026-04-20T19:00:00+00:00,24511.020000000004,24523.520000000004,24507.510000000002,24514.510000000002,1228
2026-04-20T19:30:00+00:00,24514.510000000002,24554.260000000002,24510.000000000004,24551.760000000002,1916
2026-04-21T00:30:00+00:00,24551.760000000002,24589.050000000003,24546.280000000002,24575.280000000002,1547
2026-04-21T01:00:00+00:00,24575.280000000002,24579.050000000003,24553.300000000003,24577.050000000003,1419
2026-04-21T01:30:00+00:00,24577.050000000003,24590.030000000002,24571.530000000002,24581.54,1159
2026-04-21T02:00:00+00:00,24581.54,24589.550000000003,24571.29,24587.550000000003,1090
2026-04-21T02:30:00+00:00,24587.550000000003,24595.04,24571.280000000002,24579.280000000002,707
2026-04-21T03:00:00+00:00,24579.280000000002,24584.550000000003,24556.280000000002,24572.030000000002,981
2026-04-21T03:30:00+00:00,24572.030000000002,24576.530000000002,24557.530000000002,24575.550000000003,605.896107311941
2026-04-21T04:00:00+00:00,24575.550000000003,24594.530000000002,24572.300000000003,24588.04,492.75364474858674
2026-04-21T04:30:00+00:00,24588.04,24601.04,24587.530000000002,24595.530000000002,433.6314325452017
2026-04-21T05:00:00+00:00,24595.530000000002,24644.550000000003,24594.54,24640.04,890
2026-04-21T05:30:00+00:00,24640.04,24641.030000000002,24617.280000000002,24623.54,739
2026-04-21T06:00:00+00:00,24623.54,24633.530000000002,24577.54,24599.050000000003,1966
2026-04-21T06:30:00+00:00,24599.050000000003,24607.050000000003,24586.04,24598.530000000002,1961
2026-04-21T07:00:00+00:00,24598.530000000002,24645.9,24572.890000000003,24638.4,9752
2026-04-21T07:30:00+00:00,24638.4,24680.9,24619.38,24635.88,7380
2026-04-21T08:00:00+00:00,24635.88,24651.9,24590.890000000003,24643.38,7601
2026-04-21T08:30:00+00:00,24643.38,24689.890000000003,24629.88,24660.390000000003,5947
2026-04-21T09:00:00+00:00,24660.390000000003,24666.4,24621.9,24647.390000000003,5134
2026-04-21T09:30:00+00:00,24647.390000000003,24686.9,24637.9,24661.9,4445
2026-04-21T10:00:00+00:00,24661.9,24673.38,24625.390000000003,24633.38,4282
2026-04-21T10:30:00+00:00,24633.38,24675.9,24627.88,24670.390000000003,3691
2026-04-21T11:00:00+00:00,24670.390000000003,24673.88,24611.29,24646.9,5944
2026-04-21T11:30:00+00:00,24646.9,24657.4,24591.890000000003,24593.88,4191
2026-04-21T12:00:00+00:00,24593.88,24602.390000000003,24556.890000000003,24579.4,5421
2026-04-21T12:30:00+00:00,24579.4,24589.88,24521.4,24535.4,8938
2026-04-21T13:00:00+00:00,24535.4,24543.9,24487.38,24497.390000000003,7022
2026-04-21T13:30:00+00:00,24497.390000000003,24558.9,24488.38,24552.88,14605
2026-04-21T14:00:00+00:00,24552.88,24553.88,24471.88,24477.88,9069
2026-04-21T14:30:00+00:00,24477.88,24485.88,24360.88,24367.38,12669
2026-04-21T15:00:00+00:00,24367.38,24404.390000000003,24321.38,24370.9,18369
2026-04-21T15:30:00+00:00,24370.9,24372.88,24305.88,24332.4,10999
2026-04-21T16:00:00+00:00,24332.4,24382.54,24321.030000000002,24324.050000000003,6550
2026-04-21T16:30:00+00:00,24324.050000000003,24344.050000000003,24280.530000000002,24281.530000000002,4244
2026-04-21T17:00:00+00:00,24281.530000000002,24304.530000000002,24207.04,24246.030000000002,7885
2026-04-21T17:30:00+00:00,24246.030000000002,24339.54,24246.030000000002,24285.54,8171
2026-04-21T18:00:00+00:00,24285.54,24321.550000000003,24236.54,24246.030000000002,5891
2026-04-21T18:30:00+00:00,24246.030000000002,24313.030000000002,24225.530000000002,24273.050000000003,5327
2026-04-21T19:00:00+00:00,24273.050000000003,24331.050000000003,24258.04,24328.030000000002,5420
2026-04-21T19:30:00+00:00,24328.030000000002,24330.550000000003,24100.280000000002,24149.780000000002,11586
2026-04-22T00:30:00+00:00,24149.780000000002,24339.010000000002,24149.780000000002,24321.500000000004,1018
2026-04-22T01:00:00+00:00,24321.500000000004,24327.510000000002,24289.750000000004,24296.510000000002,1686
2026-04-22T01:30:00+00:00,24296.510000000002,24315.49,24281.760000000002,24298.49,1500
2026-04-22T02:00:00+00:00,24298.49,24333.510000000002,24295.74,24322.750000000004,1429
2026-04-22T02:30:00+00:00,24322.750000000004,24327.510000000002,24313.74,24320.510000000002,963
2026-04-22T03:00:00+00:00,24320.510000000002,24329.500000000004,24284.760000000002,24300.750000000004,1324
2026-04-22T03:30:00+00:00,24300.750000000004,24326.500000000004,24288.74,24292.260000000002,1148.1863167300398
2026-04-22T04:00:00+00:00,24292.260000000002,24322.510000000002,24286.24,24290.000000000004,1121
2026-04-22T04:30:00+00:00,24290.000000000004,24314.99,24274.250000000004,24280.010000000002,1123
2026-04-22T05:00:00+00:00,24280.010000000002,24403.510000000002,24271.24,24371.49,3010
2026-04-22T05:30:00+00:00,24371.49,24420.510000000002,24365.260000000002,24395.500000000004,2199
2026-04-22T06:00:00+00:00,24395.500000000004,24409.010000000002,24376.99,24398.99,2295
2026-04-22T06:30:00+00:00,24398.99,24433.510000000002,24397.500000000004,24433.010000000002,2490
2026-04-22T07:00:00+00:00,24433.010000000002,24470.850000000002,24407.840000000004,24428.840000000004,9900
2026-04-22T07:30:00+00:00,24428.840000000004,24429.860000000004,24381.860000000004,24382.840000000004,8352
2026-04-22T08:00:00+00:00,24382.840000000004,24401.350000000002,24301.350000000002,24320.360000000004,9300
2026-04-22T08:30:00+00:00,24320.360000000004,24369.860000000004,24289.350000000002,24361.360000000004,8110
2026-04-22T09:00:00+00:00,24361.360000000004,24400.350000000002,24355.340000000004,24361.350000000002,8367
2026-04-22T09:30:00+00:00,24361.350000000002,24366.860000000004,24273.840000000004,24290.340000000004,7711
2026-04-22T10:00:00+00:00,24290.340000000004,24315.360000000004,24231.860000000004,24293.360000000004,9780
2026-04-22T10:30:00+00:00,24293.360000000004,24322.360000000004,24276.360000000004,24305.340000000004,6602
2026-04-22T11:00:00+00:00,24305.340000000004,24333.860000000004,24295.350000000002,24331.340000000004,6706
2026-04-22T11:30:00+00:00,24331.340000000004,24375.360000000004,24315.360000000004,24357.340000000004,7506
2026-04-22T12:00:00+00:00,24357.340000000004,24393.360000000004,24341.350000000002,24344.360000000004,6936
2026-04-22T12:30:00+00:00,24344.360000000004,24345.340000000004,24292.360000000004,24305.350000000002,9229
2026-04-22T13:00:00+00:00,24305.350000000002,24383.860000000004,24295.340000000004,24332.860000000004,12571
2026-04-22T13:30:00+00:00,24332.860000000004,24337.360000000004,24276.850000000002,24300.350000000002,15128
2026-04-22T14:00:00+00:00,24300.350000000002,24333.860000000004,24271.840000000004,24314.340000000004,10428
2026-04-22T14:30:00+00:00,24314.340000000004,24332.360000000004,24223.340000000004,24257.840000000004,12791.96320630749
2026-04-22T15:00:00+00:00,24257.840000000004,24293.860000000004,24234.840000000004,24282.350000000002,10575
2026-04-22T15:30:00+00:00,24282.350000000002,24293.850000000002,24240.840000000004,24261.850000000002,5885
2026-04-22T16:00:00+00:00,24261.850000000002,24290.500000000004,24253.500000000004,24263.510000000002,4302
2026-04-22T16:30:00+00:00,24263.510000000002,24282.010000000002,24249.510000000002,24254.99,4122
2026-04-22T17:00:00+00:00,24254.99,24308.99,24250.750000000004,24290.99,3008
2026-04-22T17:30:00+00:00,24290.99,24306.510000000002,24284.500000000004,24290.49,2034
2026-04-22T18:00:00+00:00,24290.49,24290.49,24228.500000000004,24242.510000000002,2078
2026-04-22T18:30:00+00:00,24242.510000000002,24258.510000000002,24239.99,24247.010000000002,1486
2026-04-22T19:00:00+00:00,24247.010000000002,24266.500000000004,24204.49,24256.500000000004,4273
2026-04-22T19:30:00+00:00,24256.500000000004,24298.500000000004,24247.500000000004,24286.750000000004,2410
2026-04-23T00:30:00+00:00,24286.750000000004,24286.750000000004,24149.22,24166.22,2901
2026-04-23T01:00:00+00:00,24166.22,24171.230000000003,24086.24,24096.97,2806
2026-04-23T01:30:00+00:00,24096.97,24117.99,24058.22,24065.49,3356
2026-04-23T02:00:00+00:00,24065.49,24068.47,23990.230000000003,24010.99,4060
2026-04-23T02:30:00+00:00,24010.99,24023.980000000003,23974.230000000003,23977.24,3754
2026-04-23T03:00:00+00:00,23977.24,24007.480000000003,23957.22,23957.22,3135
2026-04-23T03:30:00+00:00,23957.22,23974.99,23938.22,23959.22,3689
2026-04-23T04:00:00+00:00,23959.22,23980.99,23946.22,23967.97,2877
2026-04-23T04:30:00+00:00,23967.97,24010.97,23966.22,24007.480000000003,2016
2026-04-23T05:00:00+00:00,24007.480000000003,24028.49,23999.24,24018.230000000003,1688
2026-04-23T05:30:00+00:00,24018.230000000003,24075.99,24009.22,24075.99,2529
2026-04-23T06:00:00+00:00,24075.99,24118.47,24075.97,24114.49,2807
2026-04-23T06:30:00+00:00,24114.49,24118.980000000003,24075.97,24106.99,3108
2026-04-23T07:00:00+00:00,24106.99,24217.33,24096.320000000003,24204.820000000003,11762
2026-04-23T07:30:00+00:00,24204.820000000003,24261.83,24181.33,24233.820000000003,9958
2026-04-23T08:00:00+00:00,24233.820000000003,24235.340000000004,24158.320000000003,24202.320000000003,10357
2026-04-23T08:30:00+00:00,24202.320000000003,24202.320000000003,24119.820000000003,24121.840000000004,9683
2026-04-23T09:00:00+00:00,24121.840000000004,24169.820000000003,24060.83,24144.820000000003,11247
2026-04-23T09:30:00+00:00,24144.820000000003,24168.840000000004,24098.320000000003,24108.340000000004,8394
2026-04-23T10:00:00+00:00,24108.340000000004,24149.83,24083.820000000003,24125.820000000003,8679
2026-04-23T10:30:00+00:00,24125.820000000003,24191.33,24125.820000000003,24183.340000000004,7693
2026-04-23T11:00:00+00:00,24183.340000000004,24195.820000000003,24119.840000000004,24137.340000000004,7424
2026-04-23T11:30:00+00:00,24137.340000000004,24220.83,24112.320000000003,24202.840000000004,11855
2026-04-23T12:00:00+00:00,24202.840000000004,24277.320000000003,24190.320000000003,24218.820000000003,10558
2026-04-23T12:30:00+00:00,24218.820000000003,24225.340000000004,24094.340000000004,24192.320000000003,11591
2026-04-23T13:00:00+00:00,24192.320000000003,24217.340000000004,24152.320000000003,24201.33,9013
2026-04-23T13:30:00+00:00,24201.33,24255.340000000004,24184.33,24222.83,12433
2026-04-23T14:00:00+00:00,24222.83,24253.320000000003,24197.83,24236.820000000003,14219
2026-04-23T14:30:00+00:00,24236.820000000003,24273.340000000004,24222.820000000003,24265.820000000003,9172
2026-04-23T15:00:00+00:00,24265.820000000003,24269.33,24222.320000000003,24245.320000000003,7468
2026-04-23T15:30:00+00:00,24245.320000000003,24327.840000000004,24137.320000000003,24289.320000000003,10791
2026-04-23T16:00:00+00:00,24289.320000000003,24316.49,24257.47,24301.980000000003,4762
2026-04-23T16:30:00+00:00,24301.980000000003,24320.480000000003,24279.47,24296.47,3150
2026-04-23T17:00:00+00:00,24296.47,24302.49,24079.480000000003,24087.99,13803
2026-04-23T17:30:00+00:00,24087.99,24181.97,23905.230000000003,24100.99,19571
2026-04-23T18:00:00+00:00,24100.99,24171.49,24087.97,24167.980000000003,10866
2026-04-23T18:30:00+00:00,24167.980000000003,24200.980000000003,24097.24,24125.47,5274
2026-04-23T19:00:00+00:00,24125.47,24170.49,24111.22,24157.49,4967
2026-04-23T19:30:00+00:00,24157.49,24165.99,24101.22,24158.72,6147
2026-04-24T00:30:00+00:00,24158.72,24260.4,24158.72,24224.65,2128
2026-04-24T01:00:00+00:00,24224.65,24231.410000000003,24188.65,24203.65,2456
2026-04-24T01:30:00+00:00,24203.65,24207.920000000002,24153.65,24181.410000000003,2276
2026-04-24T02:00:00+00:00,24181.410000000003,24181.410000000003,24116.65,24120.65,2047
2026-04-24T02:30:00+00:00,24120.65,24140.660000000003,24108.15,24121.170000000002,1498.4398931431883
2026-04-24T03:00:00+00:00,24121.170000000002,24128.170000000002,24102.15,24112.4,1706
2026-04-24T03:30:00+00:00,24112.4,24159.910000000003,24103.170000000002,24136.160000000003,1932
2026-04-24T04:00:00+00:00,24136.160000000003,24179.4,24123.160000000003,24164.170000000002,1776
2026-04-24T04:30:00+00:00,24164.170000000002,24195.910000000003,24162.160000000003,24189.920000000002,1230
2026-04-24T05:00:00+00:00,24189.920000000002,24218.410000000003,24182.15,24213.410000000003,1593
2026-04-24T05:30:00+00:00,24213.410000000003,24268.9,24213.4,24261.9,1356
2026-04-24T06:00:00+00:00,24261.9,24282.920000000002,24249.410000000003,24251.4,2177
2026-04-24T06:30:00+00:00,24251.4,24273.410000000003,24235.4,24249.910000000003,2447
2026-04-24T07:00:00+00:00,24249.910000000003,24285.250000000004,24179.250000000004,24251.270000000004,11097
2026-04-24T07:30:00+00:00,24251.270000000004,24251.270000000004,24188.770000000004,24239.750000000004,7663
2026-04-24T08:00:00+00:00,24239.750000000004,24267.270000000004,24160.260000000002,24172.260000000002,10145
2026-04-24T08:30:00+00:00,24172.260000000002,24172.770000000004,24081.250000000004,24105.250000000004,8249
2026-04-24T09:00:00+00:00,24105.250000000004,24125.270000000004,24053.260000000002,24060.250000000004,8746
2026-04-24T09:30:00+00:00,24060.250000000004,24133.270000000004,24055.270000000004,24091.770000000004,7087
2026-04-24T10:00:00+00:00,24091.770000000004,24157.270000000004,24086.760000000002,24140.250000000004,5436
2026-04-24T10:30:00+00:00,24140.250000000004,24161.770000000004,24121.760000000002,24133.250000000004,4362
2026-04-24T11:00:00+00:00,24133.250000000004,24380.270000000004,24133.250000000004,24378.250000000004,23826
2026-04-24T11:30:00+00:00,24378.250000000004,24396.260000000002,24237.250000000004,24273.270000000004,9720
2026-04-24T12:00:00+00:00,24273.270000000004,24322.250000000004,24251.270000000004,24273.770000000004,9688
2026-04-24T12:30:00+00:00,24273.770000000004,24276.770000000004,24145.270000000004,24198.760000000002,8730
2026-04-24T13:00:00+00:00,24198.760000000002,24240.770000000004,24190.750000000004,24219.260000000002,8480
2026-04-24T13:30:00+00:00,24219.260000000002,24231.770000000004,24166.750000000004,24180.260000000002,16407
2026-04-24T14:00:00+00:00,24180.260000000002,24233.770000000004,24153.250000000004,24191.760000000002,15103
2026-04-24T14:30:00+00:00,24191.760000000002,24242.250000000004,24180.750000000004,24216.760000000002,9988.295858201554
2026-04-24T15:00:00+00:00,24216.760000000002,24225.27,24182.260000000002,24199.260000000002,7826
2026-04-24T15:30:00+00:00,24199.260000000002,24364.27,24181.280000000002,24268.280000000002,12121
2026-04-24T16:00:00+00:00,24268.280000000002,24278.41,24238.420000000002,24260.920000000002,4136
2026-04-24T16:30:00+00:00,24260.920000000002,24283.920000000002,24229.91,24271.420000000002,3651
2026-04-24T17:00:00+00:00,24271.420000000002,24282.420000000002,24254.920000000002,24274.93,2304
2026-04-24T17:30:00+00:00,24274.93,24322.920000000002,24260.920000000002,24287.420000000002,2605
2026-04-24T18:00:00+00:00,24287.420000000002,24290.93,24264.43,24273.420000000002,1933
2026-04-24T18:30:00+00:00,24273.420000000002,24290.43,24271.420000000002,24282.91,1577
2026-04-24T19:00:00+00:00,24282.91,24312.93,24282.91,24295.920000000002,1924
2026-04-24T19:30:00+00:00,24295.920000000002,24333.920000000002,24283.920000000002,24331.68,2228
2026-04-27T00:30:00+00:00,24331.68,24331.68,24204.23,24243.23,2052
2026-04-27T01:00:00+00:00,24243.23,24301.49,24242.23,24280.23,4174
2026-04-27T01:30:00+00:00,24280.23,24329.99,24271.24,24327.99,3755
2026-04-27T02:00:00+00:00,24327.99,24334.98,24303.24,24308.5,2600
2026-04-27T02:30:00+00:00,24308.5,24315,24288.98,24297,1120
2026-04-27T03:00:00+00:00,24297,24309.49,24282.23,24291.23,2192
2026-04-27T03:30:00+00:00,24291.23,24304.49,24284.23,24287.23,1121.543270219274
2026-04-27T04:00:00+00:00,24287.23,24292,24266.23,24289.49,1518
2026-04-27T04:30:00+00:00,24289.49,24301,24258.23,24264.25,1149
2026-04-27T05:00:00+00:00,24264.25,24268,24231.25,24239.98,2114
2026-04-27T05:30:00+00:00,24239.98,24242.98,24203.23,24226.5,2530
2026-04-27T06:00:00+00:00,24226.5,24253,24215.98,24252,2704
2026-04-27T06:30:00+00:00,24252,24261.99,24223.48,24246.98,2708
2026-04-27T07:00:00+00:00,24246.98,24300.33,24218.83,24250.850000000002,11857
2026-04-27T07:30:00+00:00,24250.850000000002,24268.84,24222.84,24226.34,8397
2026-04-27T08:00:00+00:00,24226.34,24277.850000000002,24198.23,24271.33,9597
2026-04-27T08:30:00+00:00,24271.33,24310.34,24269.84,24287.350000000002,6185
2026-04-27T09:00:00+00:00,24287.350000000002,24314.350000000002,24282.83,24306.33,5697
2026-04-27T09:30:00+00:00,24306.33,24350.84,24302.34,24336.83,4231
2026-04-27T10:00:00+00:00,24336.83,24352.850000000002,24324.33,24340.850000000002,3838
2026-04-27T10:30:00+00:00,24340.850000000002,24412.350000000002,24338.33,24399.83,5056
2026-04-27T11:00:00+00:00,24399.83,24432.84,24386.83,24428.350000000002,5120
2026-04-27T11:30:00+00:00,24428.350000000002,24446.34,24380.84,24396.850000000002,4832
2026-04-27T12:00:00+00:00,24396.850000000002,24403.850000000002,24330.33,24341.34,6432
2026-04-27T12:30:00+00:00,24341.34,24364.350000000002,24260.84,24271.34,8471
2026-04-27T13:00:00+00:00,24271.34,24280.34,24217.350000000002,24267.34,10317
2026-04-27T13:30:00+00:00,24267.34,24314.350000000002,24190.34,24250.83,17945
2026-04-27T14:00:00+00:00,24250.83,24259.350000000002,24195.34,24227.83,15631
2026-04-27T14:30:00+00:00,24227.83,24235.34,24151.33,24155.33,13205
2026-04-27T15:00:00+00:00,24155.33,24165.350000000002,24109.83,24158.350000000002,11005
2026-04-27T15:30:00+00:00,24158.350000000002,24210.350000000002,24142.33,24205.84,5954
2026-04-27T16:00:00+00:00,24205.84,24220,24189.98,24197,2866
2026-04-27T16:30:00+00:00,24197,24204.49,24188.48,24201.49,2231
2026-04-27T17:00:00+00:00,24201.49,24215.98,24173.5,24207.48,2134
2026-04-27T17:30:00+00:00,24207.48,24228.98,24193.48,24198.99,1901
2026-04-27T18:00:00+00:00,24198.99,24215.5,24186,24213.5,1349
2026-04-27T18:30:00+00:00,24213.5,24216.99,24198.49,24199.99,1268
2026-04-27T19:00:00+00:00,24199.99,24217.98,24192.49,24208.5,1305
2026-04-27T19:30:00+00:00,24208.5,24214.99,24149.75,24155.23,2181
2026-04-28T00:30:00+00:00,24155.23,24206.620000000003,24155.23,24194.61,1440
2026-04-28T01:00:00+00:00,24194.61,24212.11,24177.88,24208.120000000003,1704
2026-04-28T01:30:00+00:00,24208.120000000003,24225.11,24181.86,24186.120000000003,2231
2026-04-28T02:00:00+00:00,24186.120000000003,24208.13,24172.88,24201.61,1536
2026-04-28T02:30:00+00:00,24201.61,24202.13,24174.88,24183.13,1039
2026-04-28T03:00:00+00:00,24183.13,24205.61,24172.870000000003,24203.63,1080
2026-04-28T03:30:00+00:00,24203.63,24211.63,24195.13,24201.63,1080
2026-04-28T04:00:00+00:00,24201.63,24217.13,24191.86,24211.13,1040
2026-04-28T04:30:00+00:00,24211.13,24231.11,24206.870000000003,24216.120000000003,1041
2026-04-28T05:00:00+00:00,24216.120000000003,24221.11,24163.13,24171.61,1622
2026-04-28T05:30:00+00:00,24171.61,24172.63,24116.620000000003,24150.120000000003,2240
2026-04-28T06:00:00+00:00,24150.120000000003,24171.620000000003,24131.61,24167.11,2880
2026-04-28T06:30:00+00:00,24167.11,24170.63,24119.13,24144.11,3606
2026-04-28T07:00:00+00:00,24144.11,24151.98,24054.960000000003,24085.48,14126
2026-04-28T07:30:00+00:00,24085.48,24184.48,24084.98,24180.48,11231
2026-04-28T08:00:00+00:00,24180.48,24205.48,24086.97,24205.48,15139
2026-04-28T08:30:00+00:00,24205.48,24212.97,24170.47,24198.960000000003,8161
2026-04-28T09:00:00+00:00,24198.960000000003,24217.98,24166.460000000003,24206.47,8493
2026-04-28T09:30:00+00:00,24206.47,24211.47,24152.960000000003,24175.960000000003,7540
2026-04-28T10:00:00+00:00,24175.960000000003,24203.48,24157.960000000003,24179.48,7344
2026-04-28T10:30:00+00:00,24179.48,24213.47,24167.460000000003,24205.48,6154
2026-04-28T11:00:00+00:00,24205.48,24222.98,24083.460000000003,24089.97,8790
2026-04-28T11:30:00+00:00,24089.97,24095.48,24012.960000000003,24031.460000000003,13109
2026-04-28T12:00:00+00:00,24031.460000000003,24087.98,23971.48,23981.97,17352
2026-04-28T12:30:00+00:00,23981.97,24138.48,23956.98,24124.48,10759
2026-04-28T13:00:00+00:00,24124.48,24124.48,24039.47,24078.47,10267
2026-04-28T13:30:00+00:00,24078.47,24129.97,24072.97,24089.960000000003,18285
2026-04-28T14:00:00+00:00,24089.960000000003,24108.47,24053.960000000003,24081.47,13264
2026-04-28T14:30:00+00:00,24081.47,24093.48,24007.960000000003,24083.98,18805
2026-04-28T15:00:00+00:00,24083.98,24120.960000000003,24075.460000000003,24099.460000000003,15178
2026-04-28T15:30:00+00:00,24099.460000000003,24103.48,24030.98,24089.47,11395
2026-04-28T16:00:00+00:00,24089.47,24113.13,24060.11,24074.120000000003,5391
2026-04-28T16:30:00+00:00,24074.120000000003,24080.11,24049.13,24064.13,5049
2026-04-28T17:00:00+00:00,24064.13,24070.620000000003,24036.620000000003,24054.13,2976
2026-04-28T17:30:00+00:00,24054.13,24074.13,24040.63,24049.11,2303
2026-04-28T18:00:00+00:00,24049.11,24070.61,24039.63,24060.63,3129
2026-04-28T18:30:00+00:00,24060.63,24062.13,24038.11,24053.11,1800
2026-04-28T19:00:00+00:00,24053.11,24069.63,24047.120000000003,24056.11,2087
2026-04-28T19:30:00+00:00,24056.11,24063.13,24037.61,24057.36,2499
2026-04-29T00:30:00+00:00,24057.36,24116.34,24057.36,24105.34,746
2026-04-29T01:00:00+00:00,24105.34,24106.82,24048.58,24053.34,3299
2026-04-29T01:30:00+00:00,24053.34,24094.33,24047.58,24074.84,2333
2026-04-29T02:00:00+00:00,24074.84,24104.83,24074.59,24087.82,1801
2026-04-29T02:30:00+00:00,24087.82,24089.82,24073.58,24077.33,1020
2026-04-29T03:00:00+00:00,24077.33,24099.33,24065.57,24096.33,1010
2026-04-29T03:30:00+00:00,24096.33,24097.82,24077.57,24090.33,508
2026-04-29T04:00:00+00:00,24090.33,24097.34,24086.57,24094.83,490
2026-04-29T04:30:00+00:00,24094.83,24127.84,24094.83,24109.33,700
2026-04-29T05:00:00+00:00,24109.33,24129.84,24107.32,24121.59,966
2026-04-29T05:30:00+00:00,24121.59,24161.82,24119.57,24151.34,1242
2026-04-29T06:00:00+00:00,24151.34,24182.32,24143.82,24151.34,2439
2026-04-29T06:30:00+00:00,24151.34,24154.83,24103.84,24104.84,2903
2026-04-29T07:00:00+00:00,24104.84,24155.68,24091.190000000002,24122.190000000002,13252
2026-04-29T07:30:00+00:00,24122.190000000002,24131.690000000002,24046.170000000002,24056.68,11889
2026-04-29T08:00:00+00:00,24056.68,24088.170000000002,23994.170000000002,24022.18,13417
2026-04-29T08:30:00+00:00,24022.18,24034.68,23980.170000000002,24006.170000000002,12359
2026-04-29T09:00:00+00:00,24006.170000000002,24050.690000000002,23996.68,24032.190000000002,10082
2026-04-29T09:30:00+00:00,24032.190000000002,24059.690000000002,23969.690000000002,23991.190000000002,10758
2026-04-29T10:00:00+00:00,23991.190000000002,24086.690000000002,23978.170000000002,24062.18,7057
2026-04-29T10:30:00+00:00,24062.18,24083.670000000002,24034.670000000002,24044.670000000002,6229
2026-04-29T11:00:00+00:00,24044.670000000002,24058.190000000002,24015.670000000002,24043.190000000002,7076
2026-04-29T11:30:00+00:00,24043.190000000002,24076.670000000002,24026.670000000002,24064.190000000002,6101
2026-04-29T12:00:00+00:00,24064.190000000002,24084.190000000002,24044.670000000002,24065.68,6079
2026-04-29T12:30:00+00:00,24065.68,24065.68,24017.68,24056.18,7393
2026-04-29T13:00:00+00:00,24056.18,24100.170000000002,23996.670000000002,24021.670000000002,8263
2026-04-29T13:30:00+00:00,24021.670000000002,24035.68,23930.170000000002,23994.670000000002,14312
2026-04-29T14:00:00+00:00,23994.670000000002,24065.190000000002,23988.170000000002,24040.690000000002,8676
2026-04-29T14:30:00+00:00,24040.690000000002,24063.190000000002,24017.670000000002,24048.670000000002,7448.417385219065
2026-04-29T15:00:00+00:00,24048.670000000002,24062.68,23951.670000000002,23994.170000000002,7757
2026-04-29T15:30:00+00:00,23994.170000000002,24007.190000000002,23911.58,23939.690000000002,13250
2026-04-29T16:00:00+00:00,23939.690000000002,23965.34,23920.33,23921.33,5709
2026-04-29T16:30:00+00:00,23921.33,23921.82,23873.57,23915.84,5577
2026-04-29T17:00:00+00:00,23915.84,23918.34,23875.33,23918.33,4462
2026-04-29T17:30:00+00:00,23918.33,23943.34,23906.33,23935.57,3898
2026-04-29T18:00:00+00:00,23935.57,23950.84,23882.33,23904.82,6179
2026-04-29T18:30:00+00:00,23904.82,23925.84,23837.83,23909.82,8654
2026-04-29T19:00:00+00:00,23909.82,23932.83,23884.59,23904.84,4763
2026-04-29T19:30:00+00:00,23904.84,23904.84,23869.82,23886.59,4751
2026-04-30T00:30:00+00:00,23886.59,23971.34,23886.59,23960.850000000002,1831
2026-04-30T01:00:00+00:00,23960.850000000002,23968.33,23939.84,23958.350000000002,2515
2026-04-30T01:30:00+00:00,23958.350000000002,23983.34,23938.33,23981.84,2221
2026-04-30T02:00:00+00:00,23981.84,23989.33,23922.58,23930.850000000002,1590
2026-04-30T02:30:00+00:00,23930.850000000002,23930.850000000002,23843.58,23870.83,5294
2026-04-30T03:00:00+00:00,23870.83,23878.34,23841.34,23842.59,2666
2026-04-30T03:30:00+00:00,23842.59,23855.34,23832.58,23834.58,1616
2026-04-30T04:00:00+00:00,23834.58,23837.350000000002,23778.84,23784.350000000002,2310
2026-04-30T04:30:00+00:00,23784.350000000002,23784.350000000002,23691.59,23703.83,3254
2026-04-30T05:00:00+00:00,23703.83,23773.350000000002,23696.59,23740.33,3530
2026-04-30T05:30:00+00:00,23740.33,23782.84,23721.350000000002,23730.350000000002,2862
2026-04-30T06:00:00+00:00,23730.350000000002,23739.34,23663.33,23702.350000000002,4985
2026-04-30T06:30:00+00:00,23702.350000000002,23775.350000000002,23700.84,23760.84,6898
2026-04-30T07:00:00+00:00,23760.84,23911.7,23706.7,23907.690000000002,18297
2026-04-30T07:30:00+00:00,23907.690000000002,23943.7,23884.2,23923.2,12812
2026-04-30T08:00:00+00:00,23923.2,23969.190000000002,23914.7,23967.2,15815
2026-04-30T08:30:00+00:00,23967.2,23979.2,23918.18,23921.2,11788
2026-04-30T09:00:00+00:00,23921.2,24001.7,23914.18,23999.18,13388
2026-04-30T09:30:00+00:00,23999.18,24061.7,23997.2,24034.190000000002,16408
2026-04-30T10:00:00+00:00,24034.190000000002,24098.7,24031.18,24083.690000000002,10987
2026-04-30T10:30:00+00:00,24083.690000000002,24111.690000000002,24035.18,24101.2,14589
2026-04-30T11:00:00+00:00,24101.2,24190.68,24098.600000000002,24186.7,10524
2026-04-30T11:30:00+00:00,24186.7,24194.190000000002,24151.7,24178.7,10791
2026-04-30T12:00:00+00:00,24178.7,24255.7,24163.190000000002,24234.68,7340
2026-04-30T12:30:00+00:00,24234.68,24244.690000000002,24200.18,24208.7,11638
2026-04-30T13:00:00+00:00,24208.7,24248.190000000002,24197.68,24199.690000000002,13657
2026-04-30T13:30:00+00:00,24199.690000000002,24207.2,24131.690000000002,24144.68,20981
2026-04-30T14:00:00+00:00,24144.68,24239.690000000002,24132.68,24238.2,19735
2026-04-30T14:30:00+00:00,24238.2,24309.2,24222.18,24277.690000000002,17512.46976604679
2026-04-30T15:00:00+00:00,24277.690000000002,24332.700000000004,24267.190000000002,24320.710000000003,13066
2026-04-30T15:30:00+00:00,24320.710000000003,24366.710000000003,24282.690000000002,24317.210000000003,9068
2026-04-30T16:00:00+00:00,24317.210000000003,24335.340000000004,24305.340000000004,24316.360000000004,3739
2026-04-30T16:30:00+00:00,24316.360000000004,24333.360000000004,24303.340000000004,24314.840000000004,3719
2026-04-30T17:00:00+00:00,24314.840000000004,24340.840000000004,24314.340000000004,24326.360000000004,2945
2026-04-30T17:30:00+00:00,24326.360000000004,24353.360000000004,24326.360000000004,24342.350000000002,3326
2026-04-30T18:00:00+00:00,24342.350000000002,24375.850000000002,24340.850000000002,24361.340000000004,2448
2026-04-30T18:30:00+00:00,24361.340000000004,24376.840000000004,24347.340000000004,24351.860000000004,1717
2026-04-30T19:00:00+00:00,24351.860000000004,24382.340000000004,24349.840000000004,24366.850000000002,2785
2026-04-30T19:30:00+00:00,24366.850000000002,24366.850000000002,24332.340000000004,24335.090000000004,3137
2026-05-04T00:30:00+00:00,24335.090000000004,24374.860000000004,24332.600000000002,24367.350000000002,2026
2026-05-04T01:00:00+00:00,24367.350000000002,24371.350000000002,24334.850000000002,24350.870000000003,2661
2026-05-04T01:30:00+00:00,24350.870000000003,24384.370000000003,24346.360000000004,24380.870000000003,1702
2026-05-04T02:00:00+00:00,24380.870000000003,24386.860000000004,24357.350000000002,24360.370000000003,2192
2026-05-04T02:30:00+00:00,24360.370000000003,24401.370000000003,24357.850000000002,24388.370000000003,1423
2026-05-04T03:00:00+00:00,24388.370000000003,24408.850000000002,24382.600000000002,24397.350000000002,812
2026-05-04T03:30:00+00:00,24397.350000000002,24397.350000000002,24368.350000000002,24390.610000000004,1211.1096763648252
2026-05-04T04:00:00+00:00,24390.610000000004,24398.850000000002,24379.870000000003,24381.360000000004,734
2026-05-04T04:30:00+00:00,24381.360000000004,24385.860000000004,24364.360000000004,24378.350000000002,734
2026-05-04T05:00:00+00:00,24378.350000000002,24433.350000000002,24374.860000000004,24395.350000000002,1707
2026-05-04T05:30:00+00:00,24395.350000000002,24429.870000000003,24390.350000000002,24420.360000000004,1305
2026-05-04T06:00:00+00:00,24420.360000000004,24434.860000000004,24391.870000000003,24405.350000000002,3066
2026-05-04T06:30:00+00:00,24405.350000000002,24418.850000000002,24323.870000000003,24354.860000000004,4219
2026-05-04T07:00:00+00:00,24354.860000000004,24416.220000000005,24300.700000000004,24398.200000000004,10962
2026-05-04T07:30:00+00:00,24398.200000000004,24448.210000000003,24369.220000000005,24386.210000000003,6388
2026-05-04T08:00:00+00:00,24386.210000000003,24393.210000000003,24329.710000000003,24371.200000000004,8913
2026-05-04T08:30:00+00:00,24371.200000000004,24384.220000000005,24328.200000000004,24337.210000000003,6899
2026-05-04T09:00:00+00:00,24337.210000000003,24405.220000000005,24330.710000000003,24397.700000000004,5317
2026-05-04T09:30:00+00:00,24397.700000000004,24442.700000000004,24392.720000000005,24415.200000000004,3705
2026-05-04T10:00:00+00:00,24415.200000000004,24437.220000000005,24102.220000000005,24237.710000000003,27929
2026-05-04T10:30:00+00:00,24237.710000000003,24375.220000000005,24210.200000000004,24309.710000000003,15619
2026-05-04T11:00:00+00:00,24309.710000000003,24351.710000000003,24281.710000000003,24305.210000000003,11638
2026-05-04T11:30:00+00:00,24305.210000000003,24317.220000000005,24239.200000000004,24297.720000000005,9860
2026-05-04T12:00:00+00:00,24297.720000000005,24353.710000000003,24285.700000000004,24317.200000000004,8773
2026-05-04T12:30:00+00:00,24317.200000000004,24333.220000000005,24275.200000000004,24287.710000000003,8659
2026-05-04T13:00:00+00:00,24287.710000000003,24310.200000000004,24194.710000000003,24234.720000000005,14452
2026-05-04T13:30:00+00:00,24234.720000000005,24283.720000000005,24211.700000000004,24229.700000000004,13297
2026-05-04T14:00:00+00:00,24229.700000000004,24261.710000000003,24151.620000000003,24218.210000000003,11571
2026-05-04T14:30:00+00:00,24218.210000000003,24245.220000000005,24150.700000000004,24155.710000000003,9538
2026-05-04T15:00:00+00:00,24155.710000000003,24198.200000000004,24004.720000000005,24072.200000000004,18406
2026-05-04T15:30:00+00:00,24072.200000000004,24075.200000000004,23960.710000000003,23996.200000000004,15063
2026-05-04T16:00:00+00:00,23996.200000000004,24006.350000000002,23879.610000000004,23958.870000000003,15619
2026-05-04T16:30:00+00:00,23958.870000000003,23978.860000000004,23904.600000000002,23916.850000000002,7896
2026-05-04T17:00:00+00:00,23916.850000000002,24026.370000000003,23915.350000000002,24017.350000000002,6272
2026-05-04T17:30:00+00:00,24017.350000000002,24019.370000000003,23982.370000000003,23996.860000000004,2773
2026-05-04T18:00:00+00:00,23996.860000000004,24015.370000000003,23923.360000000004,23939.370000000003,2772
2026-05-04T18:30:00+00:00,23939.370000000003,23943.360000000004,23901.350000000002,23926.370000000003,2989
2026-05-04T19:00:00+00:00,23926.370000000003,23961.370000000003,23916.850000000002,23947.850000000002,3959
2026-05-04T19:30:00+00:00,23947.850000000002,23961.370000000003,23934.870000000003,23948.610000000004,2941
2026-05-05T00:30:00+00:00,23948.610000000004,23960.500000000004,23929.730000000003,23954.000000000004,2202
2026-05-05T01:00:00+00:00,23954.000000000004,23955.49,23933.480000000003,23938.49,2526
2026-05-05T01:30:00+00:00,23938.49,23960.99,23916.49,23942.500000000004,3208
2026-05-05T02:00:00+00:00,23942.500000000004,23959.500000000004,23937.750000000004,23957.000000000004,2013
2026-05-05T02:30:00+00:00,23957.000000000004,23965.980000000003,23937.980000000003,23949.99,2021
2026-05-05T03:00:00+00:00,23949.99,23969.99,23940.000000000004,23966.500000000004,1363
2026-05-05T03:30:00+00:00,23966.500000000004,23975.000000000004,23959.750000000004,23966.480000000003,1259
2026-05-05T04:00:00+00:00,23966.480000000003,23980.99,23962.000000000004,23971.99,1056
2026-05-05T04:30:00+00:00,23971.99,23985.49,23960.980000000003,23967.480000000003,1286
2026-05-05T05:00:00+00:00,23967.480000000003,23979.480000000003,23952.99,23969.000000000004,2091
2026-05-05T05:30:00+00:00,23969.000000000004,24016.500000000004,23962.480000000003,23999.980000000003,2752
2026-05-05T06:00:00+00:00,23999.980000000003,24021.000000000004,23956.500000000004,23959.480000000003,5413
2026-05-05T06:30:00+00:00,23959.480000000003,24054.000000000004,23959.480000000003,24052.500000000004,5535
2026-05-05T07:00:00+00:00,24052.500000000004,24136.840000000004,24026.350000000002,24135.340000000004,15958
2026-05-05T07:30:00+00:00,24135.340000000004,24249.350000000002,24128.33,24170.840000000004,15703
2026-05-05T08:00:00+00:00,24170.840000000004,24281.33,24160.83,24256.83,13090
2026-05-05T08:30:00+00:00,24256.83,24291.350000000002,24250.340000000004,24285.840000000004,11036
2026-05-05T09:00:00+00:00,24285.840000000004,24289.350000000002,24245.33,24267.340000000004,10582
2026-05-05T09:30:00+00:00,24267.340000000004,24314.350000000002,24260.83,24300.33,8350
2026-05-05T10:00:00+00:00,24300.33,24310.350000000002,24284.340000000004,24291.340000000004,7339
2026-05-05T10:30:00+00:00,24291.340000000004,24360.850000000002,24290.33,24337.350000000002,9075
2026-05-05T11:00:00+00:00,24337.350000000002,24372.850000000002,24301.33,24352.33,12117
2026-05-05T11:30:00+00:00,24352.33,24403.33,24346.33,24362.33,7137
2026-05-05T12:00:00+00:00,24362.33,24428.350000000002,24331.840000000004,24419.850000000002,12561
2026-05-05T12:30:00+00:00,24419.850000000002,24431.350000000002,24339.33,24362.33,7920
2026-05-05T13:00:00+00:00,24362.33,24406.840000000004,24357.340000000004,24380.33,8264
2026-05-05T13:30:00+00:00,24380.33,24384.850000000002,24305.350000000002,24337.33,12217
2026-05-05T14:00:00+00:00,24337.33,24377.350000000002,24261.840000000004,24311.33,19354
2026-05-05T14:30:00+00:00,24311.33,24365.350000000002,24285.340000000004,24365.350000000002,10538
2026-05-05T15:00:00+00:00,24365.350000000002,24440.840000000004,24359.33,24433.33,8800
2026-05-05T15:30:00+00:00,24433.33,24478.350000000002,24415.83,24450.850000000002,7488
2026-05-05T16:00:00+00:00,24450.850000000002,24453.500000000004,24430.500000000004,24441.980000000003,4132
2026-05-05T16:30:00+00:00,24441.980000000003,24441.99,24416.980000000003,24420.000000000004,3338
2026-05-05T17:00:00+00:00,24420.000000000004,24438.000000000004,24410.980000000003,24432.000000000004,2380
2026-05-05T17:30:00+00:00,24432.000000000004,24453.500000000004,24419.000000000004,24425.49,2182
2026-05-05T18:00:00+00:00,24425.49,24443.500000000004,24420.49,24439.000000000004,1840
2026-05-05T18:30:00+00:00,24439.000000000004,24450.480000000003,24433.980000000003,24444.980000000003,1168
2026-05-05T19:00:00+00:00,24444.980000000003,24457.49,24441.980000000003,24454.980000000003,1340
2026-05-05T19:30:00+00:00,24454.980000000003,24475.000000000004,24435.480000000003,24459.750000000004,2903
2026-05-06T00:30:00+00:00,24459.750000000004,24595.31,24459.750000000004,24591.31,2996
2026-05-06T01:00:00+00:00,24591.31,24612.81,24583.31,24588.31,3684
2026-05-06T01:30:00+00:00,24588.31,24597.81,24563.31,24569.33,4010
2026-05-06T02:00:00+00:00,24569.33,24578.81,24548.81,24549.83,2839
2026-05-06T02:30:00+00:00,24549.83,24558.81,24529.83,24534.33,2056
2026-05-06T03:00:00+00:00,24534.33,24563.33,24530.320000000003,24555.820000000003,1733
2026-05-06T03:30:00+00:00,24555.820000000003,24589.33,24555.820000000003,24563.33,2013
2026-05-06T04:00:00+00:00,24563.33,24602.820000000003,24560.820000000003,24595.33,1415
2026-05-06T04:30:00+00:00,24595.33,24635.820000000003,24583.820000000003,24614.83,2500
2026-05-06T05:00:00+00:00,24614.83,24615.81,24574.06,24582.31,2533
2026-05-06T05:30:00+00:00,24582.31,24650.31,24582.31,24646.31,2795
2026-05-06T06:00:00+00:00,24646.31,24679.33,24622.33,24642.820000000003,3823
2026-05-06T06:30:00+00:00,24642.820000000003,24673.81,24619.33,24666.320000000003,5020
2026-05-06T07:00:00+00:00,24666.320000000003,24767.180000000004,24657.680000000004,24732.670000000002,16795
2026-05-06T07:30:00+00:00,24732.670000000002,24809.670000000002,24704.670000000002,24801.660000000003,12820
2026-05-06T08:00:00+00:00,24801.660000000003,24830.660000000003,24792.660000000003,24806.670000000002,13714
2026-05-06T08:30:00+00:00,24806.670000000002,25109.180000000004,24797.180000000004,25042.170000000002,20885
2026-05-06T09:00:00+00:00,25042.170000000002,25065.680000000004,24964.170000000002,24967.180000000004,20831
2026-05-06T09:30:00+00:00,24967.180000000004,25067.680000000004,24958.170000000002,25062.170000000002,14392
2026-05-06T10:00:00+00:00,25062.170000000002,25099.170000000002,25044.160000000003,25068.180000000004,12833
2026-05-06T10:30:00+00:00,25068.180000000004,25185.160000000003,25060.670000000002,25153.680000000004,16845
2026-05-06T11:00:00+00:00,25153.680000000004,25194.160000000003,25119.670000000002,25128.160000000003,15393
2026-05-06T11:30:00+00:00,25128.160000000003,25155.170000000002,25048.670000000002,25062.680000000004,14303
2026-05-06T12:00:00+00:00,25062.680000000004,25067.660000000003,24872.06,24973.670000000002,16853
2026-05-06T12:30:00+00:00,24973.670000000002,24985.180000000004,24948.180000000004,24974.160000000003,13355
2026-05-06T13:00:00+00:00,24974.160000000003,24989.180000000004,24905.170000000002,24951.180000000004,15710
2026-05-06T13:30:00+00:00,24951.180000000004,24961.160000000003,24869.160000000003,24911.670000000002,16381
2026-05-06T14:00:00+00:00,24911.670000000002,24970.670000000002,24881.170000000002,24925.160000000003,14732
2026-05-06T14:30:00+00:00,24925.160000000003,25029.660000000003,24920.180000000004,24990.180000000004,13800
2026-05-06T15:00:00+00:00,24990.180000000004,25012.180000000004,24954.680000000004,24989.660000000003,9628
2026-05-06T15:30:00+00:00,24989.660000000003,25004.180000000004,24936.660000000003,24948.160000000003,7550
2026-05-06T16:00:00+00:00,24948.160000000003,24966.33,24939.83,24956.320000000003,4217
2026-05-06T16:30:00+00:00,24956.320000000003,24975.83,24921.81,24937.820000000003,4652
2026-05-06T17:00:00+00:00,24937.820000000003,24961.33,24931.31,24938.33,2849
2026-05-06T17:30:00+00:00,24938.33,24950.81,24926.820000000003,24950.81,2402
2026-05-06T18:00:00+00:00,24950.81,24979.33,24947.81,24972.31,3051
2026-05-06T18:30:00+00:00,24972.31,24979.33,24966.820000000003,24974.83,2066.4924102184377
2026-05-06T19:00:00+00:00,24974.83,24995.320000000003,24973.33,24980.820000000003,1874
2026-05-06T19:30:00+00:00,24980.820000000003,25015.320000000003,24970.820000000003,24984.08,3091
2026-05-07T00:30:00+00:00,24984.08,24984.08,24962.790000000005,24976.790000000005,3310
2026-05-07T01:00:00+00:00,24976.790000000005,25004.06,24956.790000000005,24993.050000000003,4225
2026-05-07T01:30:00+00:00,24993.050000000003,25029.06,24984.790000000005,25005.540000000005,3534
2026-05-07T02:00:00+00:00,25005.540000000005,25016.06,24992.540000000005,25012.06,3255
2026-05-07T02:30:00+00:00,25012.06,25015.56,24989.06,24995.040000000005,2817
2026-05-07T03:00:00+00:00,24995.040000000005,25000.56,24978.56,24993.540000000005,2060
2026-05-07T03:30:00+00:00,24993.540000000005,24998.56,24980.540000000005,24980.56,1632
2026-05-07T04:00:00+00:00,24980.56,24997.550000000003,24973.040000000005,24992.550000000003,1738
2026-05-07T04:30:00+00:00,24992.550000000003,25009.050000000003,24982.800000000003,24997.040000000005,1531
2026-05-07T05:00:00+00:00,24997.040000000005,25011.06,24956.06,24962.06,1873
2026-05-07T05:30:00+00:00,24962.06,24983.06,24954.540000000005,24958.040000000005,1728
2026-05-07T06:00:00+00:00,24958.040000000005,24973.540000000005,24937.050000000003,24955.540000000005,2631
2026-05-07T06:30:00+00:00,24955.540000000005,25004.56,24941.540000000005,24992.040000000005,5288
2026-05-07T07:00:00+00:00,24992.040000000005,25041.890000000003,24951.390000000003,25020.890000000003,22296
2026-05-07T07:30:00+00:00,25020.890000000003,25050.4,24970.390000000003,24981.890000000003,12318
2026-05-07T08:00:00+00:00,24981.890000000003,25009.910000000003,24940.800000000003,24970.410000000003,14389
2026-05-07T08:30:00+00:00,24970.410000000003,24990.410000000003,24908.410000000003,24917.910000000003,9184
2026-05-07T09:00:00+00:00,24917.910000000003,24946.410000000003,24908.890000000003,24938.890000000003,7207
2026-05-07T09:30:00+00:00,24938.890000000003,24952.9,24893.390000000003,24907.410000000003,7814
2026-05-07T10:00:00+00:00,24907.410000000003,24920.4,24875.4,24903.410000000003,7587
2026-05-07T10:30:00+00:00,24903.410000000003,24936.410000000003,24885.390000000003,24888.390000000003,7374
2026-05-07T11:00:00+00:00,24888.390000000003,24919.410000000003,24872.9,24901.9,7419
2026-05-07T11:30:00+00:00,24901.9,24925.410000000003,24883.390000000003,24894.9,6005
2026-05-07T12:00:00+00:00,24894.9,24947.9,24887.890000000003,24945.890000000003,7211
2026-05-07T12:30:00+00:00,24945.890000000003,24978.410000000003,24931.390000000003,24948.410000000003,6832
2026-05-07T13:00:00+00:00,24948.410000000003,24948.410000000003,24882.390000000003,24884.390000000003,8799
2026-05-07T13:30:00+00:00,24884.390000000003,24902.410000000003,24793.890000000003,24837.9,15834
2026-05-07T14:00:00+00:00,24837.9,24841.410000000003,24755.910000000003,24783.4,13046
2026-05-07T14:30:00+00:00,24783.4,24801.410000000003,24757.9,24784.9,10575
2026-05-07T15:00:00+00:00,24784.9,24788.9,24674.390000000003,24699.4,13672
2026-05-07T15:30:00+00:00,24699.4,24718.410000000003,24637.390000000003,24651.4,11108
2026-05-07T16:00:00+00:00,24651.4,24663.56,24592.540000000005,24640.050000000003,13397
2026-05-07T16:30:00+00:00,24640.050000000003,24654.050000000003,24575.540000000005,24589.540000000005,8683
2026-05-07T17:00:00+00:00,24589.540000000005,24610.540000000005,24469.540000000005,24503.050000000003,11490
2026-05-07T17:30:00+00:00,24503.050000000003,24544.040000000005,24482.56,24541.06,12550
2026-05-07T18:00:00+00:00,24541.06,24556.550000000003,24509.550000000003,24516.040000000005,7512
2026-05-07T18:30:00+00:00,24516.040000000005,24528.540000000005,24454.800000000003,24505.550000000003,10427
2026-05-07T19:00:00+00:00,24505.550000000003,24528.06,24441.56,24467.06,8610
2026-05-07T19:30:00+00:00,24467.06,24499.56,24437.040000000005,24451.790000000005,6843
2026-05-08T00:30:00+00:00,24451.790000000005,24480.670000000002,24445.9,24472.4,698.9659353348729
2026-05-08T01:00:00+00:00,24472.4,24507.15,24472.4,24484.4,3056
2026-05-08T01:30:00+00:00,24484.4,24488.670000000002,24460.410000000003,24469.660000000003,2524
2026-05-08T02:00:00+00:00,24469.660000000003,24481.160000000003,24456.670000000002,24469.170000000002,2657
2026-05-08T02:30:00+00:00,24469.170000000002,24502.660000000003,24428.4,24470.160000000003,3574
2026-05-08T03:00:00+00:00,24470.160000000003,24481.670000000002,24458.170000000002,24466.670000000002,1993
2026-05-08T03:30:00+00:00,24466.670000000002,24495.170000000002,24462.15,24475.65,1893
2026-05-08T04:00:00+00:00,24475.65,24486.170000000002,24454.410000000003,24479.65,1999
2026-05-08T04:30:00+00:00,24479.65,24498.670000000002,24450.4,24484.65,2264
2026-05-08T05:00:00+00:00,24484.65,24500.15,24471.4,24483.670000000002,2372
2026-05-08T05:30:00+00:00,24483.670000000002,24507.170000000002,24481.420000000002,24493.65,2483
2026-05-08T06:00:00+00:00,24493.65,24531.170000000002,24453.660000000003,24507.160000000003,3976
2026-05-08T06:30:00+00:00,24507.160000000003,24514.670000000002,24457.65,24483.65,4429
2026-05-08T07:00:00+00:00,24483.65,24493.510000000002,24412.000000000004,24462.510000000002,14870
2026-05-08T07:30:00+00:00,24462.510000000002,24497.020000000004,24435.500000000004,24495.520000000004,12909
2026-05-08T08:00:00+00:00,24495.520000000004,24499.510000000002,24424.510000000002,24438.020000000004,12651
2026-05-08T08:30:00+00:00,24438.020000000004,24469.520000000004,24406.010000000002,24419.020000000004,9717
2026-05-08T09:00:00+00:00,24419.020000000004,24515.020000000004,24414.020000000004,24502.000000000004,8441
2026-05-08T09:30:00+00:00,24502.000000000004,24521.020000000004,24432.500000000004,24453.010000000002,9420
2026-05-08T10:00:00+00:00,24453.010000000002,24483.000000000004,24431.520000000004,24466.510000000002,6994
2026-05-08T10:30:00+00:00,24466.510000000002,24505.010000000002,24438.020000000004,24489.500000000004,7904
2026-05-08T11:00:00+00:00,24489.500000000004,24506.010000000002,24448.010000000002,24462.520000000004,7535
2026-05-08T11:30:00+00:00,24462.520000000004,24465.500000000004,24411.020000000004,24442.010000000002,6012
2026-05-08T12:00:00+00:00,24442.010000000002,24451.020000000004,24420.000000000004,24438.4,7222
2026-05-08T12:30:00+00:00,24438.4,24484.000000000004,24376.4,24405.520000000004,10161
2026-05-08T13:00:00+00:00,24405.520000000004,24460.010000000002,24387.010000000002,24456.000000000004,11220
2026-05-08T13:30:00+00:00,24456.000000000004,24489.010000000002,24419.500000000004,24488.510000000002,13161
2026-05-08T14:00:00+00:00,24488.510000000002,24490.020000000004,24390.000000000004,24391.020000000004,12341
2026-05-08T14:30:00+00:00,24391.020000000004,24393.020000000004,24336.510000000002,24342.520000000004,8863.961206707823
2026-05-08T15:00:00+00:00,24342.520000000004,24348.510000000002,24292.520000000004,24315.500000000004,8228
2026-05-08T15:30:00+00:00,24315.500000000004,24370.510000000002,24280.010000000002,24362.520000000004,7330
2026-05-08T16:00:00+00:00,24362.520000000004,24393.170000000002,24357.65,24367.65,4166
2026-05-08T16:30:00+00:00,24367.65,24369.160000000003,24342.660000000003,24346.660000000003,3398
2026-05-08T17:00:00+00:00,24346.660000000003,24379.170000000002,24340.660000000003,24370.170000000002,2915
2026-05-08T17:30:00+00:00,24370.170000000002,24374.170000000002,24340.170000000002,24350.170000000002,1846
2026-05-08T18:00:00+00:00,24350.170000000002,24404.65,24347.65,24359.660000000003,3951
2026-05-08T18:30:00+00:00,24359.660000000003,24371.160000000003,24330.15,24339.65,2409
2026-05-08T19:00:00+00:00,24339.65,24375.65,24337.660000000003,24372.170000000002,1872
2026-05-08T19:30:00+00:00,24372.170000000002,24425.15,24368.170000000002,24409.920000000002,3066
2026-05-11T00:30:00+00:00,24409.920000000002,24409.920000000002,24235.49,24266.970000000005,4465
2026-05-11T01:00:00+00:00,24266.970000000005,24299.99,24249.74,24290.99,5376
2026-05-11T01:30:00+00:00,24290.99,24298.480000000003,24270.720000000005,24284.470000000005,3772
2026-05-11T02:00:00+00:00,24284.470000000005,24299.470000000005,24272.720000000005,24294.980000000003,2461
2026-05-11T02:30:00+00:00,24294.980000000003,24299.970000000005,24272.730000000003,24278.470000000005,2188
2026-05-11T03:00:00+00:00,24278.470000000005,24297.980000000003,24257.74,24295.480000000003,2611
2026-05-11T03:30:00+00:00,24295.480000000003,24320.480000000003,24290.49,24308.970000000005,1851
2026-05-11T04:00:00+00:00,24308.970000000005,24323.470000000005,24295.470000000005,24318.480000000003,1455
2026-05-11T04:30:00+00:00,24318.480000000003,24320.470000000005,24280.970000000005,24289.470000000005,1244
2026-05-11T05:00:00+00:00,24289.470000000005,24298.49,24275.470000000005,24290.970000000005,1693
2026-05-11T05:30:00+00:00,24290.970000000005,24300.980000000003,24261.480000000003,24286.49,1877
2026-05-11T06:00:00+00:00,24286.49,24303.980000000003,24274.470000000005,24295.480000000003,2753
2026-05-11T06:30:00+00:00,24295.480000000003,24318.49,24276.49,24314.980000000003,2765
2026-05-11T07:00:00+00:00,24314.980000000003,24359.33,24303.33,24308.33,11788
2026-05-11T07:30:00+00:00,24308.33,24323.340000000004,24269.820000000003,24306.340000000004,9521
2026-05-11T08:00:00+00:00,24306.340000000004,24364.340000000004,24284.33,24338.33,10469
2026-05-11T08:30:00+00:00,24338.33,24376.83,24299.320000000003,24301.320000000003,6769
2026-05-11T09:00:00+00:00,24301.320000000003,24315.340000000004,24284.840000000004,24308.340000000004,5924
2026-05-11T09:30:00+00:00,24308.340000000004,24370.320000000003,24304.33,24317.33,5471
2026-05-11T10:00:00+00:00,24317.33,24328.340000000004,24288.820000000003,24310.320000000003,5470
2026-05-11T10:30:00+00:00,24310.320000000003,24325.820000000003,24285.320000000003,24302.840000000004,5525
2026-05-11T11:00:00+00:00,24302.840000000004,24324.820000000003,24281.320000000003,24291.83,4693
2026-05-11T11:30:00+00:00,24291.83,24307.820000000003,24226.320000000003,24247.83,4902
2026-05-11T12:00:00+00:00,24247.83,24273.33,24210.340000000004,24270.340000000004,5436
2026-05-11T12:30:00+00:00,24270.340000000004,24290.33,24231.840000000004,24272.340000000004,7167
2026-05-11T13:00:00+00:00,24272.340000000004,24311.33,24267.820000000003,24305.320000000003,5471
2026-05-11T13:30:00+00:00,24305.320000000003,24349.340000000004,24297.320000000003,24327.33,7635
2026-05-11T14:00:00+00:00,24327.33,24329.340000000004,24280.320000000003,24313.33,6258
2026-05-11T14:30:00+00:00,24313.33,24317.340000000004,24265.33,24303.33,8901
2026-05-11T15:00:00+00:00,24303.33,24370.840000000004,24294.340000000004,24362.340000000004,5471
2026-05-11T15:30:00+00:00,24362.340000000004,24365.33,24325.83,24337.33,5847
2026-05-11T16:00:00+00:00,24337.33,24337.99,24320.970000000005,24328.480000000003,2190
2026-05-11T16:30:00+00:00,24328.480000000003,24328.49,24257.980000000003,24267.980000000003,4438
2026-05-11T17:00:00+00:00,24267.980000000003,24289.99,24252.99,24284.99,2014
2026-05-11T17:30:00+00:00,24284.99,24304.99,24284.49,24293.480000000003,1446
2026-05-11T18:00:00+00:00,24293.480000000003,24312.49,24284.970000000005,24296.99,1891
2026-05-11T18:30:00+00:00,24296.99,24300.99,24271.49,24272.99,1575
2026-05-11T19:00:00+00:00,24272.99,24288.49,24263.970000000005,24264.99,1921
2026-05-11T19:30:00+00:00,24264.99,24301.480000000003,24250.480000000003,24299.24,2391
2026-05-12T00:30:00+00:00,24299.24,24299.24,24244.24,24249.99,1975
2026-05-12T01:00:00+00:00,24249.99,24258.010000000002,24158.24,24168.99,3592
2026-05-12T01:30:00+00:00,24168.99,24174.000000000004,24075.260000000002,24144.99,6615
2026-05-12T02:00:00+00:00,24144.99,24192.49,24135.260000000002,24183.49,4592
2026-05-12T02:30:00+00:00,24183.49,24209.510000000002,24162.24,24202.49,2941
2026-05-12T03:00:00+00:00,24202.49,24209.99,24170.500000000004,24175.510000000002,2233
2026-05-12T03:30:00+00:00,24175.510000000002,24195.500000000004,24152.24,24158.010000000002,1690
2026-05-12T04:00:00+00:00,24158.010000000002,24174.99,24148.500000000004,24163.010000000002,1958
2026-05-12T04:30:00+00:00,24163.010000000002,24178.010000000002,24137.250000000004,24142.49,1908
2026-05-12T05:00:00+00:00,24142.49,24167.010000000002,24131.24,24158.010000000002,2173
2026-05-12T05:30:00+00:00,24158.010000000002,24183.010000000002,24143.99,24179.010000000002,2563
2026-05-12T06:00:00+00:00,24179.010000000002,24194.000000000004,24154.500000000004,24159.010000000002,3298
2026-05-12T06:30:00+00:00,24159.010000000002,24164.010000000002,24063.500000000004,24076.010000000002,3907
2026-05-12T07:00:00+00:00,24076.010000000002,24161.360000000004,24020.840000000004,24160.350000000002,15324
2026-05-12T07:30:00+00:00,24160.350000000002,24210.340000000004,24140.360000000004,24144.340000000004,8485
2026-05-12T08:00:00+00:00,24144.340000000004,24187.860000000004,24114.360000000004,24160.840000000004,9793
2026-05-12T08:30:00+00:00,24160.840000000004,24200.350000000002,24131.340000000004,24145.850000000002,8280
2026-05-12T09:00:00+00:00,24145.850000000002,24166.850000000002,24115.840000000004,24160.840000000004,7445
2026-05-12T09:30:00+00:00,24160.840000000004,24227.850000000002,24103.350000000002,24114.360000000004,9829
2026-05-12T10:00:00+00:00,24114.360000000004,24137.860000000004,24100.860000000004,24125.360000000004,5522
2026-05-12T10:30:00+00:00,24125.360000000004,24127.840000000004,24083.850000000002,24105.840000000004,5318
2026-05-12T11:00:00+00:00,24105.840000000004,24165.360000000004,24084.360000000004,24106.340000000004,6707
2026-05-12T11:30:00+00:00,24106.340000000004,24129.860000000004,24088.850000000002,24103.840000000004,5141
2026-05-12T12:00:00+00:00,24103.840000000004,24113.360000000004,24061.350000000002,24075.250000000004,6209
2026-05-12T12:30:00+00:00,24075.250000000004,24175.860000000004,24057.350000000002,24148.850000000002,7821
2026-05-12T13:00:00+00:00,24148.850000000002,24152.360000000004,24057.350000000002,24061.840000000004,6616
2026-05-12T13:30:00+00:00,24061.840000000004,24075.840000000004,24027.850000000002,24040.360000000004,11387
2026-05-12T14:00:00+00:00,24040.360000000004,24084.360000000004,24030.860000000004,24051.860000000004,10258
2026-05-12T14:30:00+00:00,24051.860000000004,24054.860000000004,23983.840000000004,23987.340000000004,10701
2026-05-12T15:00:00+00:00,23987.340000000004,23995.860000000004,23937.340000000004,23985.350000000002,8774
2026-05-12T15:30:00+00:00,23985.350000000002,23995.340000000004,23954.350000000002,23975.350000000002,8024
2026-05-12T16:00:00+00:00,23975.350000000002,24011.010000000002,23960.99,23990.010000000002,5431
2026-05-12T16:30:00+00:00,23990.010000000002,24007.000000000004,23975.49,23999.010000000002,5976
2026-05-12T17:00:00+00:00,23999.010000000002,24055.49,23997.49,24027.010000000002,3313
2026-05-12T17:30:00+00:00,24027.010000000002,24040.510000000002,24020.49,24033.000000000004,2831
2026-05-12T18:00:00+00:00,24033.000000000004,24064.000000000004,24017.010000000002,24052.99,3806
2026-05-12T18:30:00+00:00,24052.99,24066.000000000004,24045.99,24052.500000000004,1997
2026-05-12T19:00:00+00:00,24052.500000000004,24076.010000000002,24049.510000000002,24057.000000000004,1943
2026-05-12T19:30:00+00:00,24057.000000000004,24092.000000000004,24057.000000000004,24073.24,2560
2026-05-13T00:30:00+00:00,24073.24,24073.24,24018.430000000004,24048.170000000002,3562
2026-05-13T01:00:00+00:00,24048.170000000002,24080.180000000004,24044.160000000003,24079.670000000002,4020
2026-05-13T01:30:00+00:00,24079.670000000002,24095.170000000002,24063.670000000002,24069.180000000004,3205
2026-05-13T02:00:00+00:00,24069.180000000004,24079.670000000002,24059.430000000004,24067.180000000004,2827
2026-05-13T02:30:00+00:00,24067.180000000004,24080.680000000004,24055.160000000003,24062.170000000002,1867
2026-05-13T03:00:00+00:00,24062.170000000002,24080.670000000002,24055.410000000003,24076.170000000002,1911
2026-05-13T03:30:00+00:00,24076.170000000002,24108.680000000004,24075.660000000003,24100.170000000002,1773
2026-05-13T04:00:00+00:00,24100.170000000002,24104.180000000004,24087.670000000002,24098.670000000002,1457
2026-05-13T04:30:00+00:00,24098.670000000002,24131.680000000004,24089.680000000004,24129.660000000003,1528
2026-05-13T05:00:00+00:00,24129.660000000003,24148.660000000003,24097.420000000002,24136.180000000004,2186
2026-05-13T05:30:00+00:00,24136.180000000004,24159.170000000002,24128.420000000002,24153.670000000002,1729
2026-05-13T06:00:00+00:00,24153.670000000002,24187.670000000002,24142.170000000002,24178.160000000003,2819
2026-05-13T06:30:00+00:00,24178.160000000003,24198.170000000002,24168.660000000003,24185.660000000003,2787
2026-05-13T07:00:00+00:00,24185.660000000003,24219.020000000004,24104.520000000004,24108.030000000002,15130
2026-05-13T07:30:00+00:00,24108.030000000002,24191.020000000004,24104.530000000002,24153.530000000002,9521
2026-05-13T08:00:00+00:00,24153.530000000002,24237.030000000002,24127.010000000002,24223.010000000002,10737
2026-05-13T08:30:00+00:00,24223.010000000002,24228.010000000002,24137.010000000002,24157.030000000002,7691
2026-05-13T09:00:00+00:00,24157.030000000002,24177.520000000004,24102.510000000002,24105.030000000002,7423
2026-05-13T09:30:00+00:00,24105.030000000002,24169.530000000002,24085.030000000002,24160.020000000004,8194
2026-05-13T10:00:00+00:00,24160.020000000004,24188.020000000004,24108.030000000002,24113.510000000002,8108
2026-05-13T10:30:00+00:00,24113.510000000002,24158.530000000002,24102.520000000004,24129.510000000002,6406
2026-05-13T11:00:00+00:00,24129.510000000002,24146.030000000002,24114.010000000002,24141.030000000002,5311
2026-05-13T11:30:00+00:00,24141.030000000002,24198.530000000002,24137.010000000002,24189.510000000002,4304
2026-05-13T12:00:00+00:00,24189.510000000002,24203.010000000002,24096.020000000004,24102.420000000002,4976
2026-05-13T12:30:00+00:00,24102.420000000002,24102.420000000002,24014.510000000002,24072.010000000002,10036
2026-05-13T13:00:00+00:00,24072.010000000002,24106.510000000002,24072.010000000002,24084.010000000002,6796
2026-05-13T13:30:00+00:00,24084.010000000002,24130.530000000002,24073.530000000002,24105.020000000004,14758
2026-05-13T14:00:00+00:00,24105.020000000004,24136.530000000002,24085.020000000004,24116.030000000002,9980
2026-05-13T14:30:00+00:00,24116.030000000002,24160.020000000004,24111.520000000004,24123.510000000002,7567.733144923718
2026-05-13T15:00:00+00:00,24123.510000000002,24130.530000000002,24101.510000000002,24109.520000000004,6536
2026-05-13T15:30:00+00:00,24109.520000000004,24176.530000000002,24096.010000000002,24126.510000000002,7095
2026-05-13T16:00:00+00:00,24126.510000000002,24199.680000000004,24124.160000000003,24179.170000000002,5229
2026-05-13T16:30:00+00:00,24179.170000000002,24196.680000000004,24162.670000000002,24186.670000000002,4402
2026-05-13T17:00:00+00:00,24186.670000000002,24203.660000000003,24181.660000000003,24199.680000000004,2126
2026-05-13T17:30:00+00:00,24199.680000000004,24199.680000000004,24178.160000000003,24180.180000000004,1885
2026-05-13T18:00:00+00:00,24180.180000000004,24203.180000000004,24178.160000000003,24201.170000000002,2130
2026-05-13T18:30:00+00:00,24201.170000000002,24218.660000000003,24193.660000000003,24210.660000000003,2368
2026-05-13T19:00:00+00:00,24210.660000000003,24231.660000000003,24208.670000000002,24227.660000000003,1867
2026-05-13T19:30:00+00:00,24227.660000000003,24243.680000000004,24216.180000000004,24237.910000000003,2422
2026-05-14T00:30:00+00:00,24237.910000000003,24296.620000000003,24237.910000000003,24291.600000000002,2308
2026-05-14T01:00:00+00:00,24291.600000000002,24295.610000000004,24259.110000000004,24280.100000000002,2429
2026-05-14T01:30:00+00:00,24280.100000000002,24280.600000000002,24225.600000000002,24228.600000000002,2734
2026-05-14T02:00:00+00:00,24228.600000000002,24240.120000000003,24217.870000000003,24233.110000000004,1835
2026-05-14T02:30:00+00:00,24233.110000000004,24243.600000000002,24208.600000000002,24223.620000000003,2145
2026-05-14T03:00:00+00:00,24223.620000000003,24239.620000000003,24216.100000000002,24238.110000000004,2463
2026-05-14T03:30:00+00:00,24238.110000000004,24241.620000000003,24207.610000000004,24216.600000000002,2478
2026-05-14T04:00:00+00:00,24216.600000000002,24221.600000000002,24198.120000000003,24216.620000000003,1718
2026-05-14T04:30:00+00:00,24216.620000000003,24246.120000000003,24213.100000000002,24221.610000000004,1771
2026-05-14T05:00:00+00:00,24221.610000000004,24232.620000000003,24194.600000000002,24220.110000000004,3360
2026-05-14T05:30:00+00:00,24220.110000000004,24258.120000000003,24203.600000000002,24252.110000000004,4112
2026-05-14T06:00:00+00:00,24252.110000000004,24302.610000000004,24252.110000000004,24296.620000000003,3576
2026-05-14T06:30:00+00:00,24296.620000000003,24353.110000000004,24296.620000000003,24337.110000000004,4007
2026-05-14T07:00:00+00:00,24337.110000000004,24406.470000000005,24319.450000000004,24398.460000000003,11197
2026-05-14T07:30:00+00:00,24398.460000000003,24410.970000000005,24329.450000000004,24332.970000000005,8534
2026-05-14T08:00:00+00:00,24332.970000000005,24418.950000000004,24325.450000000004,24411.950000000004,9919
2026-05-14T08:30:00+00:00,24411.950000000004,24441.470000000005,24408.950000000004,24428.460000000003,7070
2026-05-14T09:00:00+00:00,24428.460000000003,24450.470000000005,24399.460000000003,24446.450000000004,6915
2026-05-14T09:30:00+00:00,24446.450000000004,24470.950000000004,24391.450000000004,24451.470000000005,7981
2026-05-14T10:00:00+00:00,24451.470000000005,24499.450000000004,24445.950000000004,24462.970000000005,9069
2026-05-14T10:30:00+00:00,24462.970000000005,24484.970000000005,24423.460000000003,24457.950000000004,6965
2026-05-14T11:00:00+00:00,24457.950000000004,24489.460000000003,24433.970000000005,24451.970000000005,6711
2026-05-14T11:30:00+00:00,24451.970000000005,24495.950000000004,24451.450000000004,24474.460000000003,5277
2026-05-14T12:00:00+00:00,24474.460000000003,24492.970000000005,24449.950000000004,24453.460000000003,6123
2026-05-14T12:30:00+00:00,24453.460000000003,24461.950000000004,24416.450000000004,24445.960000000003,5344
2026-05-14T13:00:00+00:00,24445.960000000003,24450.970000000005,24390.950000000004,24393.450000000004,5262
2026-05-14T13:30:00+00:00,24393.450000000004,24407.460000000003,24358.450000000004,24365.470000000005,12015
2026-05-14T14:00:00+00:00,24365.470000000005,24456.450000000004,24356.950000000004,24448.960000000003,9282
2026-05-14T14:30:00+00:00,24448.960000000003,24479.970000000005,24442.460000000003,24460.960000000003,7401
2026-05-14T15:00:00+00:00,24460.960000000003,24478.460000000003,24445.960000000003,24455.450000000004,5960
2026-05-14T15:30:00+00:00,24455.450000000004,24488.960000000003,24427.450000000004,24436.970000000005,4787
2026-05-14T16:00:00+00:00,24436.970000000005,24448.620000000003,24410.100000000002,24416.100000000002,3900
2026-05-14T16:30:00+00:00,24416.100000000002,24424.120000000003,24360.100000000002,24380.110000000004,5021
2026-05-14T17:00:00+00:00,24380.110000000004,24396.120000000003,24306.100000000002,24322.110000000004,4712
2026-05-14T17:30:00+00:00,24322.110000000004,24356.620000000003,24319.600000000002,24339.110000000004,3285
2026-05-14T18:00:00+00:00,24339.110000000004,24368.100000000002,24300.120000000003,24362.110000000004,4063
2026-05-14T18:30:00+00:00,24362.110000000004,24374.610000000004,24345.120000000003,24371.100000000002,2093
2026-05-14T19:00:00+00:00,24371.100000000002,24377.600000000002,24362.100000000002,24362.120000000003,1755
2026-05-14T19:30:00+00:00,24362.120000000003,24366.100000000002,24329.600000000002,24337.850000000002,3026
2026-05-15T00:30:00+00:00,24337.850000000002,24337.850000000002,24274.540000000005,24284.550000000003,4017
2026-05-15T01:00:00+00:00,24284.550000000003,24288.050000000003,24193.800000000003,24203.550000000003,5673
2026-05-15T01:30:00+00:00,24203.550000000003,24203.550000000003,24155.050000000003,24156.550000000003,6584
2026-05-15T02:00:00+00:00,24156.550000000003,24168.530000000002,24136.530000000002,24149.540000000005,5854
2026-05-15T02:30:00+00:00,24149.540000000005,24219.530000000002,24137.800000000003,24198.530000000002,4224
2026-05-15T03:00:00+00:00,24198.530000000002,24208.550000000003,24176.550000000003,24183.550000000003,2451
2026-05-15T03:30:00+00:00,24183.550000000003,24189.530000000002,24142.050000000003,24186.530000000002,3589
2026-05-15T04:00:00+00:00,24186.530000000002,24188.030000000002,24149.800000000003,24161.530000000002,2614
2026-05-15T04:30:00+00:00,24161.530000000002,24172.550000000003,24135.530000000002,24137.550000000003,3314
2026-05-15T05:00:00+00:00,24137.550000000003,24141.550000000003,24111.030000000002,24130.040000000005,4824
2026-05-15T05:30:00+00:00,24130.040000000005,24131.050000000003,24076.540000000005,24101.540000000005,5995
2026-05-15T06:00:00+00:00,24101.540000000005,24177.540000000005,24100.530000000002,24173.040000000005,6572
2026-05-15T06:30:00+00:00,24173.040000000005,24206.040000000005,24167.530000000002,24204.550000000003,5687
2026-05-15T07:00:00+00:00,24204.550000000003,24297.880000000005,24191.390000000003,24264.9,12660
2026-05-15T07:30:00+00:00,24264.9,24276.880000000005,24178.390000000003,24202.390000000003,10132
2026-05-15T08:00:00+00:00,24202.390000000003,24212.380000000005,24034.380000000005,24037.380000000005,14817
2026-05-15T08:30:00+00:00,24037.380000000005,24103.9,24004.380000000005,24083.390000000003,13234
2026-05-15T09:00:00+00:00,24083.390000000003,24097.9,24026.380000000005,24063.380000000005,10964
2026-05-15T09:30:00+00:00,24063.380000000005,24069.890000000003,24016.9,24054.4,11426
2026-05-15T10:00:00+00:00,24054.4,24110.4,24027.380000000005,24066.880000000005,11239
2026-05-15T10:30:00+00:00,24066.880000000005,24173.4,24038.390000000003,24160.390000000003,16870
2026-05-15T11:00:00+00:00,24160.390000000003,24176.9,24060.390000000003,24072.380000000005,10048
2026-05-15T11:30:00+00:00,24072.380000000005,24077.4,24012.380000000005,24015.880000000005,8200
2026-05-15T12:00:00+00:00,24015.880000000005,24015.880000000005,23959.880000000005,23976.390000000003,8737
2026-05-15T12:30:00+00:00,23976.390000000003,23993.4,23939.380000000005,23986.4,7576
2026-05-15T13:00:00+00:00,23986.4,24018.4,23969.390000000003,24004.380000000005,7250
2026-05-15T13:30:00+00:00,24004.380000000005,24025.4,23924.9,23937.890000000003,17906
2026-05-15T14:00:00+00:00,23937.890000000003,24024.4,23914.380000000005,23993.390000000003,17270
2026-05-15T14:30:00+00:00,23993.390000000003,24017.880000000005,23957.390000000003,23993.390000000003,13419.102285675985
2026-05-15T15:00:00+00:00,23993.390000000003,24006.9,23928.390000000003,23960.390000000003,10247
2026-05-15T15:30:00+00:00,23960.390000000003,23975.890000000003,23861.4,23891.390000000003,10356
2026-05-15T16:00:00+00:00,23891.390000000003,23909.56,23869.04,23908.550000000003,7515
2026-05-15T16:30:00+00:00,23908.550000000003,23912.54,23884.050000000003,23901.56,5206
2026-05-15T17:00:00+00:00,23901.56,23951.550000000003,23897.04,23939.04,3515
2026-05-15T17:30:00+00:00,23939.04,23948.56,23936.06,23947.050000000003,2314
2026-05-15T18:00:00+00:00,23947.050000000003,23958.06,23913.06,23926.06,3621
2026-05-15T18:30:00+00:00,23926.06,23928.050000000003,23894.04,23919.550000000003,3758
2026-05-15T19:00:00+00:00,23919.550000000003,23921.04,23898.04,23909.050000000003,3517
2026-05-15T19:30:00+00:00,23909.050000000003,23928.050000000003,23891.54,23903.79,3305
2026-05-18T00:30:00+00:00,23903.79,23903.79,23751.11,23816.88,4972
2026-05-18T01:00:00+00:00,23816.88,23823.88,23682.12,23698.87,12317
2026-05-18T01:30:00+00:00,23698.87,23770.88,23685.12,23742.38,9898
2026-05-18T02:00:00+00:00,23742.38,23771.86,23715.36,23761.88,7585
2026-05-18T02:30:00+00:00,23761.88,23763.86,23696.36,23702.38,5455
2026-05-18T03:00:00+00:00,23702.38,23724.88,23688.37,23713.88,4958
2026-05-18T03:30:00+00:00,23713.88,23739.87,23679.11,23717.87,5772
2026-05-18T04:00:00+00:00,23717.87,23773.38,23701.88,23712.88,4589
2026-05-18T04:30:00+00:00,23712.88,23757.38,23706.36,23721.87,4913
2026-05-18T05:00:00+00:00,23721.87,23770.86,23705.36,23751.36,6088
2026-05-18T05:30:00+00:00,23751.36,23779.37,23740.88,23742.37,5706
2026-05-18T06:00:00+00:00,23742.37,23762.88,23680.86,23684.37,6511
2026-05-18T06:30:00+00:00,23684.37,23764.37,23635.86,23763.37,6733
2026-05-18T07:00:00+00:00,23763.37,23896.23,23763.37,23892.23,15659
2026-05-18T07:30:00+00:00,23892.23,23903.22,23821.21,23877.72,12454
2026-05-18T08:00:00+00:00,23877.72,23953.23,23875.71,23948.72,8695
2026-05-18T08:30:00+00:00,23948.72,24003.73,23937.71,23996.73,6294
2026-05-18T09:00:00+00:00,23996.73,24009.71,23969.21,24006.22,5638
2026-05-18T09:30:00+00:00,24006.22,24018.72,23978.71,24015.72,5235
2026-05-18T10:00:00+00:00,24015.72,24025.73,23946.71,23984.72,7273
2026-05-18T10:30:00+00:00,23984.72,24030.73,23961.73,23987.73,6115
2026-05-18T11:00:00+00:00,23987.73,24030.21,23932.21,24001.73,7358
2026-05-18T11:30:00+00:00,24001.73,24248.23,23997.23,24138.71,19629
2026-05-18T12:00:00+00:00,24138.71,24188.73,24127.71,24167.73,8650
2026-05-18T12:30:00+00:00,24167.73,24383.73,24165.71,24383.21,15901
2026-05-18T13:00:00+00:00,24383.21,24391.71,24328.22,24343.21,10976
2026-05-18T13:30:00+00:00,24343.21,24440.73,24311.22,24412.71,18452
2026-05-18T14:00:00+00:00,24412.71,24438.73,24341.71,24388.73,20171
2026-05-18T14:30:00+00:00,24388.73,24396.71,24312.71,24358.73,20066
2026-05-18T15:00:00+00:00,24358.73,24367.73,24246.21,24253.71,20855
2026-05-18T15:30:00+00:00,24253.71,24346.73,24248.21,24321.22,11317
2026-05-18T16:00:00+00:00,24321.22,24341.38,24242.87,24256.88,9759
2026-05-18T16:30:00+00:00,24256.88,24315.38,24241.88,24268.87,8794
2026-05-18T17:00:00+00:00,24268.87,24320.36,24244.86,24312.38,5802
2026-05-18T17:30:00+00:00,24312.38,24317.88,24284.36,24294.86,5067
2026-05-18T18:00:00+00:00,24294.86,24301.86,24178.37,24206.86,7316
2026-05-18T18:30:00+00:00,24206.86,24229.88,24164.38,24169.86,6230
2026-05-18T19:00:00+00:00,24169.86,24349.88,24164.36,24275.38,10272
2026-05-18T19:30:00+00:00,24275.38,24404.36,24270.38,24399.11,5885
2026-05-19T00:30:00+00:00,24399.11,24399.11,24326.46,24335.19,6332
2026-05-19T01:00:00+00:00,24335.19,24370.7,24286.45,24318.19,7476
2026-05-19T01:30:00+00:00,24318.19,24357.21,24303.69,24323.69,6956
2026-05-19T02:00:00+00:00,24323.69,24324.19,24267.710000000003,24300.210000000003,7037
2026-05-19T02:30:00+00:00,24300.210000000003,24319.72,24277.460000000003,24287.7,4831
2026-05-19T03:00:00+00:00,24287.7,24320.710000000003,24264.45,24314.2,3554
2026-05-19T03:30:00+00:00,24314.2,24339.710000000003,24276.7,24279.710000000003,3528
2026-05-19T04:00:00+00:00,24279.710000000003,24279.710000000003,24198.45,24212.72,4939
2026-05-19T04:30:00+00:00,24212.72,24283.710000000003,24211.710000000003,24271.72,4121
2026-05-19T05:00:00+00:00,24271.72,24292.210000000003,24230.47,24279.710000000003,5807
2026-05-19T05:30:00+00:00,24279.710000000003,24313.710000000003,24254.45,24289.74,5400
2026-05-19T06:00:00+00:00,24289.74,24356.24,24264.22,24342.74,5403
2026-05-19T06:30:00+00:00,24342.74,24368.250000000004,24322.750000000004,24336.780000000002,4519
2026-05-19T07:00:00+00:00,24336.780000000002,24499.620000000003,24330.110000000004,24493.110000000004,12771
2026-05-19T07:30:00+00:00,24493.110000000004,24668.63,24489.110000000004,24641.610000000004,11575
2026-05-19T08:00:00+00:00,24641.610000000004,24652.120000000003,24528.63,24569.13,13327
2026-05-19T08:30:00+00:00,24569.13,24656.13,24561.610000000004,24644.110000000004,7953
2026-05-19T09:00:00+00:00,24644.110000000004,24657.63,24581.620000000003,24611.63,10940
2026-05-19T09:30:00+00:00,24611.63,24623.13,24567.110000000004,24622.110000000004,10978
2026-05-19T10:00:00+00:00,24622.110000000004,24644.63,24598.13,24636.620000000003,7108
2026-05-19T10:30:00+00:00,24636.620000000003,24699.620000000003,24597.610000000004,24664.620000000003,12871
2026-05-19T11:00:00+00:00,24664.620000000003,24673.63,24594.610000000004,24610.610000000004,9499
2026-05-19T11:30:00+00:00,24610.610000000004,24634.13,24562.620000000003,24567.120000000003,7342
2026-05-19T12:00:00+00:00,24567.120000000003,24634.110000000004,24551.610000000004,24621.620000000003,7880
2026-05-19T12:30:00+00:00,24621.620000000003,24641.63,24607.610000000004,24618.120000000003,7212
2026-05-19T13:00:00+00:00,24618.120000000003,24625.63,24490.610000000004,24495.620000000003,12937
2026-05-19T13:30:00+00:00,24495.620000000003,24546.63,24438.610000000004,24496.620000000003,23498
2026-05-19T14:00:00+00:00,24496.620000000003,24554.620000000003,24365.620000000003,24390.110000000004,22921
2026-05-19T14:30:00+00:00,24390.110000000004,24443.120000000003,24361.610000000004,24442.110000000004,16785
2026-05-19T15:00:00+00:00,24442.110000000004,24482.610000000004,24425.610000000004,24434.13,12861
2026-05-19T15:30:00+00:00,24434.13,24466.120000000003,24370.610000000004,24387.63,12028
2026-05-19T16:00:00+00:00,24387.63,24413.760000000002,24346.270000000004,24399.270000000004,7012
2026-05-19T16:30:00+00:00,24399.270000000004,24415.780000000002,24374.770000000004,24393.780000000002,5945
2026-05-19T17:00:00+00:00,24393.780000000002,24400.280000000002,24381.270000000004,24390.270000000004,2837
2026-05-19T17:30:00+00:00,24390.270000000004,24410.260000000002,24376.760000000002,24401.260000000002,3301
2026-05-19T18:00:00+00:00,24401.260000000002,24420.280000000002,24367.760000000002,24369.280000000002,3126
2026-05-19T18:30:00+00:00,24369.280000000002,24386.760000000002,24336.280000000002,24343.770000000004,3666
2026-05-19T19:00:00+00:00,24343.770000000004,24390.780000000002,24343.770000000004,24365.260000000002,3100
2026-05-19T19:30:00+00:00,24365.260000000002,24370.270000000004,24302.780000000002,24329.510000000002,4123
2026-05-20T00:30:00+00:00,24329.510000000002,24338.440000000002,24267.680000000004,24294.700000000004,5973
2026-05-20T01:00:00+00:00,24294.700000000004,24312.930000000004,24240.680000000004,24254.440000000002,9226
2026-05-20T01:30:00+00:00,24254.440000000002,24325.680000000004,24218.680000000004,24285.690000000002,7857
2026-05-20T02:00:00+00:00,24285.690000000002,24316.690000000002,24271.680000000004,24274.690000000002,5329
2026-05-20T02:30:00+00:00,24274.690000000002,24275.430000000004,24195.690000000002,24205.700000000004,7201
2026-05-20T03:00:00+00:00,24205.700000000004,24229.440000000002,24156.700000000004,24222.690000000002,4305
2026-05-20T03:30:00+00:00,24222.690000000002,24257.940000000002,24199.680000000004,24238.440000000002,3909
2026-05-20T04:00:00+00:00,24238.440000000002,24284.440000000002,24234.690000000002,24259.680000000004,3343
2026-05-20T04:30:00+00:00,24259.680000000004,24262.440000000002,24224.680000000004,24240.450000000004,2797
2026-05-20T05:00:00+00:00,24240.450000000004,24288.440000000002,24236.680000000004,24254.680000000004,4092
2026-05-20T05:30:00+00:00,24254.680000000004,24299.440000000002,24254.680000000004,24285.680000000004,3959
2026-05-20T06:00:00+00:00,24285.680000000004,24370.450000000004,24276.680000000004,24355.440000000002,4116
2026-05-20T06:30:00+00:00,24355.440000000002,24369.940000000002,24328.430000000004,24366.430000000004,3320
2026-05-20T07:00:00+00:00,24366.430000000004,24416.790000000005,24321.280000000002,24412.290000000005,8691
2026-05-20T07:30:00+00:00,24412.290000000005,24416.280000000002,24312.280000000002,24313.780000000002,5847
2026-05-20T08:00:00+00:00,24313.780000000002,24391.780000000002,24281.780000000002,24390.280000000002,8622
2026-05-20T08:30:00+00:00,24390.280000000002,24461.290000000005,24382.300000000003,24440.280000000002,7398
2026-05-20T09:00:00+00:00,24440.280000000002,24477.300000000003,24428.280000000002,24472.300000000003,5019
2026-05-20T09:30:00+00:00,24472.300000000003,24501.790000000005,24459.300000000003,24491.790000000005,3807
2026-05-20T10:00:00+00:00,24491.790000000005,24564.800000000003,24489.280000000002,24554.790000000005,3514
2026-05-20T10:30:00+00:00,24554.790000000005,24596.280000000002,24520.280000000002,24525.280000000002,4511
2026-05-20T11:00:00+00:00,24525.280000000002,24542.300000000003,24507.780000000002,24538.780000000002,3443
2026-05-20T11:30:00+00:00,24538.780000000002,24548.780000000002,24488.780000000002,24507.800000000003,4798
2026-05-20T12:00:00+00:00,24507.800000000003,24567.300000000003,24502.290000000005,24557.800000000003,4305
2026-05-20T12:30:00+00:00,24557.800000000003,24570.790000000005,24473.280000000002,24475.280000000002,4813
2026-05-20T13:00:00+00:00,24475.280000000002,24508.290000000005,24466.290000000005,24483.280000000002,4288
2026-05-20T13:30:00+00:00,24483.280000000002,24553.800000000003,24441.780000000002,24545.790000000005,11270
2026-05-20T14:00:00+00:00,24545.790000000005,24738.290000000005,24463.300000000003,24666.300000000003,25264
2026-05-20T14:30:00+00:00,24666.300000000003,24716.300000000003,24624.280000000002,24683.300000000003,13520
2026-05-20T15:00:00+00:00,24683.300000000003,24899.800000000003,24674.290000000005,24747.800000000003,17144
2026-05-20T15:30:00+00:00,24747.800000000003,24768.300000000003,24696.300000000003,24719.280000000002,9416
2026-05-20T16:00:00+00:00,24719.280000000002,24751.950000000004,24683.690000000002,24700.450000000004,6565
2026-05-20T16:30:00+00:00,24700.450000000004,24743.450000000004,24677.680000000004,24725.940000000002,6255
2026-05-20T17:00:00+00:00,24725.940000000002,24760.930000000004,24707.950000000004,24748.440000000002,5151
2026-05-20T17:30:00+00:00,24748.440000000002,24771.450000000004,24738.450000000004,24745.440000000002,3215
2026-05-20T18:00:00+00:00,24745.440000000002,24760.930000000004,24729.680000000004,24755.950000000004,2776
2026-05-20T18:30:00+00:00,24755.950000000004,24771.950000000004,24746.930000000004,24761.440000000002,2402
2026-05-20T19:00:00+00:00,24761.440000000002,24773.440000000002,24750.930000000004,24765.930000000004,1283
2026-05-20T19:30:00+00:00,24765.930000000004,24795.940000000002,24762.430000000004,24782.200000000004,2724
2026-05-21T00:30:00+00:00,24782.200000000004,24782.200000000004,24698.520000000004,24744.770000000004,2614
2026-05-21T01:00:00+00:00,24744.770000000004,24787.290000000005,24742.520000000004,24772.270000000004,3844
2026-05-21T01:30:00+00:00,24772.270000000004,24794.270000000004,24759.520000000004,24785.770000000004,3455
2026-05-21T02:00:00+00:00,24785.770000000004,24812.290000000005,24771.520000000004,24782.280000000002,2809
2026-05-21T02:30:00+00:00,24782.280000000002,24786.780000000002,24739.520000000004,24753.780000000002,2286
2026-05-21T03:00:00+00:00,24753.780000000002,24767.770000000004,24740.520000000004,24749.270000000004,2197
2026-05-21T03:30:00+00:00,24749.270000000004,24754.280000000002,24709.530000000002,24729.790000000005,1877
2026-05-21T04:00:00+00:00,24729.790000000005,24763.790000000005,24724.520000000004,24759.270000000004,1121
2026-05-21T04:30:00+00:00,24759.270000000004,24778.280000000002,24734.530000000002,24763.520000000004,2002
2026-05-21T05:00:00+00:00,24763.520000000004,24783.280000000002,24743.530000000002,24748.780000000002,2429
2026-05-21T05:30:00+00:00,24748.780000000002,24749.290000000005,24647.520000000004,24688.270000000004,3831
2026-05-21T06:00:00+00:00,24688.270000000004,24740.770000000004,24673.280000000002,24715.290000000005,3972
2026-05-21T06:30:00+00:00,24715.290000000005,24728.790000000005,24658.770000000004,24677.290000000005,3902
2026-05-21T07:00:00+00:00,24677.290000000005,24729.63,24600.520000000004,24610.620000000003,10058
2026-05-21T07:30:00+00:00,24610.620000000003,24739.140000000003,24610.520000000004,24717.640000000003,6295
2026-05-21T08:00:00+00:00,24717.640000000003,24867.120000000003,24713.140000000003,24808.640000000003,11471
2026-05-21T08:30:00+00:00,24808.640000000003,24812.620000000003,24754.120000000003,24799.120000000003,7973
2026-05-21T09:00:00+00:00,24799.120000000003,24888.640000000003,24789.120000000003,24881.620000000003,7651
2026-05-21T09:30:00+00:00,24881.620000000003,24898.63,24831.13,24865.620000000003,5349
2026-05-21T10:00:00+00:00,24865.620000000003,24883.63,24690.13,24707.640000000003,10771
2026-05-21T10:30:00+00:00,24707.640000000003,24710.640000000003,24529.530000000002,24572.620000000003,21568
2026-05-21T11:00:00+00:00,24572.620000000003,24657.13,24553.13,24632.120000000003,9937
2026-05-21T11:30:00+00:00,24632.120000000003,24644.140000000003,24583.620000000003,24600.620000000003,6436
2026-05-21T12:00:00+00:00,24600.620000000003,24622.63,24541.120000000003,24548.520000000004,6495
2026-05-21T12:30:00+00:00,24548.520000000004,24621.120000000003,24540.620000000003,24585.640000000003,12185
2026-05-21T13:00:00+00:00,24585.640000000003,24629.140000000003,24572.120000000003,24608.120000000003,8540
2026-05-21T13:30:00+00:00,24608.120000000003,24711.640000000003,24534.120000000003,24696.620000000003,16606
2026-05-21T14:00:00+00:00,24696.620000000003,24714.120000000003,24610.120000000003,24666.63,13660
2026-05-21T14:30:00+00:00,24666.63,24724.640000000003,24659.13,24716.63,9840
2026-05-21T15:00:00+00:00,24716.63,24726.640000000003,24653.120000000003,24659.640000000003,11080
2026-05-21T15:30:00+00:00,24659.640000000003,24665.620000000003,24607.63,24640.620000000003,7297
2026-05-21T16:00:00+00:00,24640.620000000003,24681.790000000005,24638.290000000005,24660.280000000002,6106
2026-05-21T16:30:00+00:00,24660.280000000002,24670.790000000005,24633.770000000004,24651.780000000002,4141
2026-05-21T17:00:00+00:00,24651.780000000002,24843.290000000005,24651.290000000005,24828.270000000004,10675
2026-05-21T17:30:00+00:00,24828.270000000004,24925.780000000002,24815.520000000004,24895.270000000004,7415
2026-05-21T18:00:00+00:00,24895.270000000004,24913.270000000004,24837.530000000002,24870.790000000005,5783
2026-05-21T18:30:00+00:00,24870.790000000005,24877.780000000002,24773.540000000005,24806.780000000002,7337
2026-05-21T19:00:00+00:00,24806.780000000002,24875.290000000005,24798.290000000005,24849.770000000004,4424
2026-05-21T19:30:00+00:00,24849.770000000004,24859.790000000005,24796.270000000004,24841.530000000002,5358
2026-05-22T00:30:00+00:00,24841.530000000002,24879.140000000003,24841.530000000002,24859.390000000003,1724.433031042902
2026-05-22T01:00:00+00:00,24859.390000000003,24871.120000000003,24838.390000000003,24858.370000000003,2993
2026-05-22T01:30:00+00:00,24858.370000000003,24883.63,24840.370000000003,24866.140000000003,2629
2026-05-22T02:00:00+00:00,24866.140000000003,24873.140000000003,24841.38,24847.120000000003,2384
2026-05-22T02:30:00+00:00,24847.120000000003,24889.140000000003,24836.390000000003,24880.120000000003,2364
2026-05-22T03:00:00+00:00,24880.120000000003,24887.13,24838.890000000003,24862.890000000003,1307.8621279472284
2026-05-22T03:30:00+00:00,24862.890000000003,24875.640000000003,24851.870000000003,24865.620000000003,1314
2026-05-22T04:00:00+00:00,24865.620000000003,24922.63,24861.620000000003,24876.890000000003,1535
2026-05-22T04:30:00+00:00,24876.890000000003,24903.640000000003,24866.870000000003,24885.88,1423
2026-05-22T05:00:00+00:00,24885.88,24925.620000000003,24869.88,24892.890000000003,2106
2026-05-22T05:30:00+00:00,24892.890000000003,24904.640000000003,24832.870000000003,24833.88,2487
2026-05-22T06:00:00+00:00,24833.88,24868.13,24813.870000000003,24852.120000000003,3095
2026-05-22T06:30:00+00:00,24852.120000000003,24892.620000000003,24845.120000000003,24868.13,3287
2026-05-22T07:00:00+00:00,24868.13,24869.99,24747.980000000003,24810.97,9668
2026-05-22T07:30:00+00:00,24810.97,24815.480000000003,24711.97,24754.99,7143
2026-05-22T08:00:00+00:00,24754.99,24792.97,24707.97,24757.980000000003,8336
2026-05-22T08:30:00+00:00,24757.980000000003,24765.980000000003,24665.99,24740.97,7670
2026-05-22T09:00:00+00:00,24740.97,24765.980000000003,24705.980000000003,24750.480000000003,5678
2026-05-22T09:30:00+00:00,24750.480000000003,24786.980000000003,24722.49,24780.99,4801
2026-05-22T10:00:00+00:00,24780.99,24818.480000000003,24766.97,24810.480000000003,3572
2026-05-22T10:30:00+00:00,24810.480000000003,24813.49,24768.99,24778.99,3684
2026-05-22T11:00:00+00:00,24778.99,24797.49,24743.47,24755.97,3655
2026-05-22T11:30:00+00:00,24755.97,24853.980000000003,24754.97,24806.980000000003,4498
2026-05-22T12:00:00+00:00,24806.980000000003,24955.980000000003,24803.480000000003,24869.980000000003,12065
2026-05-22T12:30:00+00:00,24869.980000000003,24927.99,24837.97,24918.97,5038
2026-05-22T13:00:00+00:00,24918.97,24945.49,24886.980000000003,24903.980000000003,8011
2026-05-22T13:30:00+00:00,24903.980000000003,24932.99,24869.99,24887.97,11470
2026-05-22T14:00:00+00:00,24887.97,24888.49,24829.97,24857.980000000003,8738
2026-05-22T14:30:00+00:00,24857.980000000003,24919.99,24849.47,24909.97,4109.590091643673
2026-05-22T15:00:00+00:00,24909.97,24935.960000000003,24893.960000000003,24931.97,3972
2026-05-22T15:30:00+00:00,24931.97,24938.460000000003,24846.45,24860.95,4460
2026-05-22T16:00:00+00:00,24860.95,24871.600000000002,24838.620000000003,24863.120000000003,3409
2026-05-22T16:30:00+00:00,24863.120000000003,24874.120000000003,24843.100000000002,24850.11,2608
2026-05-22T17:00:00+00:00,24850.11,24905.61,24802.36,24900.61,4193
2026-05-22T17:30:00+00:00,24900.61,24939.61,24851.100000000002,24854.120000000003,4620
2026-05-22T18:00:00+00:00,24854.120000000003,24860.620000000003,24818.61,24841.120000000003,3234
2026-05-22T18:30:00+00:00,24841.120000000003,24870.61,24830.600000000002,24842.61,2160
2026-05-22T19:00:00+00:00,24842.61,24844.100000000002,24789.100000000002,24794.120000000003,3672
2026-05-22T19:30:00+00:00,24794.120000000003,24819.620000000003,24786.350000000002,24801.86,2902
2026-05-25T00:30:00+00:00,24801.86,25095.88,24801.86,25039.88,1686
2026-05-25T01:00:00+00:00,25039.88,25080.65,25036.890000000003,25079.13,2219
2026-05-25T01:30:00+00:00,25079.13,25123.15,25067.890000000003,25112.65,1601
2026-05-25T02:00:00+00:00,25112.65,25143.13,25103.9,25115.9,1498
2026-05-25T02:30:00+00:00,25115.9,25142.13,25109.88,25129.13,1273.4505844845908
2026-05-25T03:00:00+00:00,25129.13,25177.65,25117.88,25158.88,1792
2026-05-25T03:30:00+00:00,25158.88,25178.63,25137.9,25150.15,1783
2026-05-25T04:00:00+00:00,25150.15,25178.640000000003,25144.88,25160.890000000003,897
2026-05-25T04:30:00+00:00,25160.890000000003,25205.65,25157.88,25180.65,891
2026-05-25T05:00:00+00:00,25180.65,25233.63,25175.890000000003,25205.9,1222.4128365515367
2026-05-25T05:30:00+00:00,25205.9,25212.13,25154.63,25155.15,1391
2026-05-25T06:00:00+00:00,25155.15,25158.140000000003,25101.63,25146.13,2307
2026-05-25T06:30:00+00:00,25146.13,25165.640000000003,25125.63,25129.63,2149
2026-05-25T07:00:00+00:00,25129.63,25205.000000000004,25060.500000000004,25151.49,7492
2026-05-25T07:30:00+00:00,25151.49,25222.000000000004,25144.99,25183.000000000004,5284
2026-05-25T08:00:00+00:00,25183.000000000004,25200.000000000004,25151.99,25195.49,3271
2026-05-25T08:30:00+00:00,25195.49,25207.500000000004,25182.480000000003,25187.500000000004,2256
2026-05-25T09:00:00+00:00,25187.500000000004,25223.99,25184.500000000004,25216.99,1944
2026-05-25T09:30:00+00:00,25216.99,25255.480000000003,25215.99,25235.500000000004,2035
2026-05-25T10:00:00+00:00,25235.500000000004,25279.500000000004,25222.980000000003,25253.49,2123
2026-05-25T10:30:00+00:00,25253.49,25274.500000000004,25244.480000000003,25258.480000000003,1552
2026-05-25T11:00:00+00:00,25258.480000000003,25264.500000000004,25231.000000000004,25258.500000000004,1546
2026-05-25T11:30:00+00:00,25258.500000000004,25302.980000000003,25257.480000000003,25276.500000000004,2230
2026-05-25T12:00:00+00:00,25276.500000000004,25337.49,25265.49,25284.480000000003,2300
2026-05-25T12:30:00+00:00,25284.480000000003,25309.980000000003,25272.99,25283.500000000004,2128
2026-05-25T13:00:00+00:00,25283.500000000004,25290.500000000004,25267.980000000003,25285.480000000003,1866
2026-05-25T13:30:00+00:00,25285.480000000003,25342.000000000004,25285.480000000003,25327.49,1940
2026-05-25T14:00:00+00:00,25327.49,25382.000000000004,25321.000000000004,25380.500000000004,1939
2026-05-25T14:30:00+00:00,25380.500000000004,25387.99,25351.99,25373.99,1860
2026-05-25T15:00:00+00:00,25373.99,25455.000000000004,25350.49,25402.500000000004,4843
2026-05-25T15:30:00+00:00,25402.500000000004,25414.480000000003,25374.980000000003,25406.980000000003,2405
2026-05-25T16:00:00+00:00,25406.980000000003,25408.13,25385.140000000003,25391.15,527
2026-05-25T16:30:00+00:00,25391.15,25407.640000000003,25381.640000000003,25403.15,704
2026-05-25T17:00:00+00:00,25403.15,25421.65,25391.640000000003,25403.13,448
2026-05-25T17:30:00+00:00,25403.13,25410.13,25397.15,25399.65,213.0800282846359
2026-05-25T18:00:00+00:00,25399.65,25403.15,25385.13,25386.15,295.3473543719771
2026-05-25T18:30:00+00:00,25386.15,25394.63,25384.13,25393.140000000003,223.84295477676594
2026-05-25T19:00:00+00:00,25393.140000000003,25395.65,25382.63,25393.15,229.478431372549
2026-05-25T19:30:00+00:00,25393.15,25405.9,25387.15,25405.390000000003,460
2026-05-26T00:30:00+00:00,25405.390000000003,25405.390000000003,25307.58,25312.590000000004,3337
2026-05-26T01:00:00+00:00,25312.590000000004,25346.340000000004,25299.58,25314.600000000002,5380
2026-05-26T01:30:00+00:00,25314.600000000002,25337.350000000002,25289.58,25322.58,4542
2026-05-26T02:00:00+00:00,25322.58,25333.350000000002,25308.58,25312.340000000004,2547
2026-05-26T02:30:00+00:00,25312.340000000004,25348.340000000004,25311.590000000004,25337.33,2641
2026-05-26T03:00:00+00:00,25337.33,25351.340000000004,25308.58,25340.600000000002,2129
2026-05-26T03:30:00+00:00,25340.600000000002,25359.83,25327.590000000004,25352.33,2138
2026-05-26T04:00:00+00:00,25352.33,25354.340000000004,25317.58,25344.840000000004,1638
2026-05-26T04:30:00+00:00,25344.840000000004,25351.83,25310.58,25326.33,2253
2026-05-26T05:00:00+00:00,25326.33,25328.850000000002,25301.58,25320.850000000002,1883
2026-05-26T05:30:00+00:00,25320.850000000002,25335.350000000002,25298.58,25310.33,2019
2026-05-26T06:00:00+00:00,25310.33,25378.350000000002,25302.340000000004,25359.340000000004,2237
2026-05-26T06:30:00+00:00,25359.340000000004,25385.83,25329.340000000004,25364.33,2797
2026-05-26T07:00:00+00:00,25364.33,25383.190000000002,25298.180000000004,25299.7,10368
2026-05-26T07:30:00+00:00,25299.7,25317.7,25249.180000000004,25279.7,7315
2026-05-26T08:00:00+00:00,25279.7,25293.7,25216.190000000002,25225.680000000004,5643
2026-05-26T08:30:00+00:00,25225.680000000004,25227.2,25188.680000000004,25193.690000000002,4777
2026-05-26T09:00:00+00:00,25193.690000000002,25240.7,25179.190000000002,25238.190000000002,5114
2026-05-26T09:30:00+00:00,25238.190000000002,25248.2,25209.2,25221.180000000004,3536
2026-05-26T10:00:00+00:00,25221.180000000004,25293.680000000004,25202.7,25276.690000000002,3946
2026-05-26T10:30:00+00:00,25276.690000000002,25308.2,25246.180000000004,25279.680000000004,4301
2026-05-26T11:00:00+00:00,25279.680000000004,25298.2,25253.680000000004,25254.190000000002,2805
2026-05-26T11:30:00+00:00,25254.190000000002,25283.680000000004,25217.180000000004,25267.180000000004,4757
2026-05-26T12:00:00+00:00,25267.180000000004,25292.7,25230.180000000004,25284.190000000002,3905
2026-05-26T12:30:00+00:00,25284.190000000002,25294.7,25261.180000000004,25273.690000000002,2692
2026-05-26T13:00:00+00:00,25273.690000000002,25297.2,25263.690000000002,25276.2,2937
2026-05-26T13:30:00+00:00,25276.2,25289.680000000004,25218.7,25262.7,8074
2026-05-26T14:00:00+00:00,25262.7,25295.690000000002,25243.680000000004,25256.690000000002,5582
2026-05-26T14:30:00+00:00,25256.690000000002,25260.7,25219.690000000002,25246.7,5430
2026-05-26T15:00:00+00:00,25246.7,25248.7,25196.690000000002,25210.2,5743
2026-05-26T15:30:00+00:00,25210.2,25225.2,25169.680000000004,25203.690000000002,5339
2026-05-26T16:00:00+00:00,25203.690000000002,25221.350000000002,25195.33,25217.840000000004,2846
2026-05-26T16:30:00+00:00,25217.840000000004,25237.850000000002,25195.83,25203.850000000002,2467
2026-05-26T17:00:00+00:00,25203.850000000002,25213.350000000002,25187.340000000004,25190.83,2077
2026-05-26T17:30:00+00:00,25190.83,25205.350000000002,25188.83,25191.850000000002,1622
2026-05-26T18:00:00+00:00,25191.850000000002,25210.340000000004,25180.340000000004,25200.350000000002,1353
2026-05-26T18:30:00+00:00,25200.350000000002,25215.850000000002,25199.850000000002,25210.350000000002,1608
2026-05-26T19:00:00+00:00,25210.350000000002,25226.33,25200.350000000002,25224.83,1200
2026-05-26T19:30:00+00:00,25224.83,25255.340000000004,25224.83,25246.08,1530
2026-05-27T00:30:00+00:00,25246.08,25273.9,25246.08,25267.140000000003,2816
2026-05-27T01:00:00+00:00,25267.140000000003,25272.9,25241.13,25248.38,4261
2026-05-27T01:30:00+00:00,25248.38,25255.890000000003,25234.13,25238.390000000003,3341
2026-05-27T02:00:00+00:00,25238.390000000003,25259.9,25231.13,25254.15,2652
2026-05-27T02:30:00+00:00,25254.15,25267.38,25232.38,25248.890000000003,1579
2026-05-27T03:00:00+00:00,25248.890000000003,25260.9,25237.140000000003,25244.140000000003,2053
2026-05-27T03:30:00+00:00,25244.140000000003,25251.4,25222.13,25226.140000000003,1536
2026-05-27T04:00:00+00:00,25226.140000000003,25250.4,25221.140000000003,25227.390000000003,2048
2026-05-27T04:30:00+00:00,25227.390000000003,25265.890000000003,25220.140000000003,25260.4,1693
2026-05-27T05:00:00+00:00,25260.4,25284.390000000003,25245.4,25279.88,2403
2026-05-27T05:30:00+00:00,25279.88,25293.890000000003,25255.140000000003,25285.9,3510
2026-05-27T06:00:00+00:00,25285.9,25303.4,25267.88,25276.390000000003,1917
2026-05-27T06:30:00+00:00,25276.390000000003,25300.38,25252.88,25293.390000000003,1981
2026-05-27T07:00:00+00:00,25293.390000000003,25372.74,25291.24,25341.730000000003,8473
2026-05-27T07:30:00+00:00,25341.730000000003,25363.250000000004,25327.230000000003,25349.250000000004,5246
2026-05-27T08:00:00+00:00,25349.250000000004,25380.74,25317.74,25354.730000000003,6323
2026-05-27T08:30:00+00:00,25354.730000000003,25367.230000000003,25329.230000000003,25344.750000000004,4445
2026-05-27T09:00:00+00:00,25344.750000000004,25404.750000000004,25341.230000000003,25367.24,4082
2026-05-27T09:30:00+00:00,25367.24,25389.730000000003,25357.250000000004,25364.750000000004,3080
2026-05-27T10:00:00+00:00,25364.750000000004,25390.74,25351.24,25357.24,3327
2026-05-27T10:30:00+00:00,25357.24,25372.230000000003,25329.730000000003,25361.24,2914
2026-05-27T11:00:00+00:00,25361.24,25370.730000000003,25299.230000000003,25300.24,3793
2026-05-27T11:30:00+00:00,25300.24,25317.24,25267.730000000003,25269.230000000003,2985
2026-05-27T12:00:00+00:00,25269.230000000003,25382.24,25236.230000000003,25358.74,11303
2026-05-27T12:30:00+00:00,25358.74,25370.74,25261.230000000003,25270.230000000003,8748
2026-05-27T13:00:00+00:00,25270.230000000003,25293.750000000004,25253.13,25258.24,5642
2026-05-27T13:30:00+00:00,25258.24,25271.750000000004,25222.750000000004,25262.230000000003,10934
2026-05-27T14:00:00+00:00,25262.230000000003,25273.730000000003,25179.74,25212.250000000004,9067
2026-05-27T14:30:00+00:00,25212.250000000004,25227.74,25109.140000000003,25224.74,9589.808661248422
2026-05-27T15:00:00+00:00,25224.74,25247.730000000003,25196.230000000003,25224.230000000003,7082
2026-05-27T15:30:00+00:00,25224.230000000003,25247.74,25140.74,25170.730000000003,7080
2026-05-27T16:00:00+00:00,25170.730000000003,25205.38,25142.890000000003,25194.890000000003,3683
2026-05-27T16:30:00+00:00,25194.890000000003,25214.4,25187.890000000003,25199.390000000003,1902
2026-05-27T17:00:00+00:00,25199.390000000003,25203.9,25160.38,25180.38,2707
2026-05-27T17:30:00+00:00,25180.38,25190.38,25168.390000000003,25173.4,1401
2026-05-27T18:00:00+00:00,25173.4,25203.38,25156.390000000003,25201.88,1471
2026-05-27T18:30:00+00:00,25201.88,25212.390000000003,25194.890000000003,25199.9,895
2026-05-27T19:00:00+00:00,25199.9,25221.38,25199.9,25209.88,985
2026-05-27T19:30:00+00:00,25209.88,25236.38,25206.38,25216.15,1771
2026-05-28T00:30:00+00:00,25216.15,25216.15,25147.04,25203.04,3540
2026-05-28T01:00:00+00:00,25203.04,25211.29,25177.06,25190.06,3954
2026-05-28T01:30:00+00:00,25190.06,25207.81,25150.81,25184.79,3581
2026-05-28T02:00:00+00:00,25184.79,25199.31,25147.04,25158.800000000003,3187
2026-05-28T02:30:00+00:00,25158.800000000003,25164.800000000003,25119.800000000003,25122.31,2605
2026-05-28T03:00:00+00:00,25122.31,25128.800000000003,25055.79,25063.06,4004
2026-05-28T03:30:00+00:00,25063.06,25067.81,24967.04,24971.81,7460
2026-05-28T04:00:00+00:00,24971.81,24973.81,24916.04,24936.29,4447
2026-05-28T04:30:00+00:00,24936.29,24983.29,24935.04,24964.81,3732
2026-05-28T05:00:00+00:00,24964.81,25009.300000000003,24945.04,25007.300000000003,3769
2026-05-28T05:30:00+00:00,25007.300000000003,25079.800000000003,25002.04,25064.300000000003,3646
2026-05-28T06:00:00+00:00,25064.300000000003,25100.29,25053.29,25089.79,2045
2026-05-28T06:30:00+00:00,25089.79,25109.79,25061.300000000003,25095.800000000003,2427
2026-05-28T07:00:00+00:00,25095.800000000003,25171.660000000003,25080.160000000003,25152.65,8158
2026-05-28T07:30:00+00:00,25152.65,25164.160000000003,25101.140000000003,25152.140000000003,6143
2026-05-28T08:00:00+00:00,25152.140000000003,25187.160000000003,25132.15,25151.160000000003,7004
2026-05-28T08:30:00+00:00,25151.160000000003,25171.660000000003,25129.15,25171.140000000003,4017
2026-05-28T09:00:00+00:00,25171.140000000003,25189.640000000003,25148.640000000003,25163.640000000003,3819
2026-05-28T09:30:00+00:00,25163.640000000003,25165.15,25118.15,25135.65,3590
2026-05-28T10:00:00+00:00,25135.65,25149.660000000003,25095.640000000003,25104.15,3952
2026-05-28T10:30:00+00:00,25104.15,25112.160000000003,25014.640000000003,25049.65,5554
2026-05-28T11:00:00+00:00,25049.65,25079.660000000003,25041.15,25072.15,5257
2026-05-28T11:30:00+00:00,25072.15,25081.640000000003,25037.140000000003,25037.140000000003,3119
2026-05-28T12:00:00+00:00,25037.140000000003,25049.15,25004.160000000003,25021.06,3057
2026-05-28T12:30:00+00:00,25021.06,25089.160000000003,25018.04,25083.160000000003,4568
2026-05-28T13:00:00+00:00,25083.160000000003,25109.160000000003,25022.640000000003,25023.160000000003,4284
2026-05-28T13:30:00+00:00,25023.160000000003,25056.140000000003,24979.640000000003,25049.160000000003,7391
2026-05-28T14:00:00+00:00,25049.160000000003,25262.65,25011.15,25134.640000000003,16790
2026-05-28T14:30:00+00:00,25134.640000000003,25146.65,25020.660000000003,25059.15,11281
2026-05-28T15:00:00+00:00,25059.15,25108.640000000003,25053.140000000003,25103.160000000003,6618
2026-05-28T15:30:00+00:00,25103.160000000003,25107.15,25071.140000000003,25096.140000000003,3714
2026-05-28T16:00:00+00:00,25096.140000000003,25166.81,25078.31,25139.29,3208
2026-05-28T16:30:00+00:00,25139.29,25166.29,25115.300000000003,25161.300000000003,1812
2026-05-28T17:00:00+00:00,25161.300000000003,25165.81,25131.79,25133.79,1382
2026-05-28T17:30:00+00:00,25133.79,25143.81,25125.29,25132.79,968
2026-05-28T18:00:00+00:00,25132.79,25145.300000000003,25107.31,25111.29,2413
2026-05-28T18:30:00+00:00,25111.29,25117.81,25086.800000000003,25102.79,1269
2026-05-28T19:00:00+00:00,25102.79,25111.31,25088.31,25093.79,790
2026-05-28T19:30:00+00:00,25093.79,25110.31,25088.29,25095.56,1800
2026-05-29T00:30:00+00:00,25095.56,25095.56,25062.260000000002,25080.250000000004,1844.0110601564606
2026-05-29T01:00:00+00:00,25080.250000000004,25118.010000000002,25068.250000000004,25097.260000000002,4122
2026-05-29T01:30:00+00:00,25097.260000000002,25121.020000000004,25085.250000000004,25107.510000000002,3353
2026-05-29T02:00:00+00:00,25107.510000000002,25134.020000000004,25100.260000000002,25105.510000000002,2583
2026-05-29T02:30:00+00:00,25105.510000000002,25123.010000000002,25103.250000000004,25111.250000000004,2368
2026-05-29T03:00:00+00:00,25111.250000000004,25154.520000000004,25108.260000000002,25148.500000000004,2102
2026-05-29T03:30:00+00:00,25148.500000000004,25161.000000000004,25135.250000000004,25145.500000000004,2180
2026-05-29T04:00:00+00:00,25145.500000000004,25177.020000000004,25142.250000000004,25176.000000000004,2085
2026-05-29T04:30:00+00:00,25176.000000000004,25178.000000000004,25163.250000000004,25168.260000000002,1187
2026-05-29T05:00:00+00:00,25168.260000000002,25181.520000000004,25160.260000000002,25173.010000000002,1261
2026-05-29T05:30:00+00:00,25173.010000000002,25177.020000000004,25148.250000000004,25170.010000000002,1496
2026-05-29T06:00:00+00:00,25170.010000000002,25186.510000000002,25147.500000000004,25149.010000000002,1795
2026-05-29T06:30:00+00:00,25149.010000000002,25203.520000000004,25144.510000000002,25185.500000000004,2029
2026-05-29T07:00:00+00:00,25185.500000000004,25186.86,25078.350000000002,25121.36,8507
2026-05-29T07:30:00+00:00,25121.36,25172.850000000002,25105.370000000003,25166.350000000002,5575
2026-05-29T08:00:00+00:00,25166.350000000002,25187.370000000003,25141.350000000002,25168.36,5192
2026-05-29T08:30:00+00:00,25168.36,25175.850000000002,25116.350000000002,25121.36,3571
2026-05-29T09:00:00+00:00,25121.36,25187.870000000003,25110.850000000002,25168.36,5211
2026-05-29T09:30:00+00:00,25168.36,25205.870000000003,25154.850000000002,25157.870000000003,4304
2026-05-29T10:00:00+00:00,25157.870000000003,25163.36,25105.36,25128.370000000003,3692
2026-05-29T10:30:00+00:00,25128.370000000003,25155.870000000003,25114.86,25140.870000000003,2883
2026-05-29T11:00:00+00:00,25140.870000000003,25154.870000000003,25093.350000000002,25095.36,3302
2026-05-29T11:30:00+00:00,25095.36,25100.36,25030.350000000002,25095.86,4614
2026-05-29T12:00:00+00:00,25095.86,25120.370000000003,25061.36,25108.36,3644
2026-05-29T12:30:00+00:00,25108.36,25121.370000000003,25071.250000000004,25108.370000000003,4651
2026-05-29T13:00:00+00:00,25108.370000000003,25139.86,25062.850000000002,25079.36,4119
2026-05-29T13:30:00+00:00,25079.36,25095.36,25043.850000000002,25054.370000000003,6510
2026-05-29T14:00:00+00:00,25054.370000000003,25088.370000000003,25038.870000000003,25080.350000000002,6563
2026-05-29T14:30:00+00:00,25080.350000000002,25197.86,25069.370000000003,25151.850000000002,10254.26994392652
2026-05-29T15:00:00+00:00,25151.850000000002,25208.33,25116.33,25127.33,7962
2026-05-29T15:30:00+00:00,25127.33,25146.83,25052.84,25111.350000000002,10755
2026-05-29T16:00:00+00:00,25111.350000000002,25127.99,25095.480000000003,25104.49,2491
2026-05-29T16:30:00+00:00,25104.49,25135.000000000004,25098.99,25109.000000000004,3075
2026-05-29T17:00:00+00:00,25109.000000000004,25120.99,25096.480000000003,25102.99,2126
2026-05-29T17:30:00+00:00,25102.99,25107.99,25058.99,25060.49,1598
2026-05-29T18:00:00+00:00,25060.49,25076.980000000003,25059.49,25066.99,1608
2026-05-29T18:30:00+00:00,25066.99,25087.500000000004,25026.980000000003,25041.99,2619
2026-05-29T19:00:00+00:00,25041.99,25072.000000000004,25036.480000000003,25070.49,1301
2026-05-29T19:30:00+00:00,25070.49,25078.500000000004,25045.99,25052.230000000003,2177
2026-06-01T00:30:00+00:00,25052.230000000003,25122.120000000003,25052.230000000003,25118.620000000003,2201
2026-06-01T01:00:00+00:00,25118.620000000003,25132.620000000003,25087.86,25112.620000000003,3057
2026-06-01T01:30:00+00:00,25112.620000000003,25135.600000000002,25105.850000000002,25129.600000000002,2964
2026-06-01T02:00:00+00:00,25129.600000000002,25148.120000000003,25122.850000000002,25143.620000000003,1722
2026-06-01T02:30:00+00:00,25143.620000000003,25148.11,25125.86,25135.61,1993
2026-06-01T03:00:00+00:00,25135.61,25144.620000000003,25106.850000000002,25122.11,1875
2026-06-01T03:30:00+00:00,25122.11,25141.11,25079.61,25085.86,2293
2026-06-01T04:00:00+00:00,25085.86,25122.620000000003,25079.86,25119.120000000003,2036
2026-06-01T04:30:00+00:00,25119.120000000003,25139.100000000002,25111.850000000002,25120.870000000003,1526
2026-06-01T05:00:00+00:00,25120.870000000003,25129.100000000002,25101.850000000002,25103.600000000002,1569
2026-06-01T05:30:00+00:00,25103.600000000002,25135.61,25101.850000000002,25130.61,1601
2026-06-01T06:00:00+00:00,25130.61,25141.120000000003,25078.11,25081.11,2226
2026-06-01T06:30:00+00:00,25081.11,25099.600000000002,25059.11,25090.100000000002,2602
2026-06-01T07:00:00+00:00,25090.100000000002,25155.960000000003,25064.47,25120.45,10460
2026-06-01T07:30:00+00:00,25120.45,25140.97,25089.45,25134.97,5119
2026-06-01T08:00:00+00:00,25134.97,25188.460000000003,25121.45,25142.460000000003,6309
2026-06-01T08:30:00+00:00,25142.460000000003,25158.97,25101.45,25151.47,5076
2026-06-01T09:00:00+00:00,25151.47,25208.460000000003,25148.850000000002,25207.45,3884
2026-06-01T09:30:00+00:00,25207.45,25216.45,25121.45,25143.97,4332
2026-06-01T10:00:00+00:00,25143.97,25197.960000000003,25128.95,25190.95,3732
2026-06-01T10:30:00+00:00,25190.95,25253.45,25189.95,25212.97,4197
2026-06-01T11:00:00+00:00,25212.97,25229.960000000003,25176.960000000003,25196.960000000003,4340
2026-06-01T11:30:00+00:00,25196.960000000003,25249.95,25190.95,25238.97,4363
2026-06-01T12:00:00+00:00,25238.97,25264.95,25214.45,25253.95,5096
2026-06-01T12:30:00+00:00,25253.95,25305.47,25235.95,25268.47,6348
2026-06-01T13:00:00+00:00,25268.47,25272.95,24974.850000000002,25013.97,23268
2026-06-01T13:30:00+00:00,25013.97,25036.97,24919.47,24929.850000000002,19080
2026-06-01T14:00:00+00:00,24929.850000000002,25046.97,24895.850000000002,24962.95,15344
2026-06-01T14:30:00+00:00,24962.95,25001.47,24910.95,24920.960000000003,8674
2026-06-01T15:00:00+00:00,24920.960000000003,25002.460000000003,24904.460000000003,24989.460000000003,8306
2026-06-01T15:30:00+00:00,24989.460000000003,25071.97,24985.97,24989.960000000003,8974
2026-06-01T16:00:00+00:00,24989.960000000003,25016.120000000003,24953.600000000002,24979.61,4587
2026-06-01T16:30:00+00:00,24979.61,25064.61,24978.100000000002,25057.11,5356
2026-06-01T17:00:00+00:00,25057.11,25106.600000000002,25018.120000000003,25099.120000000003,3055
2026-06-01T17:30:00+00:00,25099.120000000003,25184.600000000002,25070.100000000002,25111.620000000003,5696
2026-06-01T18:00:00+00:00,25111.620000000003,25132.11,25110.11,25116.11,1637
2026-06-01T18:30:00+00:00,25116.11,25119.600000000002,25106.600000000002,25112.100000000002,910
2026-06-01T19:00:00+00:00,25112.100000000002,25130.120000000003,25104.11,25130.11,1208
2026-06-01T19:30:00+00:00,25130.11,25130.11,25074.600000000002,25077.86,1674
2026-06-02T00:30:00+00:00,25077.86,25077.86,24975.420000000002,24988.670000000002,3396
2026-06-02T01:00:00+00:00,24988.670000000002,25051.18,24983.43,25033.660000000003,8423
2026-06-02T01:30:00+00:00,25033.660000000003,25068.670000000002,25001.410000000003,25015.160000000003,5374
2026-06-02T02:00:00+00:00,25015.160000000003,25054.18,25013.410000000003,25047.43,6057
2026-06-02T02:30:00+00:00,25047.43,25066.160000000003,25043.410000000003,25060.170000000002,3672
2026-06-02T03:00:00+00:00,25060.170000000002,25070.170000000002,25035.670000000002,25043.660000000003,3122
2026-06-02T03:30:00+00:00,25043.660000000003,25083.68,25030.410000000003,25076.43,4105
2026-06-02T04:00:00+00:00,25076.43,25103.170000000002,25075.170000000002,25084.420000000002,2498
2026-06-02T04:30:00+00:00,25084.420000000002,25118.660000000003,25075.43,25118.660000000003,2279
2026-06-02T05:00:00+00:00,25118.660000000003,25144.660000000003,25101.420000000002,25128.160000000003,2921
2026-06-02T05:30:00+00:00,25128.160000000003,25142.68,25115.660000000003,25123.670000000002,2459
2026-06-02T06:00:00+00:00,25123.670000000002,25148.660000000003,25118.410000000003,25140.68,4786
2026-06-02T06:30:00+00:00,25140.68,25187.68,25127.170000000002,25186.68,5941
2026-06-02T07:00:00+00:00,25186.68,25261.010000000002,25173.010000000002,25223.030000000002,17727
2026-06-02T07:30:00+00:00,25223.030000000002,25329.02,25218.010000000002,25327.52,9703
2026-06-02T08:00:00+00:00,25327.52,25367.010000000002,25276.52,25278.030000000002,17683
2026-06-02T08:30:00+00:00,25278.030000000002,25289.530000000002,25248.010000000002,25269.52,12728
2026-06-02T09:00:00+00:00,25269.52,25279.530000000002,25233.510000000002,25245.530000000002,11326
2026-06-02T09:30:00+00:00,25245.530000000002,25275.02,25193.43,25245.510000000002,10001
2026-06-02T10:00:00+00:00,25245.510000000002,25276.530000000002,25229.010000000002,25261.52,8854
2026-06-02T10:30:00+00:00,25261.52,25270.030000000002,25232.010000000002,25232.510000000002,8490
2026-06-02T11:00:00+00:00,25232.510000000002,25236.030000000002,25199.030000000002,25223.030000000002,8523
2026-06-02T11:30:00+00:00,25223.030000000002,25224.030000000002,25188.030000000002,25209.02,8571
2026-06-02T12:00:00+00:00,25209.02,25222.530000000002,25168.02,25194.02,9036
2026-06-02T12:30:00+00:00,25194.02,25197.530000000002,25141.52,25149.010000000002,12557
2026-06-02T13:00:00+00:00,25149.010000000002,25156.530000000002,25087.510000000002,25118.52,16909
2026-06-02T13:30:00+00:00,25118.52,25151.030000000002,25062.510000000002,25074.530000000002,20155
2026-06-02T14:00:00+00:00,25074.530000000002,25123.530000000002,25060.510000000002,25080.530000000002,19458
2026-06-02T14:30:00+00:00,25080.530000000002,25139.02,25073.510000000002,25105.52,13871
2026-06-02T15:00:00+00:00,25105.52,25128.030000000002,25083.010000000002,25117.530000000002,12137
2026-06-02T15:30:00+00:00,25117.530000000002,25151.510000000002,25098.510000000002,25131.02,8938
2026-06-02T16:00:00+00:00,25131.02,25143.160000000003,25082.660000000003,25086.68,7356
2026-06-02T16:30:00+00:00,25086.68,25092.670000000002,25062.670000000002,25085.68,4337
2026-06-02T17:00:00+00:00,25085.68,25096.18,25055.160000000003,25065.160000000003,4880
2026-06-02T17:30:00+00:00,25065.160000000003,25072.18,25056.160000000003,25062.660000000003,3796
2026-06-02T18:00:00+00:00,25062.660000000003,25088.670000000002,25061.160000000003,25080.670000000002,3313
2026-06-02T18:30:00+00:00,25080.670000000002,25100.68,25077.170000000002,25089.170000000002,2626
2026-06-02T19:00:00+00:00,25089.170000000002,25105.68,25089.160000000003,25101.660000000003,1662
2026-06-02T19:30:00+00:00,25101.660000000003,25115.18,25100.160000000003,25101.410000000003,2417
2026-06-03T00:30:00+00:00,25101.410000000003,25113.910000000003,25088.660000000003,25110.410000000003,1708
2026-06-03T01:00:00+00:00,25110.410000000003,25113.910000000003,25075.65,25097.65,5008
2026-06-03T01:30:00+00:00,25097.65,25113.9,25080.640000000003,25102.640000000003,2767
2026-06-03T02:00:00+00:00,25102.640000000003,25113.410000000003,25091.65,25097.9,1896
2026-06-03T02:30:00+00:00,25097.9,25104.4,25074.65,25085.910000000003,1927
2026-06-03T03:00:00+00:00,25085.910000000003,25118.390000000003,25083.640000000003,25092.910000000003,1475
2026-06-03T03:30:00+00:00,25092.910000000003,25112.910000000003,25088.660000000003,25111.9,1789
2026-06-03T04:00:00+00:00,25111.9,25124.4,25088.640000000003,25104.910000000003,906.8012467913459
2026-06-03T04:30:00+00:00,25104.910000000003,25106.410000000003,25087.65,25092.4,1251
2026-06-03T05:00:00+00:00,25092.4,25105.4,25073.65,25073.65,1935
2026-06-03T05:30:00+00:00,25073.65,25083.410000000003,25029.640000000003,25040.4,2086
2026-06-03T06:00:00+00:00,25040.4,25067.4,25012.390000000003,25024.9,5167
2026-06-03T06:30:00+00:00,25024.9,25052.390000000003,24985.410000000003,24998.4,6152
2026-06-03T07:00:00+00:00,24998.4,25002.74,24914.750000000004,24939.250000000004,18698
2026-06-03T07:30:00+00:00,24939.250000000004,24951.260000000002,24878.750000000004,24950.260000000002,13264
2026-06-03T08:00:00+00:00,24950.260000000002,24961.260000000002,24908.24,24929.760000000002,14589
2026-06-03T08:30:00+00:00,24929.760000000002,24966.760000000002,24908.74,24933.750000000004,10892
2026-06-03T09:00:00+00:00,24933.750000000004,24950.760000000002,24871.750000000004,24874.24,10575
2026-06-03T09:30:00+00:00,24874.24,24895.760000000002,24842.74,24850.250000000004,8871
2026-06-03T10:00:00+00:00,24850.250000000004,24933.750000000004,24830.74,24906.260000000002,17862
2026-06-03T10:30:00+00:00,24906.260000000002,24912.760000000002,24844.24,24876.250000000004,8176
2026-06-03T11:00:00+00:00,24876.250000000004,24930.750000000004,24859.750000000004,24919.750000000004,7714
2026-06-03T11:30:00+00:00,24919.750000000004,24940.250000000004,24903.74,24914.24,7303
2026-06-03T12:00:00+00:00,24914.24,24928.260000000002,24879.74,24880.24,8145
2026-06-03T12:30:00+00:00,24880.24,24914.750000000004,24858.24,24897.250000000004,8734
2026-06-03T13:00:00+00:00,24897.250000000004,24920.250000000004,24865.760000000002,24873.74,8786
2026-06-03T13:30:00+00:00,24873.74,24879.760000000002,24806.250000000004,24860.250000000004,18562
2026-06-03T14:00:00+00:00,24860.250000000004,24880.750000000004,24755.250000000004,24810.260000000002,16956
2026-06-03T14:30:00+00:00,24810.260000000002,24818.750000000004,24757.750000000004,24796.760000000002,12364.419102348162
2026-06-03T15:00:00+00:00,24796.760000000002,24819.780000000002,24773.760000000002,24817.260000000002,13449
2026-06-03T15:30:00+00:00,24817.260000000002,24827.780000000002,24774.270000000004,24801.270000000004,10178
2026-06-03T16:00:00+00:00,24801.270000000004,24806.430000000004,24752.420000000002,24768.910000000003,8131
2026-06-03T16:30:00+00:00,24768.910000000003,24789.420000000002,24759.410000000003,24782.420000000002,6580
2026-06-03T17:00:00+00:00,24782.420000000002,24800.920000000002,24759.420000000002,24769.910000000003,5428
2026-06-03T17:30:00+00:00,24769.910000000003,24784.930000000004,24760.410000000003,24783.920000000002,3579
2026-06-03T18:00:00+00:00,24783.920000000002,24792.430000000004,24770.910000000003,24788.920000000002,4080
2026-06-03T18:30:00+00:00,24788.920000000002,24792.910000000003,24772.910000000003,24781.410000000003,3254
2026-06-03T19:00:00+00:00,24781.410000000003,24781.430000000004,24760.930000000004,24763.410000000003,3785
2026-06-03T19:30:00+00:00,24763.410000000003,24772.920000000002,24721.160000000003,24727.680000000004,3971
2026-06-04T00:30:00+00:00,24727.680000000004,24759.550000000003,24692.79,24748.81,2214.1271381578945
2026-06-04T01:00:00+00:00,24748.81,24785.06,24745.79,24756.050000000003,4571
2026-06-04T01:30:00+00:00,24756.050000000003,24775.800000000003,24722.79,24740.54,3209
2026-06-04T02:00:00+00:00,24740.54,24742.050000000003,24689.79,24724.79,3033
2026-06-04T02:30:00+00:00,24724.79,24742.56,24702.79,24732.81,2490
2026-06-04T03:00:00+00:00,24732.81,24758.04,24728.79,24757.56,2341
2026-06-04T03:30:00+00:00,24757.56,24768.550000000003,24721.800000000003,24748.79,2877
2026-06-04T04:00:00+00:00,24748.79,24761.56,24734.800000000003,24753.54,1688
2026-06-04T04:30:00+00:00,24753.54,24761.54,24736.81,24753.79,2450
2026-06-04T05:00:00+00:00,24753.79,24757.56,24713.79,24734.800000000003,3580
2026-06-04T05:30:00+00:00,24734.800000000003,24769.050000000003,24731.81,24759.04,3262
2026-06-04T06:00:00+00:00,24759.04,24798.050000000003,24755.04,24792.550000000003,5402
2026-06-04T06:30:00+00:00,24792.550000000003,24826.54,24785.54,24826.050000000003,6377
2026-06-04T07:00:00+00:00,24826.050000000003,24913.9,24825.890000000003,24912.4,17913
2026-06-04T07:30:00+00:00,24912.4,24954.410000000003,24905.410000000003,24943.390000000003,11864
2026-06-04T08:00:00+00:00,24943.390000000003,24974.410000000003,24922.890000000003,24962.410000000003,16954
2026-06-04T08:30:00+00:00,24962.410000000003,25005.390000000003,24885.910000000003,24888.390000000003,14743
2026-06-04T09:00:00+00:00,24888.390000000003,24889.910000000003,24843.390000000003,24881.390000000003,14423
2026-06-04T09:30:00+00:00,24881.390000000003,24976.4,24872.890000000003,24965.890000000003,10853
2026-06-04T10:00:00+00:00,24965.890000000003,24967.910000000003,24902.390000000003,24904.9,9742
2026-06-04T10:30:00+00:00,24904.9,24912.910000000003,24858.9,24909.9,8997
2026-06-04T11:00:00+00:00,24909.9,24961.910000000003,24906.890000000003,24943.9,14324
2026-06-04T11:30:00+00:00,24943.9,24962.4,24897.890000000003,24953.410000000003,19070
2026-06-04T12:00:00+00:00,24953.410000000003,24969.910000000003,24917.9,24963.79,18532
2026-06-04T12:30:00+00:00,24963.79,25005.410000000003,24949.890000000003,24978.390000000003,9927
2026-06-04T13:00:00+00:00,24978.390000000003,25011.890000000003,24970.4,24992.910000000003,10684
2026-06-04T13:30:00+00:00,24992.910000000003,24999.390000000003,24924.9,24966.910000000003,23675
2026-06-04T14:00:00+00:00,24966.910000000003,24992.910000000003,24930.390000000003,24937.410000000003,18007
2026-06-04T14:30:00+00:00,24937.410000000003,24946.410000000003,24896.890000000003,24897.390000000003,14137
2026-06-04T15:00:00+00:00,24897.390000000003,24934.410000000003,24869.390000000003,24919.390000000003,12143
2026-06-04T15:30:00+00:00,24919.390000000003,24957.910000000003,24907.4,24923.890000000003,7061
2026-06-04T16:00:00+00:00,24923.890000000003,24954.56,24922.04,24938.050000000003,4666
2026-06-04T16:30:00+00:00,24938.050000000003,24948.56,24930.06,24943.04,3646
2026-06-04T17:00:00+00:00,24943.04,24950.06,24928.04,24947.050000000003,2334
2026-06-04T17:30:00+00:00,24947.050000000003,24956.56,24942.04,24948.06,2537
2026-06-04T18:00:00+00:00,24948.06,24954.050000000003,24935.050000000003,24941.06,2523
2026-06-04T18:30:00+00:00,24941.06,24954.06,24938.54,24948.050000000003,2349
2026-06-04T19:00:00+00:00,24948.050000000003,24962.06,24939.04,24958.56,1672
2026-06-04T19:30:00+00:00,24958.56,24973.06,24938.04,24944.29,2977
2026-06-05T00:30:00+00:00,24944.29,24944.29,24773.850000000002,24811.11,3376.591993377982
2026-06-05T01:00:00+00:00,24811.11,24824.620000000003,24784.350000000002,24810.36,3389.5915616118923
2026-06-05T01:30:00+00:00,24810.36,24854.120000000003,24808.850000000002,24844.36,1636.7175940381235
2026-06-05T02:00:00+00:00,24844.36,24871.120000000003,24840.350000000002,24862.620000000003,1053.610162892901
2026-06-05T02:30:00+00:00,24862.620000000003,24864.620000000003,24823.350000000002,24828.350000000002,1969.8524458072986
2026-06-05T03:00:00+00:00,24828.350000000002,24845.61,24815.350000000002,24823.620000000003,2220.8678376555604
2026-06-05T03:30:00+00:00,24823.620000000003,24835.11,24789.36,24791.370000000003,4073.0822924320355
2026-06-05T04:00:00+00:00,24791.370000000003,24823.850000000002,24791.350000000002,24812.61,1591.7962777894352
2026-06-05T04:30:00+00:00,24812.61,24842.620000000003,24792.86,24830.86,5330
2026-06-05T05:00:00+00:00,24830.86,24837.61,24809.86,24822.86,4713
2026-06-05T05:30:00+00:00,24822.86,24867.120000000003,24817.850000000002,24833.600000000002,3741
2026-06-05T06:00:00+00:00,24833.600000000002,24911.620000000003,24833.600000000002,24866.11,6678
2026-06-05T06:30:00+00:00,24866.11,24902.620000000003,24862.61,24893.120000000003,6657
2026-06-05T07:00:00+00:00,24893.120000000003,24922.960000000003,24825.960000000003,24879.95,22323
2026-06-05T07:30:00+00:00,24879.95,24957.960000000003,24871.460000000003,24923.47,15103
2026-06-05T08:00:00+00:00,24923.47,24953.47,24876.97,24953.47,17515
2026-06-05T08:30:00+00:00,24953.47,24966.97,24921.460000000003,24951.97,11301
2026-06-05T09:00:00+00:00,24951.97,25042.460000000003,24942.960000000003,24979.97,20034
2026-06-05T09:30:00+00:00,24979.97,25009.47,24960.460000000003,25005.97,12975
2026-06-05T10:00:00+00:00,25005.97,25012.45,24978.460000000003,24997.95,7910
2026-06-05T10:30:00+00:00,24997.95,25028.460000000003,24989.460000000003,25004.45,6923
2026-06-05T11:00:00+00:00,25004.45,25031.97,24948.45,25010.47,8595
2026-06-05T11:30:00+00:00,25010.47,25021.97,24990.95,25006.460000000003,7594
2026-06-05T12:00:00+00:00,25006.460000000003,25019.460000000003,24954.460000000003,24959.86,7927
2026-06-05T12:30:00+00:00,24959.86,24997.45,24906.45,24918.95,17100
2026-06-05T13:00:00+00:00,24918.95,24971.97,24911.95,24918.960000000003,17819
2026-06-05T13:30:00+00:00,24918.960000000003,24925.97,24802.45,24822.460000000003,30110
2026-06-05T14:00:00+00:00,24822.460000000003,24880.97,24775.95,24811.97,30617
2026-06-05T14:30:00+00:00,24811.97,24853.960000000003,24804.95,24828.460000000003,21462.060082405755
2026-06-05T15:00:00+00:00,24828.460000000003,24837.97,24777.95,24783.460000000003,19514
2026-06-05T15:30:00+00:00,24783.460000000003,24805.95,24754.45,24770.95,12067
2026-06-05T16:00:00+00:00,24770.95,24770.95,24731.600000000002,24739.600000000002,9758
2026-06-05T16:30:00+00:00,24739.600000000002,24743.620000000003,24689.870000000003,24724.600000000002,11884
2026-06-05T17:00:00+00:00,24724.600000000002,24725.620000000003,24678.620000000003,24711.11,10004
2026-06-05T17:30:00+00:00,24711.11,24733.100000000002,24700.620000000003,24716.11,10281
2026-06-05T18:00:00+00:00,24716.11,24724.620000000003,24634.620000000003,24639.120000000003,10147
2026-06-05T18:30:00+00:00,24639.120000000003,24654.11,24582.11,24605.61,14349
2026-06-05T19:00:00+00:00,24605.61,24605.620000000003,24514.600000000002,24571.600000000002,16291
2026-06-05T19:30:00+00:00,24571.600000000002,24618.11,24549.11,24583.870000000003,17765
2026-06-08T00:30:00+00:00,24583.870000000003,24621.31,24539.31,24565.56,3923
2026-06-08T01:00:00+00:00,24565.56,24584.81,24443.58,24449.83,11473
2026-06-08T01:30:00+00:00,24449.83,24546.33,24379.56,24545.81,9090
2026-06-08T02:00:00+00:00,24545.81,24582.81,24526.56,24573.31,6902
2026-06-08T02:30:00+00:00,24573.31,24626.820000000003,24533.56,24595.570000000003,5084
2026-06-08T03:00:00+00:00,24595.570000000003,24607.31,24533.570000000003,24558.320000000003,3823
2026-06-08T03:30:00+00:00,24558.320000000003,24578.81,24549.56,24559.820000000003,4025
2026-06-08T04:00:00+00:00,24559.820000000003,24569.33,24522.570000000003,24544.83,5071
2026-06-08T04:30:00+00:00,24544.83,24558.31,24423.58,24436.820000000003,4278
2026-06-08T05:00:00+00:00,24436.820000000003,24482.83,24435.56,24448.58,5886
2026-06-08T05:30:00+00:00,24448.58,24458.31,24373.31,24391.570000000003,7759
2026-06-08T06:00:00+00:00,24391.570000000003,24436.33,24346.320000000003,24428.320000000003,14256
2026-06-08T06:30:00+00:00,24428.320000000003,24448.320000000003,24375.81,24432.320000000003,14336
2026-06-08T07:00:00+00:00,24432.320000000003,24579.160000000003,24414.170000000002,24556.170000000002,33313
2026-06-08T07:30:00+00:00,24556.170000000002,24607.170000000002,24523.670000000002,24542.180000000004,22799
2026-06-08T08:00:00+00:00,24542.180000000004,24571.660000000003,24498.160000000003,24524.660000000003,23350
2026-06-08T08:30:00+00:00,24524.660000000003,24558.680000000004,24506.170000000002,24543.680000000004,18580
2026-06-08T09:00:00+00:00,24543.680000000004,24603.180000000004,24541.680000000004,24578.660000000003,14083
2026-06-08T09:30:00+00:00,24578.660000000003,24666.680000000004,24563.160000000003,24637.180000000004,18213
2026-06-08T10:00:00+00:00,24637.180000000004,24657.170000000002,24594.180000000004,24611.160000000003,15273
2026-06-08T10:30:00+00:00,24611.160000000003,24722.170000000002,24609.160000000003,24622.680000000004,17423
2026-06-08T11:00:00+00:00,24622.680000000004,24755.670000000002,24588.670000000002,24715.680000000004,27444
2026-06-08T11:30:00+00:00,24715.680000000004,24733.680000000004,24669.160000000003,24674.180000000004,15686
2026-06-08T12:00:00+00:00,24674.180000000004,24718.680000000004,24672.160000000003,24688.170000000002,17051
2026-06-08T12:30:00+00:00,24688.170000000002,24701.160000000003,24642.680000000004,24664.670000000002,14152
2026-06-08T13:00:00+00:00,24664.670000000002,24695.670000000002,24651.160000000003,24676.660000000003,16731
2026-06-08T13:30:00+00:00,24676.660000000003,24718.680000000004,24653.160000000003,24690.680000000004,33423
2026-06-08T14:00:00+00:00,24690.680000000004,24696.680000000004,24618.660000000003,24634.660000000003,27774
2026-06-08T14:30:00+00:00,24634.660000000003,24688.680000000004,24622.160000000003,24688.680000000004,19377
2026-06-08T15:00:00+00:00,24688.680000000004,24697.180000000004,24651.180000000004,24657.170000000002,12023
2026-06-08T15:30:00+00:00,24657.170000000002,24668.170000000002,24621.660000000003,24627.160000000003,12637
2026-06-08T16:00:00+00:00,24627.160000000003,24643.83,24610.81,24610.81,11171
2026-06-08T16:30:00+00:00,24610.81,24621.81,24601.320000000003,24602.31,11571
2026-06-08T17:00:00+00:00,24602.31,24602.33,24551.81,24587.320000000003,12116
2026-06-08T17:30:00+00:00,24587.320000000003,24595.33,24556.81,24579.33,12706
2026-06-08T18:00:00+00:00,24579.33,24626.33,24579.33,24621.320000000003,8251
2026-06-08T18:30:00+00:00,24621.320000000003,24640.320000000003,24616.81,24622.820000000003,7146
2026-06-08T19:00:00+00:00,24622.820000000003,24624.320000000003,24557.81,24580.820000000003,9520
2026-06-08T19:30:00+00:00,24580.820000000003,24613.33,24563.31,24597.070000000003,10187
2026-06-09T00:30:00+00:00,24597.070000000003,24597.070000000003,24498.070000000003,24521.83,5582
2026-06-09T01:00:00+00:00,24521.83,24591.090000000004,24503.070000000003,24568.83,7789
2026-06-09T01:30:00+00:00,24568.83,24605.820000000003,24557.090000000004,24577.840000000004,5738
2026-06-09T02:00:00+00:00,24577.840000000004,24594.840000000004,24566.08,24585.320000000003,4584
2026-06-09T02:30:00+00:00,24585.320000000003,24596.820000000003,24554.070000000003,24574.820000000003,4087
2026-06-09T03:00:00+00:00,24574.820000000003,24616.320000000003,24567.090000000004,24576.090000000004,3663
2026-06-09T03:30:00+00:00,24576.090000000004,24633.820000000003,24576.090000000004,24603.090000000004,4386
2026-06-09T04:00:00+00:00,24603.090000000004,24633.340000000004,24592.08,24632.820000000003,2828
2026-06-09T04:30:00+00:00,24632.820000000003,24654.820000000003,24611.070000000003,24632.840000000004,2119
2026-06-09T05:00:00+00:00,24632.840000000004,24647.33,24610.070000000003,24613.090000000004,2929
2026-06-09T05:30:00+00:00,24613.090000000004,24647.340000000004,24602.840000000004,24604.08,4531
2026-06-09T06:00:00+00:00,24604.08,24639.340000000004,24604.08,24618.840000000004,6283
2026-06-09T06:30:00+00:00,24618.840000000004,24642.33,24587.33,24595.840000000004,6852
2026-06-09T07:00:00+00:00,24595.840000000004,24672.190000000002,24547.680000000004,24579.680000000004,23613
2026-06-09T07:30:00+00:00,24579.680000000004,24699.180000000004,24579.680000000004,24682.680000000004,15455
2026-06-09T08:00:00+00:00,24682.680000000004,24742.670000000002,24665.190000000002,24725.190000000002,17855
2026-06-09T08:30:00+00:00,24725.190000000002,24765.680000000004,24698.170000000002,24759.180000000004,9544
2026-06-09T09:00:00+00:00,24759.180000000004,24804.690000000002,24751.670000000002,24776.690000000002,7249
2026-06-09T09:30:00+00:00,24776.690000000002,24822.690000000002,24748.670000000002,24806.170000000002,6818
2026-06-09T10:00:00+00:00,24806.170000000002,24835.690000000002,24765.190000000002,24832.680000000004,10435
2026-06-09T10:30:00+00:00,24832.680000000004,24834.690000000002,24788.170000000002,24799.170000000002,7570
2026-06-09T11:00:00+00:00,24799.170000000002,24805.690000000002,24772.670000000002,24782.170000000002,6970
2026-06-09T11:30:00+00:00,24782.170000000002,24791.680000000004,24729.670000000002,24743.680000000004,7733
2026-06-09T12:00:00+00:00,24743.680000000004,24746.690000000002,24712.680000000004,24730.670000000002,9052
2026-06-09T12:30:00+00:00,24730.670000000002,24769.190000000002,24727.170000000002,24767.190000000002,8688
2026-06-09T13:00:00+00:00,24767.190000000002,24805.180000000004,24747.190000000002,24771.690000000002,13352
2026-06-09T13:30:00+00:00,24771.690000000002,24828.190000000002,24750.170000000002,24784.670000000002,20508
2026-06-09T14:00:00+00:00,24784.670000000002,24805.170000000002,24658.680000000004,24715.190000000002,26078
2026-06-09T14:30:00+00:00,24715.190000000002,24747.190000000002,24568.670000000002,24630.180000000004,29356
2026-06-09T15:00:00+00:00,24630.180000000004,24645.190000000002,24424.170000000002,24424.190000000002,27199
2026-06-09T15:30:00+00:00,24424.190000000002,24507.170000000002,24406.190000000002,24434.180000000004,29135
2026-06-09T16:00:00+00:00,24434.180000000004,24469.83,24366.820000000003,24418.840000000004,27115
2026-06-09T16:30:00+00:00,24418.840000000004,24449.83,24244.820000000003,24306.840000000004,19545
2026-06-09T17:00:00+00:00,24306.840000000004,24448.840000000004,24303.070000000003,24432.83,18457
2026-06-09T17:30:00+00:00,24432.83,24485.840000000004,24414.83,24462.83,16162
2026-06-09T18:00:00+00:00,24462.83,24518.840000000004,24448.820000000003,24509.840000000004,18561
2026-06-09T18:30:00+00:00,24509.840000000004,24560.840000000004,24506.83,24551.83,12552
2026-06-09T19:00:00+00:00,24551.83,24563.83,24484.320000000003,24514.820000000003,14816
2026-06-09T19:30:00+00:00,24514.820000000003,24558.820000000003,24482.320000000003,24537.58,14700
2026-06-10T00:30:00+00:00,24537.58,24537.58,24444.460000000003,24514.460000000003,5686
2026-06-10T01:00:00+00:00,24514.460000000003,24554.200000000004,24496.460000000003,24514.190000000002,8697
2026-06-10T01:30:00+00:00,24514.190000000002,24527.210000000003,24473.440000000002,24488.190000000002,10159
2026-06-10T02:00:00+00:00,24488.190000000002,24499.690000000002,24459.440000000002,24484.690000000002,6760
2026-06-10T02:30:00+00:00,24484.690000000002,24506.710000000003,24449.190000000002,24450.450000000004,4709
2026-06-10T03:00:00+00:00,24450.450000000004,24496.210000000003,24449.460000000003,24475.190000000002,5145
2026-06-10T03:30:00+00:00,24475.190000000002,24483.210000000003,24444.460000000003,24461.460000000003,4291
2026-06-10T04:00:00+00:00,24461.460000000003,24468.200000000004,24426.190000000002,24427.210000000003,4405
2026-06-10T04:30:00+00:00,24427.210000000003,24435.210000000003,24399.440000000002,24411.190000000002,5137
2026-06-10T05:00:00+00:00,24411.190000000002,24467.710000000003,24403.190000000002,24465.440000000002,6055
2026-06-10T05:30:00+00:00,24465.440000000002,24492.690000000002,24439.200000000004,24491.710000000003,6632
2026-06-10T06:00:00+00:00,24491.710000000003,24524.690000000002,24480.210000000003,24488.710000000003,4989
2026-06-10T06:30:00+00:00,24488.710000000003,24519.700000000004,24474.690000000002,24487.700000000004,6568
2026-06-10T07:00:00+00:00,24487.700000000004,24533.56,24428.540000000005,24444.050000000003,30072
2026-06-10T07:30:00+00:00,24444.050000000003,24474.050000000003,24428.56,24463.550000000003,21724
2026-06-10T08:00:00+00:00,24463.550000000003,24472.050000000003,24370.550000000003,24391.050000000003,23496
2026-06-10T08:30:00+00:00,24391.050000000003,24394.540000000005,24315.06,24327.56,20130
2026-06-10T09:00:00+00:00,24327.56,24334.56,24248.06,24317.550000000003,20887
2026-06-10T09:30:00+00:00,24317.550000000003,24354.06,24276.540000000005,24322.040000000005,19836
2026-06-10T10:00:00+00:00,24322.040000000005,24324.050000000003,24229.040000000005,24271.56,18158
2026-06-10T10:30:00+00:00,24271.56,24294.540000000005,24241.550000000003,24259.040000000005,17936
2026-06-10T11:00:00+00:00,24259.040000000005,24266.56,24050.050000000003,24168.56,41489
2026-06-10T11:30:00+00:00,24168.56,24248.56,24156.06,24236.550000000003,27815
2026-06-10T12:00:00+00:00,24236.550000000003,24272.56,24210.06,24263.450000000004,24839
2026-06-10T12:30:00+00:00,24263.450000000004,24340.040000000005,24262.540000000005,24301.050000000003,36959
2026-06-10T13:00:00+00:00,24301.050000000003,24310.06,24259.040000000005,24289.050000000003,24258
2026-06-10T13:30:00+00:00,24289.050000000003,24375.06,24253.56,24354.56,32092
2026-06-10T14:00:00+00:00,24354.56,24360.56,24300.06,24320.540000000005,31564
2026-06-10T14:30:00+00:00,24320.540000000005,24332.06,24241.540000000005,24256.040000000005,29871
2026-06-10T15:00:00+00:00,24256.040000000005,24293.56,24208.540000000005,24231.040000000005,31649
2026-06-10T15:30:00+00:00,24231.040000000005,24252.540000000005,24126.920000000006,24215.020000000008,30092
2026-06-10T16:00:00+00:00,24215.020000000008,24230.190000000006,24168.190000000006,24194.190000000006,27302
2026-06-10T16:30:00+00:00,24194.190000000006,24213.170000000006,24152.670000000006,24174.670000000006,27086
2026-06-10T17:00:00+00:00,24174.670000000006,24189.690000000006,24140.170000000006,24161.680000000008,20260
2026-06-10T17:30:00+00:00,24161.680000000008,24195.690000000006,24118.170000000006,24185.180000000008,21754
2026-06-10T18:00:00+00:00,24185.180000000008,24215.180000000008,24159.170000000006,24185.670000000006,18668
2026-06-10T18:30:00+00:00,24185.670000000006,24187.690000000006,24120.680000000008,24137.670000000006,16728
2026-06-10T19:00:00+00:00,24137.670000000006,24149.690000000006,24093.670000000006,24104.680000000008,17964
2026-06-10T19:30:00+00:00,24104.680000000008,24136.190000000006,24082.930000000008,24088.420000000006,17383
2026-06-11T00:30:00+00:00,24088.420000000006,24088.420000000006,23969.320000000007,24060.570000000007,5225
2026-06-11T01:00:00+00:00,24060.570000000007,24168.580000000005,24055.320000000007,24159.320000000007,6892
2026-06-11T01:30:00+00:00,24159.320000000007,24161.080000000005,24072.310000000005,24084.080000000005,3886
2026-06-11T02:00:00+00:00,24084.080000000005,24105.080000000005,24024.310000000005,24031.330000000005,6106
2026-06-11T02:30:00+00:00,24031.330000000005,24082.070000000007,24004.560000000005,24069.320000000007,6018
2026-06-11T03:00:00+00:00,24069.320000000007,24093.080000000005,24042.310000000005,24073.310000000005,4709
2026-06-11T03:30:00+00:00,24073.310000000005,24148.320000000007,24069.310000000005,24146.560000000005,4128
2026-06-11T04:00:00+00:00,24146.560000000005,24161.310000000005,24122.310000000005,24157.560000000005,3018
2026-06-11T04:30:00+00:00,24157.560000000005,24202.080000000005,24147.310000000005,24179.580000000005,2767
2026-06-11T05:00:00+00:00,24179.580000000005,24186.060000000005,24136.310000000005,24146.070000000007,3556
2026-06-11T05:30:00+00:00,24146.070000000007,24170.580000000005,24138.320000000007,24159.560000000005,3331
2026-06-11T06:00:00+00:00,24159.560000000005,24194.570000000007,24112.560000000005,24182.060000000005,10823
2026-06-11T06:30:00+00:00,24182.060000000005,24227.580000000005,24162.080000000005,24215.580000000005,10175
2026-06-11T07:00:00+00:00,24215.580000000005,24249.430000000008,24159.910000000007,24218.430000000008,31482
2026-06-11T07:30:00+00:00,24218.430000000008,24258.910000000007,24169.930000000008,24176.420000000006,23800
2026-06-11T08:00:00+00:00,24176.420000000006,24274.430000000008,24173.410000000007,24208.910000000007,19321
2026-06-11T08:30:00+00:00,24208.910000000007,24233.430000000008,24188.920000000006,24220.430000000008,16403
2026-06-11T09:00:00+00:00,24220.430000000008,24239.920000000006,24184.910000000007,24220.930000000008,7828
2026-06-11T09:30:00+00:00,24220.930000000008,24284.920000000006,24201.910000000007,24261.930000000008,8852
2026-06-11T10:00:00+00:00,24261.930000000008,24292.420000000006,24249.920000000006,24251.930000000008,10253
2026-06-11T10:30:00+00:00,24251.930000000008,24297.930000000008,24250.930000000008,24265.910000000007,8992
2026-06-11T11:00:00+00:00,24265.910000000007,24278.920000000006,24234.910000000007,24264.430000000008,11660
2026-06-11T11:30:00+00:00,24264.430000000008,24306.420000000006,24257.930000000008,24275.910000000007,12277
2026-06-11T12:00:00+00:00,24275.910000000007,24277.930000000008,24083.410000000007,24150.430000000008,23356
2026-06-11T12:30:00+00:00,24150.430000000008,24239.410000000007,24093.920000000006,24216.410000000007,35937
2026-06-11T13:00:00+00:00,24216.410000000007,24218.410000000007,24165.410000000007,24202.930000000008,22926
2026-06-11T13:30:00+00:00,24202.930000000008,24333.930000000008,24195.420000000006,24310.420000000006,44486
2026-06-11T14:00:00+00:00,24310.420000000006,24340.430000000008,24220.910000000007,24242.430000000008,40161
2026-06-11T14:30:00+00:00,24242.430000000008,24287.430000000008,24199.420000000006,24209.930000000008,33080
2026-06-11T15:00:00+00:00,24209.930000000008,24290.420000000006,24199.410000000007,24213.910000000007,33881
2026-06-11T15:30:00+00:00,24213.910000000007,24272.410000000007,24211.930000000008,24243.420000000006,24653
2026-06-11T16:00:00+00:00,24243.420000000006,24265.080000000005,24217.060000000005,24218.570000000007,22319
2026-06-11T16:30:00+00:00,24218.570000000007,24250.560000000005,24206.580000000005,24208.070000000007,21189
2026-06-11T17:00:00+00:00,24208.070000000007,24443.080000000005,24176.060000000005,24431.570000000007,23843
2026-06-11T17:30:00+00:00,24431.570000000007,24584.570000000007,24417.310000000005,24529.070000000007,44808
2026-06-11T18:00:00+00:00,24529.070000000007,24552.070000000007,24465.570000000007,24497.060000000005,25761
2026-06-11T18:30:00+00:00,24497.060000000005,24544.060000000005,24487.070000000007,24522.560000000005,13655
2026-06-11T19:00:00+00:00,24522.560000000005,24572.560000000005,24517.580000000005,24563.560000000005,13817
2026-06-11T19:30:00+00:00,24563.560000000005,24660.580000000005,24561.570000000007,24622.310000000005,16146
2026-06-12T00:30:00+00:00,24622.310000000005,24651.330000000005,24599.070000000007,24614.070000000007,1955
2026-06-12T01:00:00+00:00,24614.070000000007,24617.830000000005,24547.070000000007,24551.070000000007,4615
2026-06-12T01:30:00+00:00,24551.070000000007,24630.840000000007,24542.070000000007,24628.830000000005,2698
2026-06-12T02:00:00+00:00,24628.830000000005,24638.840000000007,24587.090000000007,24590.320000000007,2560
2026-06-12T02:30:00+00:00,24590.320000000007,24610.820000000007,24583.070000000007,24606.570000000007,1459.159890539484
2026-06-12T03:00:00+00:00,24606.570000000007,24609.320000000007,24575.580000000005,24592.820000000007,2362
2026-06-12T03:30:00+00:00,24592.820000000007,24611.330000000005,24580.580000000005,24605.590000000007,3219
2026-06-12T04:00:00+00:00,24605.590000000007,24622.330000000005,24574.570000000007,24615.570000000007,2077
2026-06-12T04:30:00+00:00,24615.570000000007,24634.340000000007,24610.590000000007,24620.320000000007,1972
2026-06-12T05:00:00+00:00,24620.320000000007,24638.330000000005,24592.570000000007,24606.590000000007,2846
2026-06-12T05:30:00+00:00,24606.590000000007,24606.590000000007,24530.590000000007,24549.590000000007,4807
2026-06-12T06:00:00+00:00,24549.590000000007,24610.840000000007,24548.570000000007,24593.820000000007,10321
2026-06-12T06:30:00+00:00,24593.820000000007,24594.820000000007,24531.820000000007,24576.330000000005,9930
2026-06-12T07:00:00+00:00,24576.330000000005,24602.680000000008,24503.670000000006,24516.670000000006,32874
2026-06-12T07:30:00+00:00,24516.670000000006,24765.590000000007,24512.680000000008,24662.670000000006,26979
2026-06-12T08:00:00+00:00,24662.670000000006,24770.180000000008,24645.180000000008,24725.670000000006,35651
2026-06-12T08:30:00+00:00,24725.670000000006,24739.190000000006,24600.190000000006,24633.690000000006,24762
2026-06-12T09:00:00+00:00,24633.690000000006,24707.680000000008,24631.680000000008,24689.170000000006,19201
2026-06-12T09:30:00+00:00,24689.170000000006,24717.690000000006,24663.670000000006,24673.680000000008,16846
2026-06-12T10:00:00+00:00,24673.680000000008,24686.190000000006,24565.190000000006,24577.690000000006,18120
2026-06-12T10:30:00+00:00,24577.690000000006,24614.190000000006,24563.180000000008,24599.190000000006,8117
2026-06-12T11:00:00+00:00,24599.190000000006,24646.690000000006,24590.680000000008,24639.670000000006,13705
2026-06-12T11:30:00+00:00,24639.670000000006,24650.680000000008,24581.670000000006,24589.190000000006,13719
2026-06-12T12:00:00+00:00,24589.190000000006,24594.190000000006,24501.680000000008,24503.190000000006,13972
2026-06-12T12:30:00+00:00,24503.190000000006,24520.190000000006,24455.570000000007,24477.680000000008,17094
2026-06-12T13:00:00+00:00,24477.680000000008,24566.180000000008,24474.670000000006,24559.170000000006,14110
2026-06-12T13:30:00+00:00,24559.170000000006,24561.690000000006,24424.170000000006,24508.670000000006,56400
2026-06-12T14:00:00+00:00,24508.670000000006,24555.690000000006,24490.170000000006,24513.680000000008,31724
2026-06-12T14:30:00+00:00,24513.680000000008,24647.180000000008,24496.670000000006,24634.680000000008,44329.10204618557
2026-06-12T15:00:00+00:00,24634.680000000008,24650.19000000001,24593.69000000001,24627.19000000001,23902
2026-06-12T15:30:00+00:00,24627.19000000001,24681.200000000008,24566.19000000001,24574.19000000001,22165
2026-06-12T16:00:00+00:00,24574.19000000001,24653.840000000007,24548.33000000001,24615.85000000001,24961
2026-06-12T16:30:00+00:00,24615.85000000001,24652.340000000007,24609.83000000001,24637.85000000001,12990
2026-06-12T17:00:00+00:00,24637.85000000001,24696.08000000001,24637.85000000001,24659.340000000007,11041
2026-06-12T17:30:00+00:00,24659.340000000007,24671.85000000001,24638.83000000001,24658.33000000001,9012
2026-06-12T18:00:00+00:00,24658.33000000001,24671.33000000001,24646.83000000001,24668.33000000001,9665
2026-06-12T18:30:00+00:00,24668.33000000001,24688.35000000001,24659.35000000001,24662.840000000007,6935
2026-06-12T19:00:00+00:00,24662.840000000007,24701.83000000001,24659.33000000001,24690.35000000001,7551
2026-06-12T19:30:00+00:00,24690.35000000001,24693.85000000001,24662.33000000001,24683.58000000001,9634
2026-06-15T00:30:00+00:00,24683.58000000001,25090.110000000008,24683.58000000001,25053.10000000001,1779
2026-06-15T01:00:00+00:00,25053.10000000001,25081.860000000008,25032.110000000008,25051.840000000007,2928
2026-06-15T01:30:00+00:00,25051.840000000007,25065.860000000008,25025.840000000007,25031.35000000001,2271.8346183222275
2026-06-15T02:00:00+00:00,25031.35000000001,25039.860000000008,25011.110000000008,25034.340000000007,1866.3279258400926
2026-06-15T02:30:00+00:00,25034.340000000007,25054.85000000001,25030.090000000007,25050.860000000008,1242
2026-06-15T03:00:00+00:00,25050.860000000008,25066.35000000001,25039.10000000001,25054.840000000007,1769
2026-06-15T03:30:00+00:00,25054.840000000007,25056.340000000007,25022.10000000001,25025.860000000008,1493.667385444744
2026-06-15T04:00:00+00:00,25025.860000000008,25033.85000000001,25009.340000000007,25031.340000000007,1230
2026-06-15T04:30:00+00:00,25031.340000000007,25045.860000000008,25015.110000000008,25042.10000000001,1655
2026-06-15T05:00:00+00:00,25042.10000000001,25074.85000000001,25034.090000000007,25069.360000000008,1976
2026-06-15T05:30:00+00:00,25069.360000000008,25073.840000000007,25023.340000000007,25040.840000000007,1943
2026-06-15T06:00:00+00:00,25040.840000000007,25099.860000000008,25004.35000000001,25084.840000000007,7203
2026-06-15T06:30:00+00:00,25084.840000000007,25092.840000000007,25057.340000000007,25066.340000000007,7573
2026-06-15T07:00:00+00:00,25066.340000000007,25106.210000000006,25034.700000000008,25093.700000000008,28746
2026-06-15T07:30:00+00:00,25093.700000000008,25105.19000000001,25039.19000000001,25040.200000000008,18358
2026-06-15T08:00:00+00:00,25040.200000000008,25066.200000000008,24990.210000000006,25037.69000000001,18136
2026-06-15T08:30:00+00:00,25037.69000000001,25039.210000000006,24955.200000000008,24963.200000000008,12421
2026-06-15T09:00:00+00:00,24963.200000000008,24971.19000000001,24915.700000000008,24930.200000000008,12966
2026-06-15T09:30:00+00:00,24930.200000000008,24947.19000000001,24912.19000000001,24936.69000000001,10479
2026-06-15T10:00:00+00:00,24936.69000000001,24975.700000000008,24926.700000000008,24967.710000000006,8085
2026-06-15T10:30:00+00:00,24967.710000000006,24972.69000000001,24934.69000000001,24960.710000000006,6923
2026-06-15T11:00:00+00:00,24960.710000000006,24988.710000000006,24952.200000000008,24982.69000000001,7573
2026-06-15T11:30:00+00:00,24982.69000000001,24991.710000000006,24955.69000000001,24978.710000000006,7910
2026-06-15T12:00:00+00:00,24978.710000000006,25008.210000000006,24969.69000000001,24987.210000000006,9669
2026-06-15T12:30:00+00:00,24987.210000000006,25012.200000000008,24976.210000000006,25007.200000000008,9190
2026-06-15T13:00:00+00:00,25007.200000000008,25020.710000000006,24987.69000000001,25006.700000000008,9780
2026-06-15T13:30:00+00:00,25006.700000000008,25028.200000000008,24932.700000000008,24938.210000000006,21473
2026-06-15T14:00:00+00:00,24938.210000000006,24954.210000000006,24907.69000000001,24940.200000000008,18590
2026-06-15T14:30:00+00:00,24940.200000000008,24988.210000000006,24931.700000000008,24951.700000000008,14308
2026-06-15T15:00:00+00:00,24951.700000000008,24960.210000000006,24896.69000000001,24919.19000000001,12237
2026-06-15T15:30:00+00:00,24919.19000000001,24957.710000000006,24896.69000000001,24938.710000000006,9020
2026-06-15T16:00:00+00:00,24938.710000000006,24940.860000000008,24923.340000000007,24930.860000000008,4936
2026-06-15T16:30:00+00:00,24930.860000000008,24936.360000000008,24912.85000000001,24923.840000000007,4293
2026-06-15T17:00:00+00:00,24923.840000000007,24925.340000000007,24894.340000000007,24915.340000000007,4025
2026-06-15T17:30:00+00:00,24915.340000000007,24918.360000000008,24884.840000000007,24892.340000000007,2693
2026-06-15T18:00:00+00:00,24892.340000000007,24896.360000000008,24865.85000000001,24867.340000000007,4005
2026-06-15T18:30:00+00:00,24867.340000000007,24880.360000000008,24859.840000000007,24868.340000000007,3062
2026-06-15T19:00:00+00:00,24868.340000000007,24877.840000000007,24848.860000000008,24850.340000000007,3358
2026-06-15T19:30:00+00:00,24850.340000000007,24877.360000000008,24849.35000000001,24873.610000000008,4218
2026-06-16T00:30:00+00:00,24873.610000000008,24885.67000000001,24861.40000000001,24870.40000000001,2057
2026-06-16T01:00:00+00:00,24870.40000000001,24883.17000000001,24861.40000000001,24873.410000000007,2555
2026-06-16T01:30:00+00:00,24873.410000000007,24879.67000000001,24851.160000000007,24862.42000000001,1929
2026-06-16T02:00:00+00:00,24862.42000000001,24868.65000000001,24845.17000000001,24851.160000000007,856.1764080765143
2026-06-16T02:30:00+00:00,24851.160000000007,24862.160000000007,24846.40000000001,24851.92000000001,538.2340545523848
2026-06-16T03:00:00+00:00,24851.92000000001,24867.92000000001,24848.910000000007,24866.910000000007,448.63268743469234
2026-06-16T03:30:00+00:00,24866.910000000007,24898.660000000007,24866.910000000007,24873.15000000001,759.9087568222299
2026-06-16T04:00:00+00:00,24873.15000000001,24877.67000000001,24861.40000000001,24864.40000000001,599.0625206779058
2026-06-16T04:30:00+00:00,24864.40000000001,24880.160000000007,24860.40000000001,24868.40000000001,1185
2026-06-16T05:00:00+00:00,24868.40000000001,24910.65000000001,24866.42000000001,24894.910000000007,1086.986879947418
2026-06-16T05:30:00+00:00,24894.910000000007,24899.660000000007,24870.90000000001,24893.15000000001,1681
2026-06-16T06:00:00+00:00,24893.15000000001,24935.65000000001,24876.160000000007,24929.65000000001,4036
2026-06-16T06:30:00+00:00,24929.65000000001,24959.660000000007,24925.15000000001,24955.17000000001,4335
2026-06-16T07:00:00+00:00,24955.17000000001,24971.500000000007,24913.000000000007,24936.500000000007,19329
2026-06-16T07:30:00+00:00,24936.500000000007,25005.520000000008,24906.01000000001,24998.520000000008,18522
2026-06-16T08:00:00+00:00,24998.520000000008,25120.520000000008,24985.51000000001,25115.01000000001,15295
2026-06-16T08:30:00+00:00,25115.01000000001,25118.520000000008,25066.520000000008,25101.51000000001,10765
2026-06-16T09:00:00+00:00,25101.51000000001,25106.51000000001,25068.500000000007,25092.000000000007,9258
2026-06-16T09:30:00+00:00,25092.000000000007,25105.020000000008,25050.000000000007,25087.51000000001,8108
2026-06-16T10:00:00+00:00,25087.51000000001,25097.520000000008,25045.51000000001,25054.500000000007,7841
2026-06-16T10:30:00+00:00,25054.500000000007,25076.520000000008,25053.000000000007,25059.500000000007,7156
2026-06-16T11:00:00+00:00,25059.500000000007,25064.020000000008,25006.500000000007,25021.500000000007,8893
2026-06-16T11:30:00+00:00,25021.500000000007,25030.020000000008,25002.500000000007,25018.020000000008,10302
2026-06-16T12:00:00+00:00,25018.020000000008,25063.520000000008,25011.500000000007,25022.500000000007,13966
2026-06-16T12:30:00+00:00,25022.500000000007,25048.520000000008,24986.51000000001,24992.520000000008,14761
2026-06-16T13:00:00+00:00,24992.520000000008,24996.500000000007,24966.500000000007,24990.500000000007,15455
2026-06-16T13:30:00+00:00,24990.500000000007,24996.000000000007,24934.500000000007,24991.520000000008,25995
2026-06-16T14:00:00+00:00,24991.520000000008,24991.520000000008,24914.500000000007,24939.000000000007,23297
2026-06-16T14:30:00+00:00,24939.000000000007,24974.520000000008,24922.51000000001,24934.500000000007,23515
2026-06-16T15:00:00+00:00,24934.500000000007,24944.01000000001,24909.000000000007,24921.500000000007,20951
2026-06-16T15:30:00+00:00,24921.500000000007,24948.51000000001,24812.000000000007,24839.01000000001,20979
2026-06-16T16:00:00+00:00,24839.01000000001,24856.160000000007,24823.660000000007,24852.160000000007,13697
2026-06-16T16:30:00+00:00,24852.160000000007,24859.160000000007,24833.65000000001,24841.15000000001,11672
2026-06-16T17:00:00+00:00,24841.15000000001,24841.660000000007,24810.15000000001,24815.65000000001,9036
2026-06-16T17:30:00+00:00,24815.65000000001,24845.17000000001,24805.65000000001,24842.67000000001,9005
2026-06-16T18:00:00+00:00,24842.67000000001,24842.67000000001,24822.660000000007,24832.15000000001,7394
2026-06-16T18:30:00+00:00,24832.15000000001,24834.660000000007,24807.15000000001,24811.15000000001,5930
2026-06-16T19:00:00+00:00,24811.15000000001,24820.17000000001,24772.15000000001,24795.17000000001,10401
2026-06-16T19:30:00+00:00,24795.17000000001,24804.160000000007,24765.90000000001,24767.90000000001,13084
2026-06-17T00:30:00+00:00,24767.90000000001,24808.160000000007,24767.90000000001,24803.67000000001,1080.5179065028306
2026-06-17T01:00:00+00:00,24803.67000000001,24827.160000000007,24793.90000000001,24821.67000000001,1252
2026-06-17T01:30:00+00:00,24821.67000000001,24831.67000000001,24811.90000000001,24830.660000000007,858.4637559808613
2026-06-17T02:00:00+00:00,24830.660000000007,24836.660000000007,24824.910000000007,24829.910000000007,730.8264153939346
2026-06-17T02:30:00+00:00,24829.910000000007,24834.65000000001,24805.910000000007,24806.90000000001,448.11866273937005
2026-06-17T03:00:00+00:00,24806.90000000001,24813.65000000001,24793.65000000001,24802.15000000001,835
2026-06-17T03:30:00+00:00,24802.15000000001,24825.17000000001,24797.90000000001,24823.17000000001,742.4094270322801
2026-06-17T04:00:00+00:00,24823.17000000001,24826.65000000001,24807.40000000001,24808.410000000007,735.155001977066
2026-06-17T04:30:00+00:00,24808.410000000007,24836.660000000007,24801.42000000001,24831.42000000001,682.305733460054
2026-06-17T05:00:00+00:00,24831.42000000001,24842.65000000001,24827.40000000001,24840.65000000001,719.6879839158307
2026-06-17T05:30:00+00:00,24840.65000000001,24859.67000000001,24840.15000000001,24847.65000000001,892.01928721174
2026-06-17T06:00:00+00:00,24847.65000000001,24872.67000000001,24838.65000000001,24853.15000000001,6547
2026-06-17T06:30:00+00:00,24853.15000000001,24853.67000000001,24815.660000000007,24833.160000000007,7283
2026-06-17T07:00:00+00:00,24833.160000000007,24880.020000000008,24807.01000000001,24829.020000000008,28354
2026-06-17T07:30:00+00:00,24829.020000000008,24864.520000000008,24805.000000000007,24837.51000000001,18997
2026-06-17T08:00:00+00:00,24837.51000000001,24848.51000000001,24799.01000000001,24823.020000000008,19860
2026-06-17T08:30:00+00:00,24823.020000000008,24839.520000000008,24764.40000000001,24835.520000000008,15262
2026-06-17T09:00:00+00:00,24835.520000000008,24883.520000000008,24832.000000000007,24878.520000000008,13282
2026-06-17T09:30:00+00:00,24878.520000000008,24921.520000000008,24866.500000000007,24917.520000000008,13734
2026-06-17T10:00:00+00:00,24917.520000000008,24931.020000000008,24887.01000000001,24913.520000000008,13155
2026-06-17T10:30:00+00:00,24913.520000000008,24960.000000000007,24912.51000000001,24946.520000000008,11711
2026-06-17T11:00:00+00:00,24946.520000000008,24961.520000000008,24930.000000000007,24942.020000000008,10332
2026-06-17T11:30:00+00:00,24942.020000000008,24942.520000000008,24855.500000000007,24865.01000000001,11951
2026-06-17T12:00:00+00:00,24865.01000000001,24897.020000000008,24860.500000000007,24870.01000000001,11220
2026-06-17T12:30:00+00:00,24870.01000000001,24906.020000000008,24868.40000000001,24879.520000000008,13128
2026-06-17T13:00:00+00:00,24879.520000000008,24902.020000000008,24851.520000000008,24857.51000000001,14725
2026-06-17T13:30:00+00:00,24857.51000000001,24898.020000000008,24828.000000000007,24871.020000000008,29561
2026-06-17T14:00:00+00:00,24871.020000000008,24923.520000000008,24834.51000000001,24919.520000000008,22837
2026-06-17T14:30:00+00:00,24919.520000000008,24948.01000000001,24823.01000000001,24886.020000000008,36847
2026-06-17T15:00:00+00:00,24886.020000000008,24942.500000000007,24884.000000000007,24940.000000000007,26304
2026-06-17T15:30:00+00:00,24940.000000000007,24982.520000000008,24929.51000000001,24961.500000000007,14714
2026-06-17T16:00:00+00:00,24961.500000000007,24971.660000000007,24951.67000000001,24961.160000000007,7808
2026-06-17T16:30:00+00:00,24961.160000000007,24964.67000000001,24930.17000000001,24943.65000000001,8239
2026-06-17T17:00:00+00:00,24943.65000000001,24951.17000000001,24904.410000000007,24936.160000000007,8166
2026-06-17T17:30:00+00:00,24936.160000000007,24965.660000000007,24923.65000000001,24958.910000000007,6137.335208719131
2026-06-17T18:00:00+00:00,24958.910000000007,24958.910000000007,24828.910000000007,24908.15000000001,12912
2026-06-17T18:30:00+00:00,24908.15000000001,24981.67000000001,24876.90000000001,24904.15000000001,17259
2026-06-17T19:00:00+00:00,24904.15000000001,24927.67000000001,24810.65000000001,24824.65000000001,17435
2026-06-17T19:30:00+00:00,24824.65000000001,24843.67000000001,24784.910000000007,24813.90000000001,15399
2026-06-18T00:30:00+00:00,24813.90000000001,24915.910000000007,24801.410000000007,24801.410000000007,786.8483947178861
2026-06-18T01:00:00+00:00,24801.410000000007,24839.430000000008,24779.410000000007,24814.410000000007,1349.98215038598
2026-06-18T01:30:00+00:00,24814.410000000007,24855.17000000001,24799.410000000007,24825.42000000001,2154
2026-06-18T02:00:00+00:00,24825.42000000001,24856.680000000008,24820.410000000007,24842.26000000001,681.0624998763333
2026-06-18T02:30:00+00:00,24842.26000000001,24844.25000000001,24816.76000000001,24821.74000000001,979.1744219834411
2026-06-18T03:00:00+00:00,24821.74000000001,24832.25000000001,24786.74000000001,24815.75000000001,756.7744008110984
2026-06-18T03:30:00+00:00,24815.75000000001,24850.26000000001,24798.25000000001,24846.26000000001,766.5955917585051
2026-06-18T04:00:00+00:00,24846.26000000001,24864.50000000001,24805.26000000001,24826.24000000001,582.9478934756564
2026-06-18T04:30:00+00:00,24826.24000000001,24826.930000000008,24806.24000000001,24820.930000000008,681.0821514400739
2026-06-18T05:00:00+00:00,24820.930000000008,24874.660000000007,24810.910000000007,24861.92000000001,1081
2026-06-18T05:30:00+00:00,24861.92000000001,24869.160000000007,24825.910000000007,24863.930000000008,963.6678724103913
2026-06-18T06:00:00+00:00,24863.930000000008,24947.680000000008,24841.910000000007,24925.67000000001,12933
2026-06-18T06:30:00+00:00,24925.67000000001,24963.180000000008,24890.17000000001,24960.680000000008,12811
2026-06-18T07:00:00+00:00,24960.680000000008,25040.020000000008,24956.01000000001,25031.03000000001,38627
2026-06-18T07:30:00+00:00,25031.03000000001,25036.03000000001,24933.51000000001,24962.51000000001,24445
2026-06-18T08:00:00+00:00,24962.51000000001,24987.53000000001,24897.01000000001,24900.520000000008,25545
2026-06-18T08:30:00+00:00,24900.520000000008,24900.53000000001,24833.020000000008,24840.020000000008,24055
2026-06-18T09:00:00+00:00,24840.020000000008,24931.03000000001,24817.51000000001,24926.53000000001,21741
2026-06-18T09:30:00+00:00,24926.53000000001,24982.51000000001,24910.01000000001,24947.520000000008,16550
2026-06-18T10:00:00+00:00,24947.520000000008,24971.03000000001,24914.51000000001,24955.03000000001,17327
2026-06-18T10:30:00+00:00,24955.03000000001,24962.53000000001,24888.930000000008,24889.930000000008,17956
2026-06-18T11:00:00+00:00,24889.930000000008,24917.53000000001,24849.020000000008,24910.01000000001,19301
2026-06-18T11:30:00+00:00,24910.01000000001,24927.03000000001,24878.51000000001,24916.01000000001,17385
2026-06-18T12:00:00+00:00,24916.01000000001,24971.520000000008,24913.51000000001,24943.930000000008,18648
2026-06-18T12:30:00+00:00,24943.930000000008,25016.03000000001,24941.910000000007,25003.020000000008,16738
2026-06-18T13:00:00+00:00,25003.020000000008,25025.020000000008,24974.51000000001,24988.020000000008,22885
2026-06-18T13:30:00+00:00,24988.020000000008,24999.51000000001,24900.520000000008,24928.520000000008,52748
2026-06-18T14:00:00+00:00,24928.520000000008,25002.51000000001,24914.03000000001,24970.53000000001,37633
2026-06-18T14:30:00+00:00,24970.53000000001,25019.53000000001,24955.01000000001,25017.51000000001,28810
2026-06-18T15:00:00+00:00,25017.51000000001,25041.53000000001,24977.51000000001,25012.03000000001,28674
2026-06-18T15:30:00+00:00,25012.03000000001,25038.03000000001,24968.910000000007,25024.03000000001,12781
2026-06-18T16:00:00+00:00,25024.03000000001,25044.660000000007,25018.92000000001,25029.660000000007,2515
2026-06-18T16:30:00+00:00,25029.660000000007,25038.680000000008,25001.92000000001,25019.67000000001,3390
2026-06-18T17:00:00+00:00,25019.67000000001,25046.17000000001,25008.910000000007,25038.930000000008,3288
2026-06-18T17:30:00+00:00,25038.930000000008,25051.660000000007,25031.910000000007,25042.67000000001,2155
2026-06-18T18:00:00+00:00,25042.67000000001,25052.160000000007,25026.92000000001,25043.680000000008,2245
2026-06-18T18:30:00+00:00,25043.680000000008,25046.160000000007,25016.910000000007,25025.910000000007,1128
2026-06-18T19:00:00+00:00,25025.910000000007,25030.660000000007,24994.910000000007,25013.930000000008,2906
2026-06-18T19:30:00+00:00,25013.930000000008,25052.680000000008,24999.92000000001,25047.410000000007,4902
2026-06-19T00:30:00+00:00,25047.410000000007,25047.410000000007,24896.94000000001,24940.950000000008,1570
2026-06-19T01:00:00+00:00,24940.950000000008,24960.210000000006,24921.94000000001,24926.950000000008,1238
2026-06-19T01:30:00+00:00,24926.950000000008,24935.69000000001,24910.950000000008,24911.950000000008,899
2026-06-19T02:00:00+00:00,24911.950000000008,24914.69000000001,24896.94000000001,24910.200000000008,953
2026-06-19T02:30:00+00:00,24910.200000000008,24925.19000000001,24901.94000000001,24909.950000000008,682.0897901746482
2026-06-19T03:00:00+00:00,24909.950000000008,24923.700000000008,24894.94000000001,24901.94000000001,1088.3900184842882
2026-06-19T03:30:00+00:00,24901.94000000001,24914.210000000006,24894.94000000001,24908.94000000001,2342
2026-06-19T04:00:00+00:00,24908.94000000001,24933.19000000001,24901.69000000001,24912.960000000006,2384
2026-06-19T04:30:00+00:00,24912.960000000006,24917.210000000006,24857.94000000001,24874.710000000006,1926
2026-06-19T05:00:00+00:00,24874.710000000006,24903.19000000001,24865.960000000006,24896.960000000006,2475
2026-06-19T05:30:00+00:00,24896.960000000006,24924.710000000006,24883.69000000001,24919.710000000006,1974
2026-06-19T06:00:00+00:00,24919.710000000006,24977.210000000006,24913.960000000006,24973.19000000001,4078
2026-06-19T06:30:00+00:00,24973.19000000001,25006.200000000008,24968.200000000008,25001.710000000006,4434
2026-06-19T07:00:00+00:00,25001.710000000006,25086.550000000007,24997.540000000008,25070.040000000008,17548
2026-06-19T07:30:00+00:00,25070.040000000008,25137.06000000001,25052.040000000008,25130.550000000007,10244
2026-06-19T08:00:00+00:00,25130.550000000007,25148.56000000001,25102.050000000007,25127.06000000001,9466
2026-06-19T08:30:00+00:00,25127.06000000001,25128.06000000001,25074.550000000007,25092.550000000007,7773
2026-06-19T09:00:00+00:00,25092.550000000007,25104.06000000001,25031.56000000001,25043.56000000001,9485
2026-06-19T09:30:00+00:00,25043.56000000001,25109.540000000008,25041.040000000008,25082.040000000008,13395
2026-06-19T10:00:00+00:00,25082.040000000008,25097.56000000001,25038.040000000008,25040.050000000007,8654
2026-06-19T10:30:00+00:00,25040.050000000007,25042.06000000001,24985.550000000007,25013.56000000001,10522
2026-06-19T11:00:00+00:00,25013.56000000001,25031.550000000007,24984.050000000007,24988.550000000007,9951
2026-06-19T11:30:00+00:00,24988.550000000007,25018.56000000001,24979.540000000008,25011.56000000001,7056
2026-06-19T12:00:00+00:00,25011.56000000001,25014.050000000007,24941.550000000007,24960.550000000007,6402
2026-06-19T12:30:00+00:00,24960.550000000007,25034.56000000001,24912.94000000001,25029.06000000001,14104
2026-06-19T13:00:00+00:00,25029.06000000001,25066.56000000001,24997.040000000008,25036.040000000008,10685
2026-06-19T13:30:00+00:00,25036.040000000008,25040.06000000001,24989.540000000008,25021.040000000008,10962
2026-06-19T14:00:00+00:00,25021.040000000008,25054.050000000007,25004.050000000007,25045.540000000008,7333
2026-06-19T14:30:00+00:00,25045.540000000008,25053.550000000007,24997.040000000008,25007.550000000007,6903.342754704143
2026-06-19T15:00:00+00:00,25007.550000000007,25035.540000000008,24990.050000000007,24995.040000000008,8760
2026-06-19T15:30:00+00:00,24995.040000000008,25008.550000000007,24944.050000000007,24984.540000000008,8599
2026-06-19T16:00:00+00:00,24984.540000000008,25009.710000000006,24980.700000000008,25009.69000000001,2353
2026-06-19T16:30:00+00:00,25009.69000000001,25013.210000000006,24958.69000000001,24965.200000000008,2579
2026-06-19T17:00:00+00:00,24965.200000000008,24975.19000000001,24960.19000000001,24973.200000000008,1090
2026-06-19T17:30:00+00:00,24973.200000000008,24978.200000000008,24966.69000000001,24974.200000000008,616.9280226445612
2026-06-19T18:00:00+00:00,24974.200000000008,24982.200000000008,24970.44000000001,24974.710000000006,366.6554543330997
2026-06-19T18:30:00+00:00,24974.710000000006,24979.210000000006,24969.19000000001,24973.210000000006,646.545598313126
2026-06-19T19:00:00+00:00,24973.210000000006,24983.700000000008,24970.710000000006,24977.210000000006,356
2026-06-19T19:30:00+00:00,24977.210000000006,24981.210000000006,24957.200000000008,24967.44000000001,550.5478389271073
2026-06-22T00:30:00+00:00,24967.44000000001,24984.19000000001,24946.450000000008,24975.44000000001,1610
2026-06-22T01:00:00+00:00,24975.44000000001,25006.210000000006,24975.44000000001,25004.69000000001,3466
2026-06-22T01:30:00+00:00,25004.69000000001,25004.69000000001,24956.94000000001,24957.44000000001,1455.2606633213177
2026-06-22T02:00:00+00:00,24957.44000000001,24976.710000000006,24946.710000000006,24957.460000000006,1949
2026-06-22T02:30:00+00:00,24957.460000000006,24957.460000000006,24930.450000000008,24936.69000000001,1015.0492786025286
2026-06-22T03:00:00+00:00,24936.69000000001,24941.710000000006,24915.44000000001,24939.69000000001,1390.0802377414561
2026-06-22T03:30:00+00:00,24939.69000000001,24956.200000000008,24926.460000000006,24933.710000000006,1118
2026-06-22T04:00:00+00:00,24933.710000000006,24944.69000000001,24922.210000000006,24926.69000000001,1578
2026-06-22T04:30:00+00:00,24926.69000000001,24948.210000000006,24913.44000000001,24948.200000000008,1863
2026-06-22T05:00:00+00:00,24948.200000000008,24992.210000000006,24947.450000000008,24988.200000000008,2118
2026-06-22T05:30:00+00:00,24988.200000000008,24996.200000000008,24965.44000000001,24992.19000000001,1695
2026-06-22T06:00:00+00:00,24992.19000000001,25031.710000000006,24979.700000000008,25029.69000000001,4436
2026-06-22T06:30:00+00:00,25029.69000000001,25055.700000000008,25017.69000000001,25046.710000000006,3930
2026-06-22T07:00:00+00:00,25046.710000000006,25051.06000000001,24994.56000000001,25045.050000000007,18691
2026-06-22T07:30:00+00:00,25045.050000000007,25062.050000000007,24962.06000000001,24989.550000000007,12917
2026-06-22T08:00:00+00:00,24989.550000000007,24993.56000000001,24941.56000000001,24963.050000000007,14196
2026-06-22T08:30:00+00:00,24963.050000000007,24968.06000000001,24920.040000000008,24926.040000000008,9873
2026-06-22T09:00:00+00:00,24926.040000000008,24953.56000000001,24907.06000000001,24923.540000000008,9899
2026-06-22T09:30:00+00:00,24923.540000000008,24935.06000000001,24877.040000000008,24877.06000000001,8597
2026-06-22T10:00:00+00:00,24877.06000000001,24914.06000000001,24872.050000000007,24902.56000000001,8137
2026-06-22T10:30:00+00:00,24902.56000000001,24917.56000000001,24887.540000000008,24888.540000000008,5961
2026-06-22T11:00:00+00:00,24888.540000000008,24945.56000000001,24874.040000000008,24936.06000000001,10828
2026-06-22T11:30:00+00:00,24936.06000000001,24977.06000000001,24932.040000000008,24975.56000000001,6799
2026-06-22T12:00:00+00:00,24975.56000000001,25002.56000000001,24950.06000000001,25000.56000000001,6526
2026-06-22T12:30:00+00:00,25000.56000000001,25010.06000000001,24984.050000000007,25000.56000000001,6584
2026-06-22T13:00:00+00:00,25000.56000000001,25071.050000000007,25000.56000000001,25061.050000000007,11356
2026-06-22T13:30:00+00:00,25061.050000000007,25130.56000000001,25057.550000000007,25128.040000000008,16934
2026-06-22T14:00:00+00:00,25128.040000000008,25156.56000000001,25099.56000000001,25105.050000000007,13880
2026-06-22T14:30:00+00:00,25105.050000000007,25114.06000000001,25062.06000000001,25092.550000000007,18436
2026-06-22T15:00:00+00:00,25092.550000000007,25136.550000000007,25070.050000000007,25136.550000000007,12953
2026-06-22T15:30:00+00:00,25136.550000000007,25149.540000000008,25078.550000000007,25086.540000000008,9456
2026-06-22T16:00:00+00:00,25086.540000000008,25089.69000000001,25057.19000000001,25075.700000000008,7548
2026-06-22T16:30:00+00:00,25075.700000000008,25085.210000000006,25054.200000000008,25071.210000000006,5329
2026-06-22T17:00:00+00:00,25071.210000000006,25073.700000000008,25049.19000000001,25057.710000000006,3436
2026-06-22T17:30:00+00:00,25057.710000000006,25075.210000000006,25041.19000000001,25068.69000000001,3564
2026-06-22T18:00:00+00:00,25068.69000000001,25087.710000000006,25062.69000000001,25077.710000000006,3129
2026-06-22T18:30:00+00:00,25077.710000000006,25089.69000000001,25051.700000000008,25053.69000000001,3681
2026-06-22T19:00:00+00:00,25053.69000000001,25064.710000000006,25044.69000000001,25055.210000000006,4091
2026-06-22T19:30:00+00:00,25055.210000000006,25077.710000000006,25052.19000000001,25072.44000000001,4464
2026-06-23T00:30:00+00:00,25072.44000000001,25084.210000000006,25031.44000000001,25069.450000000008,2712
2026-06-23T01:00:00+00:00,25069.450000000008,25080.210000000006,25053.460000000006,25063.19000000001,3452
2026-06-23T01:30:00+00:00,25063.19000000001,25066.210000000006,25018.460000000006,25038.19000000001,4979
2026-06-23T02:00:00+00:00,25038.19000000001,25047.69000000001,24995.44000000001,25019.460000000006,3483
2026-06-23T02:30:00+00:00,25019.460000000006,25020.210000000006,24980.460000000006,24984.44000000001,1919
2026-06-23T03:00:00+00:00,24984.44000000001,24990.200000000008,24941.460000000006,24959.210000000006,2809
2026-06-23T03:30:00+00:00,24959.210000000006,24970.210000000006,24902.450000000008,24968.700000000008,3250
2026-06-23T04:00:00+00:00,24968.700000000008,24975.710000000006,24925.210000000006,24951.19000000001,2136
2026-06-23T04:30:00+00:00,24951.19000000001,24955.200000000008,24897.44000000001,24905.69000000001,2152
2026-06-23T05:00:00+00:00,24905.69000000001,24926.710000000006,24856.44000000001,24873.200000000008,3532
2026-06-23T05:30:00+00:00,24873.200000000008,24894.700000000008,24864.44000000001,24868.44000000001,3865
2026-06-23T06:00:00+00:00,24868.44000000001,24899.700000000008,24840.200000000008,24845.19000000001,7751
2026-06-23T06:30:00+00:00,24845.19000000001,24880.710000000006,24816.69000000001,24821.210000000006,6649
2026-06-23T07:00:00+00:00,24821.210000000006,24867.050000000007,24754.540000000008,24789.460000000006,20866
2026-06-23T07:30:00+00:00,24789.460000000006,24841.56000000001,24751.06000000001,24773.040000000008,13861
2026-06-23T08:00:00+00:00,24773.040000000008,24782.06000000001,24708.550000000007,24728.050000000007,17292
2026-06-23T08:30:00+00:00,24728.050000000007,24782.56000000001,24718.540000000008,24757.56000000001,12307
2026-06-23T09:00:00+00:00,24757.56000000001,24802.540000000008,24739.540000000008,24798.550000000007,9825
2026-06-23T09:30:00+00:00,24798.550000000007,24844.56000000001,24777.040000000008,24838.06000000001,7416
2026-06-23T10:00:00+00:00,24838.06000000001,24902.06000000001,24834.050000000007,24872.56000000001,7341
2026-06-23T10:30:00+00:00,24872.56000000001,24877.550000000007,24819.540000000008,24840.06000000001,7452
2026-06-23T11:00:00+00:00,24840.06000000001,24917.040000000008,24821.550000000007,24855.540000000008,9122
2026-06-23T11:30:00+00:00,24855.540000000008,24901.56000000001,24842.540000000008,24890.550000000007,7971
2026-06-23T12:00:00+00:00,24890.550000000007,24912.56000000001,24859.040000000008,24873.56000000001,7615
2026-06-23T12:30:00+00:00,24873.56000000001,24902.550000000007,24844.540000000008,24893.06000000001,8144
2026-06-23T13:00:00+00:00,24893.06000000001,24897.06000000001,24839.540000000008,24852.050000000007,9062
2026-06-23T13:30:00+00:00,24852.050000000007,24931.06000000001,24839.540000000008,24930.050000000007,18632
2026-06-23T14:00:00+00:00,24930.050000000007,24977.56000000001,24917.06000000001,24961.550000000007,12544
2026-06-23T14:30:00+00:00,24961.550000000007,24964.56000000001,24909.040000000008,24942.550000000007,13569
2026-06-23T15:00:00+00:00,24942.550000000007,24966.56000000001,24915.040000000008,24926.540000000008,10159
2026-06-23T15:30:00+00:00,24926.540000000008,24929.56000000001,24861.56000000001,24921.540000000008,9859
2026-06-23T16:00:00+00:00,24921.540000000008,24948.700000000008,24917.200000000008,24940.69000000001,6624
2026-06-23T16:30:00+00:00,24940.69000000001,24959.69000000001,24936.19000000001,24950.210000000006,5590
2026-06-23T17:00:00+00:00,24950.210000000006,24955.710000000006,24925.200000000008,24945.19000000001,3966
2026-06-23T17:30:00+00:00,24945.19000000001,24956.210000000006,24915.69000000001,24917.69000000001,4059
2026-06-23T18:00:00+00:00,24917.69000000001,24933.69000000001,24906.69000000001,24913.710000000006,5002
2026-06-23T18:30:00+00:00,24913.710000000006,24916.710000000006,24867.710000000006,24888.19000000001,4845
2026-06-23T19:00:00+00:00,24888.19000000001,24923.710000000006,24881.200000000008,24915.19000000001,7737
2026-06-23T19:30:00+00:00,24915.19000000001,24917.710000000006,24874.200000000008,24884.460000000006,7380
2026-06-24T00:30:00+00:00,24884.460000000006,24939.200000000008,24884.460000000006,24926.19000000001,3466
2026-06-24T01:00:00+00:00,24926.19000000001,24930.710000000006,24894.44000000001,24928.700000000008,4729
2026-06-24T01:30:00+00:00,24928.700000000008,24944.210000000006,24915.44000000001,24935.710000000006,3736
2026-06-24T02:00:00+00:00,24935.710000000006,24938.210000000006,24901.44000000001,24919.460000000006,3175
2026-06-24T02:30:00+00:00,24919.460000000006,24929.69000000001,24857.44000000001,24858.700000000008,3571
2026-06-24T03:00:00+00:00,24858.700000000008,24912.200000000008,24849.44000000001,24911.19000000001,4102
2026-06-24T03:30:00+00:00,24911.19000000001,24926.710000000006,24873.450000000008,24882.700000000008,2712.6160942100096
2026-06-24T04:00:00+00:00,24882.700000000008,24886.19000000001,24824.960000000006,24839.950000000008,1922
2026-06-24T04:30:00+00:00,24839.950000000008,24888.19000000001,24839.950000000008,24878.210000000006,2712
2026-06-24T05:00:00+00:00,24878.210000000006,24917.710000000006,24875.69000000001,24897.19000000001,3318
2026-06-24T05:30:00+00:00,24897.19000000001,24934.700000000008,24897.19000000001,24908.19000000001,3076
2026-06-24T06:00:00+00:00,24908.19000000001,24915.69000000001,24882.69000000001,24894.210000000006,5474
2026-06-24T06:30:00+00:00,24894.210000000006,24926.200000000008,24866.200000000008,24866.200000000008,4290
2026-06-24T07:00:00+00:00,24866.200000000008,24867.56000000001,24727.040000000008,24729.540000000008,21266
2026-06-24T07:30:00+00:00,24729.540000000008,24750.050000000007,24656.050000000007,24688.040000000008,16430
2026-06-24T08:00:00+00:00,24688.040000000008,24730.06000000001,24677.050000000007,24693.040000000008,16235
2026-06-24T08:30:00+00:00,24693.040000000008,24711.06000000001,24677.540000000008,24691.050000000007,11882
2026-06-24T09:00:00+00:00,24691.050000000007,24703.040000000008,24653.56000000001,24673.56000000001,10715
2026-06-24T09:30:00+00:00,24673.56000000001,24688.06000000001,24633.050000000007,24646.540000000008,9671
2026-06-24T10:00:00+00:00,24646.540000000008,24665.050000000007,24608.540000000008,24662.56000000001,9826
2026-06-24T10:30:00+00:00,24662.56000000001,24663.56000000001,24624.550000000007,24626.56000000001,8200
2026-06-24T11:00:00+00:00,24626.56000000001,24654.06000000001,24594.040000000008,24628.540000000008,7465
2026-06-24T11:30:00+00:00,24628.540000000008,24660.050000000007,24609.540000000008,24655.56000000001,10470
2026-06-24T12:00:00+00:00,24655.56000000001,24686.06000000001,24635.040000000008,24669.040000000008,10608
2026-06-24T12:30:00+00:00,24669.040000000008,24673.56000000001,24607.040000000008,24620.56000000001,7704
2026-06-24T13:00:00+00:00,24620.56000000001,24642.06000000001,24579.540000000008,24621.550000000007,11472
2026-06-24T13:30:00+00:00,24621.550000000007,24681.56000000001,24588.040000000008,24646.94000000001,25404
2026-06-24T14:00:00+00:00,24646.94000000001,24662.06000000001,24605.040000000008,24628.040000000008,20521
2026-06-24T14:30:00+00:00,24628.040000000008,24703.06000000001,24627.540000000008,24696.540000000008,15357
2026-06-24T15:00:00+00:00,24696.540000000008,24714.540000000008,24644.540000000008,24710.56000000001,11561
2026-06-24T15:30:00+00:00,24710.56000000001,24748.550000000007,24708.540000000008,24723.040000000008,9818
2026-06-24T16:00:00+00:00,24723.040000000008,24744.210000000006,24719.69000000001,24732.200000000008,6463
2026-06-24T16:30:00+00:00,24732.200000000008,24737.200000000008,24684.69000000001,24696.19000000001,7420
2026-06-24T17:00:00+00:00,24696.19000000001,24716.700000000008,24646.710000000006,24647.710000000006,9828
2026-06-24T17:30:00+00:00,24647.710000000006,24669.710000000006,24622.710000000006,24644.69000000001,12713
2026-06-24T18:00:00+00:00,24644.69000000001,24707.200000000008,24636.710000000006,24698.710000000006,9636
2026-06-24T18:30:00+00:00,24698.710000000006,24704.210000000006,24633.790000000008,24648.790000000008,8549.287370184255
2026-06-24T19:00:00+00:00,24648.790000000008,24670.290000000008,24620.77000000001,24654.28000000001,8512
2026-06-24T19:30:00+00:00,24654.28000000001,24695.78000000001,24640.790000000008,24673.03000000001,7420
2026-06-25T00:30:00+00:00,24673.03000000001,24723.78000000001,24673.03000000001,24712.28000000001,4478
2026-06-25T01:00:00+00:00,24712.28000000001,24739.790000000008,24700.52000000001,24722.52000000001,6115
2026-06-25T01:30:00+00:00,24722.52000000001,24731.290000000008,24678.27000000001,24681.790000000008,4715
2026-06-25T02:00:00+00:00,24681.790000000008,24695.290000000008,24657.52000000001,24674.28000000001,6513
2026-06-25T02:30:00+00:00,24674.28000000001,24685.790000000008,24659.52000000001,24684.290000000008,2827
2026-06-25T03:00:00+00:00,24684.290000000008,24701.27000000001,24680.52000000001,24686.790000000008,3126
2026-06-25T03:30:00+00:00,24686.790000000008,24696.790000000008,24664.28000000001,24695.290000000008,2441
2026-06-25T04:00:00+00:00,24695.290000000008,24702.28000000001,24669.52000000001,24690.77000000001,1673
2026-06-25T04:30:00+00:00,24690.77000000001,24713.28000000001,24676.52000000001,24707.28000000001,1740
2026-06-25T05:00:00+00:00,24707.28000000001,24736.290000000008,24693.78000000001,24729.790000000008,1499
2026-06-25T05:30:00+00:00,24729.790000000008,24755.78000000001,24720.27000000001,24728.77000000001,2100
2026-06-25T06:00:00+00:00,24728.77000000001,24748.28000000001,24711.790000000008,24725.790000000008,3646
2026-06-25T06:30:00+00:00,24725.790000000008,24773.28000000001,24719.77000000001,24772.290000000008,3720
2026-06-25T07:00:00+00:00,24772.290000000008,24821.13000000001,24738.14000000001,24791.13000000001,17419
2026-06-25T07:30:00+00:00,24791.13000000001,24835.64000000001,24789.13000000001,24834.12000000001,9123
2026-06-25T08:00:00+00:00,24834.12000000001,24852.13000000001,24798.62000000001,24831.14000000001,8147
2026-06-25T08:30:00+00:00,24831.14000000001,24875.12000000001,24827.63000000001,24851.63000000001,6338
2026-06-25T09:00:00+00:00,24851.63000000001,24895.62000000001,24850.14000000001,24863.62000000001,5918
2026-06-25T09:30:00+00:00,24863.62000000001,24892.14000000001,24850.14000000001,24889.63000000001,5619
2026-06-25T10:00:00+00:00,24889.63000000001,24904.13000000001,24865.63000000001,24892.14000000001,4360
2026-06-25T10:30:00+00:00,24892.14000000001,24909.13000000001,24874.63000000001,24899.62000000001,4307
2026-06-25T11:00:00+00:00,24899.62000000001,24905.64000000001,24838.64000000001,24850.13000000001,5572
2026-06-25T11:30:00+00:00,24850.13000000001,24899.14000000001,24843.13000000001,24889.62000000001,4640
2026-06-25T12:00:00+00:00,24889.62000000001,24927.64000000001,24886.63000000001,24894.62000000001,4841
2026-06-25T12:30:00+00:00,24894.62000000001,24974.14000000001,24894.62000000001,24956.63000000001,9729
2026-06-25T13:00:00+00:00,24956.63000000001,24978.13000000001,24947.64000000001,24973.62000000001,7659
2026-06-25T13:30:00+00:00,24973.62000000001,24990.12000000001,24822.64000000001,24832.12000000001,26416
2026-06-25T14:00:00+00:00,24832.12000000001,25069.13000000001,24832.12000000001,25038.13000000001,30789
2026-06-25T14:30:00+00:00,25038.13000000001,25070.62000000001,25006.62000000001,25037.63000000001,21078
2026-06-25T15:00:00+00:00,25037.63000000001,25054.64000000001,24941.13000000001,24982.13000000001,18628
2026-06-25T15:30:00+00:00,24982.13000000001,25029.62000000001,24969.62000000001,25005.62000000001,14944
2026-06-25T16:00:00+00:00,25005.62000000001,25036.290000000008,24995.77000000001,25013.290000000008,10019
2026-06-25T16:30:00+00:00,25013.290000000008,25013.790000000008,24947.77000000001,24974.27000000001,9840
2026-06-25T17:00:00+00:00,24974.27000000001,25001.78000000001,24962.27000000001,24984.27000000001,8060
2026-06-25T17:30:00+00:00,24984.27000000001,24995.290000000008,24956.27000000001,24980.290000000008,8666
2026-06-25T18:00:00+00:00,24980.290000000008,24990.290000000008,24927.27000000001,24982.790000000008,11204
2026-06-25T18:30:00+00:00,24982.790000000008,24983.290000000008,24936.77000000001,24951.27000000001,9101
2026-06-25T19:00:00+00:00,24951.27000000001,24959.28000000001,24928.27000000001,24950.28000000001,7997
2026-06-25T19:30:00+00:00,24950.28000000001,24954.77000000001,24918.290000000008,24944.52000000001,8685
2026-06-26T00:30:00+00:00,24944.52000000001,24951.27000000001,24908.52000000001,24915.52000000001,2381
2026-06-26T01:00:00+00:00,24915.52000000001,24940.290000000008,24886.540000000008,24892.52000000001,7278
2026-06-26T01:30:00+00:00,24892.52000000001,24901.78000000001,24839.52000000001,24860.77000000001,6941
2026-06-26T02:00:00+00:00,24860.77000000001,24865.27000000001,24778.540000000008,24795.790000000008,5427
2026-06-26T02:30:00+00:00,24795.790000000008,24801.77000000001,24722.53000000001,24740.28000000001,4820
2026-06-26T03:00:00+00:00,24740.28000000001,24747.790000000008,24719.52000000001,24730.52000000001,3501
2026-06-26T03:30:00+00:00,24730.52000000001,24787.290000000008,24690.53000000001,24786.790000000008,6037
2026-06-26T04:00:00+00:00,24786.790000000008,24795.28000000001,24756.540000000008,24779.78000000001,5156
2026-06-26T04:30:00+00:00,24779.78000000001,24788.78000000001,24738.540000000008,24749.78000000001,3371
2026-06-26T05:00:00+00:00,24749.78000000001,24802.290000000008,24745.53000000001,24797.28000000001,4039
2026-06-26T05:30:00+00:00,24797.28000000001,24810.790000000008,24740.27000000001,24765.53000000001,3438
2026-06-26T06:00:00+00:00,24765.53000000001,24825.78000000001,24759.27000000001,24823.78000000001,5774
2026-06-26T06:30:00+00:00,24823.78000000001,24884.78000000001,24814.77000000001,24855.27000000001,6370
2026-06-26T07:00:00+00:00,24855.27000000001,24870.62000000001,24783.62000000001,24846.12000000001,18150
2026-06-26T07:30:00+00:00,24846.12000000001,24862.14000000001,24780.13000000001,24810.64000000001,11126
2026-06-26T08:00:00+00:00,24810.64000000001,24819.63000000001,24762.13000000001,24797.62000000001,14064
2026-06-26T08:30:00+00:00,24797.62000000001,24800.12000000001,24714.62000000001,24743.13000000001,11763
2026-06-26T09:00:00+00:00,24743.13000000001,24744.63000000001,24678.13000000001,24693.62000000001,11813
2026-06-26T09:30:00+00:00,24693.62000000001,24722.14000000001,24668.12000000001,24699.64000000001,11749
2026-06-26T10:00:00+00:00,24699.64000000001,24703.64000000001,24656.12000000001,24682.64000000001,9733
2026-06-26T10:30:00+00:00,24682.64000000001,24686.62000000001,24656.12000000001,24671.13000000001,8377
2026-06-26T11:00:00+00:00,24671.13000000001,24708.63000000001,24667.62000000001,24679.12000000001,8638
2026-06-26T11:30:00+00:00,24679.12000000001,24690.62000000001,24652.62000000001,24659.63000000001,7682
2026-06-26T12:00:00+00:00,24659.63000000001,24701.14000000001,24645.63000000001,24684.14000000001,9327
2026-06-26T12:30:00+00:00,24684.14000000001,24693.62000000001,24611.62000000001,24621.62000000001,9392
2026-06-26T13:00:00+00:00,24621.62000000001,24634.13000000001,24536.14000000001,24596.12000000001,14820
2026-06-26T13:30:00+00:00,24596.12000000001,24655.62000000001,24586.12000000001,24650.13000000001,28044
2026-06-26T14:00:00+00:00,24650.13000000001,24689.64000000001,24642.52000000001,24671.12000000001,19554
2026-06-26T14:30:00+00:00,24671.12000000001,24675.14000000001,24587.12000000001,24601.64000000001,15688.007963064932
2026-06-26T15:00:00+00:00,24601.64000000001,24673.66000000001,24583.16000000001,24673.65000000001,12268
2026-06-26T15:30:00+00:00,24673.65000000001,24699.15000000001,24635.04000000001,24668.15000000001,12395
2026-06-26T16:00:00+00:00,24668.15000000001,24670.81000000001,24593.29000000001,24634.79000000001,11024
2026-06-26T16:30:00+00:00,24634.79000000001,24652.80000000001,24624.29000000001,24635.81000000001,7951
2026-06-26T17:00:00+00:00,24635.81000000001,24662.81000000001,24622.79000000001,24653.80000000001,6516
2026-06-26T17:30:00+00:00,24653.80000000001,24666.79000000001,24639.29000000001,24645.29000000001,6665
2026-06-26T18:00:00+00:00,24645.29000000001,24660.30000000001,24620.30000000001,24624.29000000001,6183
2026-06-26T18:30:00+00:00,24624.29000000001,24635.80000000001,24607.79000000001,24616.31000000001,6061
2026-06-26T19:00:00+00:00,24616.31000000001,24649.81000000001,24601.79000000001,24627.31000000001,7700
2026-06-26T19:30:00+00:00,24627.31000000001,24648.80000000001,24617.04000000001,24627.04000000001,8358
2026-06-29T00:30:00+00:00,24627.04000000001,24742.80000000001,24627.04000000001,24736.80000000001,5594
2026-06-29T01:00:00+00:00,24736.80000000001,24753.31000000001,24704.05000000001,24711.31000000001,7318
2026-06-29T01:30:00+00:00,24711.31000000001,24737.81000000001,24696.04000000001,24723.29000000001,6358
2026-06-29T02:00:00+00:00,24723.29000000001,24757.80000000001,24684.81000000001,24749.04000000001,6129
2026-06-29T02:30:00+00:00,24749.04000000001,24760.30000000001,24739.05000000001,24751.05000000001,2916
2026-06-29T03:00:00+00:00,24751.05000000001,24777.29000000001,24751.04000000001,24769.30000000001,2149
2026-06-29T03:30:00+00:00,24769.30000000001,24776.80000000001,24730.04000000001,24768.31000000001,3275
2026-06-29T04:00:00+00:00,24768.31000000001,24769.30000000001,24737.31000000001,24746.31000000001,2384
2026-06-29T04:30:00+00:00,24746.31000000001,24752.30000000001,24724.05000000001,24732.79000000001,3051
2026-06-29T05:00:00+00:00,24732.79000000001,24753.81000000001,24719.81000000001,24730.79000000001,4129
2026-06-29T05:30:00+00:00,24730.79000000001,24797.31000000001,24724.79000000001,24790.81000000001,3710
2026-06-29T06:00:00+00:00,24790.81000000001,24799.29000000001,24753.79000000001,24784.31000000001,4190
2026-06-29T06:30:00+00:00,24784.31000000001,24784.31000000001,24738.29000000001,24753.79000000001,3952
2026-06-29T07:00:00+00:00,24753.79000000001,24770.64000000001,24681.14000000001,24733.64000000001,16515
2026-06-29T07:30:00+00:00,24733.64000000001,24766.65000000001,24708.15000000001,24740.64000000001,8930
2026-06-29T08:00:00+00:00,24740.64000000001,24756.16000000001,24670.16000000001,24671.16000000001,10432
2026-06-29T08:30:00+00:00,24671.16000000001,24696.66000000001,24641.14000000001,24641.14000000001,8867
2026-06-29T09:00:00+00:00,24641.14000000001,24710.15000000001,24638.64000000001,24708.66000000001,7237
2026-06-29T09:30:00+00:00,24708.66000000001,24713.16000000001,24660.14000000001,24677.64000000001,6831
2026-06-29T10:00:00+00:00,24677.64000000001,24682.15000000001,24646.64000000001,24672.65000000001,5362
2026-06-29T10:30:00+00:00,24672.65000000001,24689.66000000001,24652.06000000001,24678.15000000001,6060
2026-06-29T11:00:00+00:00,24678.15000000001,24692.15000000001,24644.64000000001,24651.64000000001,5693
2026-06-29T11:30:00+00:00,24651.64000000001,24695.65000000001,24628.15000000001,24684.65000000001,7331
2026-06-29T12:00:00+00:00,24684.65000000001,24708.16000000001,24677.14000000001,24683.14000000001,6417
2026-06-29T12:30:00+00:00,24683.14000000001,24700.66000000001,24656.64000000001,24697.15000000001,5804
2026-06-29T13:00:00+00:00,24697.15000000001,24713.15000000001,24684.15000000001,24704.64000000001,5800
2026-06-29T13:30:00+00:00,24704.64000000001,24715.16000000001,24642.15000000001,24665.64000000001,16932
2026-06-29T14:00:00+00:00,24665.64000000001,24666.15000000001,24559.65000000001,24650.14000000001,19525
2026-06-29T14:30:00+00:00,24650.14000000001,24656.66000000001,24572.14000000001,24588.66000000001,14232
2026-06-29T15:00:00+00:00,24588.66000000001,24638.15000000001,24551.16000000001,24627.14000000001,11083
2026-06-29T15:30:00+00:00,24627.14000000001,24644.16000000001,24606.64000000001,24634.64000000001,7237
2026-06-29T16:00:00+00:00,24634.64000000001,24650.81000000001,24630.81000000001,24646.80000000001,3265
2026-06-29T16:30:00+00:00,24646.80000000001,24679.31000000001,24641.30000000001,24668.31000000001,2392
2026-06-29T17:00:00+00:00,24668.31000000001,24698.81000000001,24667.81000000001,24684.79000000001,2368
2026-06-29T17:30:00+00:00,24684.79000000001,24695.81000000001,24678.30000000001,24688.31000000001,1850
2026-06-29T18:00:00+00:00,24688.31000000001,24733.79000000001,24684.79000000001,24725.29000000001,2602
2026-06-29T18:30:00+00:00,24725.29000000001,24744.29000000001,24723.80000000001,24734.79000000001,1672
2026-06-29T19:00:00+00:00,24734.79000000001,24742.30000000001,24721.31000000001,24734.31000000001,1498
2026-06-29T19:30:00+00:00,24734.31000000001,24741.81000000001,24714.29000000001,24740.54000000001,2713
2026-06-30T00:30:00+00:00,24740.54000000001,24740.54000000001,24676.30000000001,24709.05000000001,2908
2026-06-30T01:00:00+00:00,24709.05000000001,24752.29000000001,24694.04000000001,24750.79000000001,3055
2026-06-30T01:30:00+00:00,24750.79000000001,24773.79000000001,24724.05000000001,24754.80000000001,3266
2026-06-30T02:00:00+00:00,24754.80000000001,24754.80000000001,24719.04000000001,24746.05000000001,2261
2026-06-30T02:30:00+00:00,24746.05000000001,24753.31000000001,24737.06000000001,24742.81000000001,1649
2026-06-30T03:00:00+00:00,24742.81000000001,24752.29000000001,24734.04000000001,24744.06000000001,1114
2026-06-30T03:30:00+00:00,24744.06000000001,24773.81000000001,24742.04000000001,24758.04000000001,1231.4563399130143
2026-06-30T04:00:00+00:00,24758.04000000001,24785.30000000001,24755.04000000001,24783.30000000001,847
2026-06-30T04:30:00+00:00,24783.30000000001,24796.80000000001,24780.04000000001,24785.79000000001,1357
2026-06-30T05:00:00+00:00,24785.79000000001,24826.30000000001,24783.05000000001,24815.29000000001,1607
2026-06-30T05:30:00+00:00,24815.29000000001,24820.29000000001,24795.04000000001,24805.31000000001,2265
2026-06-30T06:00:00+00:00,24805.31000000001,24818.80000000001,24770.30000000001,24782.29000000001,2341
2026-06-30T06:30:00+00:00,24782.29000000001,24821.30000000001,24757.30000000001,24820.79000000001,2360
2026-06-30T07:00:00+00:00,24820.79000000001,24867.16000000001,24794.15000000001,24840.66000000001,9824
2026-06-30T07:30:00+00:00,24840.66000000001,24875.64000000001,24792.15000000001,24805.16000000001,5971
2026-06-30T08:00:00+00:00,24805.16000000001,24870.65000000001,24804.04000000001,24861.65000000001,5775
2026-06-30T08:30:00+00:00,24861.65000000001,24868.16000000001,24804.14000000001,24819.64000000001,5562
2026-06-30T09:00:00+00:00,24819.64000000001,24881.16000000001,24816.64000000001,24873.64000000001,4020
2026-06-30T09:30:00+00:00,24873.64000000001,24932.66000000001,24862.15000000001,24905.14000000001,5525
2026-06-30T10:00:00+00:00,24905.14000000001,24974.16000000001,24898.65000000001,24970.64000000001,5151
2026-06-30T10:30:00+00:00,24970.64000000001,24985.66000000001,24951.64000000001,24974.64000000001,4213
2026-06-30T11:00:00+00:00,24974.64000000001,25010.66000000001,24956.16000000001,24990.14000000001,5363
2026-06-30T11:30:00+00:00,24990.14000000001,25021.15000000001,24989.14000000001,24990.65000000001,4606
2026-06-30T12:00:00+00:00,24990.65000000001,24994.15000000001,24919.16000000001,24921.16000000001,6636
2026-06-30T12:30:00+00:00,24921.16000000001,24962.65000000001,24892.14000000001,24944.65000000001,6730
2026-06-30T13:00:00+00:00,24944.65000000001,24949.15000000001,24882.14000000001,24889.15000000001,7517
2026-06-30T13:30:00+00:00,24889.15000000001,24945.16000000001,24872.64000000001,24934.14000000001,11580
2026-06-30T14:00:00+00:00,24934.14000000001,24952.16000000001,24902.14000000001,24927.16000000001,9518
2026-06-30T14:30:00+00:00,24927.16000000001,24950.65000000001,24890.15000000001,24908.66000000001,7737
2026-06-30T15:00:00+00:00,24908.66000000001,24999.64000000001,24908.14000000001,24975.65000000001,7959
2026-06-30T15:30:00+00:00,24975.65000000001,25013.16000000001,24955.64000000001,24982.65000000001,5407
2026-06-30T16:00:00+00:00,24982.65000000001,24990.29000000001,24970.79000000001,24983.79000000001,2246
2026-06-30T16:30:00+00:00,24983.79000000001,25007.81000000001,24982.79000000001,25001.29000000001,1468
2026-06-30T17:00:00+00:00,25001.29000000001,25012.31000000001,24991.30000000001,25004.30000000001,1586
2026-06-30T17:30:00+00:00,25004.30000000001,25014.81000000001,24999.80000000001,25011.79000000001,1051
2026-06-30T18:00:00+00:00,25011.79000000001,25023.31000000001,25000.30000000001,25009.80000000001,1189
2026-06-30T18:30:00+00:00,25009.80000000001,25030.80000000001,25004.80000000001,25026.29000000001,1017
2026-06-30T19:00:00+00:00,25026.29000000001,25038.29000000001,25014.80000000001,25018.29000000001,1234
2026-06-30T19:30:00+00:00,25018.29000000001,25020.30000000001,24997.79000000001,25007.04000000001,3694
2026-07-01T00:30:00+00:00,25007.04000000001,25027.27000000001,25007.04000000001,25013.01000000001,1044
2026-07-01T01:00:00+00:00,25013.01000000001,25031.75000000001,24991.75000000001,25000.25000000001,1646
2026-07-01T01:30:00+00:00,25000.25000000001,25006.77000000001,24973.00000000001,24979.27000000001,1973
2026-07-01T02:00:00+00:00,24979.27000000001,24984.27000000001,24952.01000000001,24979.25000000001,2997
2026-07-01T02:30:00+00:00,24979.25000000001,24998.77000000001,24970.00000000001,24983.77000000001,1748
2026-07-01T03:00:00+00:00,24983.77000000001,25001.77000000001,24978.00000000001,24984.25000000001,533
2026-07-01T03:30:00+00:00,24984.25000000001,25001.27000000001,24976.75000000001,24997.26000000001,927.2161948742553
2026-07-01T04:00:00+00:00,24997.26000000001,24998.27000000001,24981.50000000001,24995.26000000001,911
2026-07-01T04:30:00+00:00,24995.26000000001,25004.27000000001,24981.52000000001,24983.26000000001,1054
2026-07-01T05:00:00+00:00,24983.26000000001,24992.25000000001,24970.51000000001,24977.50000000001,1042
2026-07-01T05:30:00+00:00,24977.50000000001,25004.75000000001,24974.50000000001,25003.26000000001,1261
2026-07-01T06:00:00+00:00,25003.26000000001,25028.26000000001,24986.75000000001,25004.25000000001,1994
2026-07-01T06:30:00+00:00,25004.25000000001,25033.27000000001,24990.27000000001,25031.27000000001,2063
2026-07-01T07:00:00+00:00,25031.27000000001,25056.60000000001,24959.10000000001,24984.11000000001,12517
2026-07-01T07:30:00+00:00,24984.11000000001,25058.62000000001,24964.11000000001,25057.10000000001,7649
2026-07-01T08:00:00+00:00,25057.10000000001,25087.61000000001,25020.60000000001,25069.11000000001,8061
2026-07-01T08:30:00+00:00,25069.11000000001,25099.11000000001,25049.11000000001,25072.12000000001,6715
2026-07-01T09:00:00+00:00,25072.12000000001,25087.62000000001,25041.61000000001,25087.62000000001,6703
2026-07-01T09:30:00+00:00,25087.62000000001,25095.62000000001,25073.60000000001,25080.61000000001,4829
2026-07-01T10:00:00+00:00,25080.61000000001,25083.12000000001,25029.60000000001,25081.11000000001,4837
2026-07-01T10:30:00+00:00,25081.11000000001,25084.62000000001,25051.60000000001,25068.11000000001,4240
2026-07-01T11:00:00+00:00,25068.11000000001,25085.61000000001,25031.10000000001,25037.11000000001,4169
2026-07-01T11:30:00+00:00,25037.11000000001,25041.60000000001,24987.10000000001,24994.12000000001,5413
2026-07-01T12:00:00+00:00,24994.12000000001,25015.61000000001,24964.61000000001,25009.61000000001,6402
2026-07-01T12:30:00+00:00,25009.61000000001,25025.62000000001,24945.10000000001,24945.62000000001,10251
2026-07-01T13:00:00+00:00,24945.62000000001,24957.10000000001,24885.10000000001,24954.61000000001,11105
2026-07-01T13:30:00+00:00,24954.61000000001,25005.11000000001,24918.62000000001,24983.51000000001,17149
2026-07-01T14:00:00+00:00,24983.51000000001,25020.62000000001,24973.12000000001,25007.12000000001,9024
2026-07-01T14:30:00+00:00,25007.12000000001,25013.12000000001,24960.60000000001,24984.11000000001,8111
2026-07-01T15:00:00+00:00,24984.11000000001,25077.61000000001,24979.60000000001,25077.60000000001,6817
2026-07-01T15:30:00+00:00,25077.60000000001,25086.62000000001,25032.12000000001,25059.12000000001,6080
2026-07-01T16:00:00+00:00,25059.12000000001,25083.77000000001,25054.76000000001,25078.75000000001,3315
2026-07-01T16:30:00+00:00,25078.75000000001,25090.77000000001,25045.25000000001,25047.25000000001,3252
2026-07-01T17:00:00+00:00,25047.25000000001,25081.27000000001,25045.75000000001,25077.27000000001,2767
2026-07-01T17:30:00+00:00,25077.27000000001,25083.25000000001,25042.76000000001,25047.75000000001,1783
2026-07-01T18:00:00+00:00,25047.75000000001,25059.77000000001,25035.26000000001,25047.840000000007,2013.1393476344401
2026-07-01T18:30:00+00:00,25047.840000000007,25055.350000000006,25038.340000000007,25043.350000000006,2155
2026-07-01T19:00:00+00:00,25043.350000000006,25066.860000000008,25042.340000000007,25057.840000000007,2234
2026-07-01T19:30:00+00:00,25057.840000000007,25064.850000000006,25040.350000000006,25048.610000000008,3233
2026-07-02T00:30:00+00:00,25048.610000000008,25049.310000000005,24991.050000000007,25032.070000000007,2806.661470490163
2026-07-02T01:00:00+00:00,25032.070000000007,25084.800000000007,25027.050000000007,25083.310000000005,3782
2026-07-02T01:30:00+00:00,25083.310000000005,25145.820000000007,25078.070000000007,25125.810000000005,2411
2026-07-02T02:00:00+00:00,25125.810000000005,25144.800000000007,25116.050000000007,25125.800000000007,1802
2026-07-02T02:30:00+00:00,25125.800000000007,25131.320000000007,25118.320000000007,25124.050000000007,794.6320594151323
2026-07-02T03:00:00+00:00,25124.050000000007,25130.820000000007,25101.070000000007,25111.050000000007,806.5761376427079
2026-07-02T03:30:00+00:00,25111.050000000007,25134.820000000007,25106.050000000007,25132.300000000007,1598
2026-07-02T04:00:00+00:00,25132.300000000007,25143.300000000007,25089.070000000007,25106.070000000007,1413
2026-07-02T04:30:00+00:00,25106.070000000007,25107.800000000007,25070.060000000005,25092.060000000005,2122
2026-07-02T05:00:00+00:00,25092.060000000005,25119.820000000007,25084.050000000007,25087.320000000007,1809
2026-07-02T05:30:00+00:00,25087.320000000007,25087.810000000005,25052.820000000007,25059.300000000007,3285
2026-07-02T06:00:00+00:00,25059.300000000007,25071.810000000005,25021.800000000007,25024.820000000007,2876
2026-07-02T06:30:00+00:00,25024.820000000007,25068.810000000005,24971.320000000007,24972.810000000005,4298
2026-07-02T07:00:00+00:00,24972.810000000005,25101.660000000007,24947.050000000007,25082.650000000005,14419
2026-07-02T07:30:00+00:00,25082.650000000005,25138.650000000005,25067.650000000005,25105.670000000006,9174
2026-07-02T08:00:00+00:00,25105.670000000006,25130.660000000007,25090.650000000005,25102.650000000005,8800
2026-07-02T08:30:00+00:00,25102.650000000005,25166.150000000005,25094.660000000007,25147.670000000006,6668
2026-07-02T09:00:00+00:00,25147.670000000006,25192.170000000006,25129.650000000005,25174.670000000006,5548
2026-07-02T09:30:00+00:00,25174.670000000006,25197.160000000007,25167.670000000006,25176.150000000005,5018
2026-07-02T10:00:00+00:00,25176.150000000005,25206.670000000006,25157.650000000005,25206.670000000006,4604
2026-07-02T10:30:00+00:00,25206.670000000006,25290.160000000007,25206.670000000006,25279.660000000007,4232
2026-07-02T11:00:00+00:00,25279.660000000007,25299.650000000005,25259.660000000007,25283.170000000006,4255
2026-07-02T11:30:00+00:00,25283.170000000006,25309.170000000006,25274.670000000006,25300.660000000007,3921
2026-07-02T12:00:00+00:00,25300.660000000007,25356.670000000006,25292.160000000007,25346.070000000007,5395
2026-07-02T12:30:00+00:00,25346.070000000007,25466.670000000006,25338.050000000007,25438.660000000007,12782
2026-07-02T13:00:00+00:00,25438.660000000007,25518.670000000006,25427.650000000005,25504.170000000006,8251
2026-07-02T13:30:00+00:00,25504.170000000006,25662.170000000006,25496.150000000005,25640.660000000007,14941
2026-07-02T14:00:00+00:00,25640.660000000007,25652.170000000006,25591.670000000006,25601.170000000006,13327
2026-07-02T14:30:00+00:00,25601.170000000006,25639.660000000007,25581.150000000005,25639.660000000007,16903
2026-07-02T15:00:00+00:00,25639.660000000007,25650.660000000007,25544.650000000005,25550.160000000007,15586
2026-07-02T15:30:00+00:00,25550.160000000007,25618.170000000006,25544.150000000005,25555.150000000005,11329
2026-07-02T16:00:00+00:00,25555.150000000005,25605.310000000005,25553.810000000005,25572.820000000007,7688
2026-07-02T16:30:00+00:00,25572.820000000007,25576.310000000005,25530.810000000005,25540.320000000007,7393
2026-07-02T17:00:00+00:00,25540.320000000007,25542.820000000007,25504.820000000007,25525.800000000007,7101
2026-07-02T17:30:00+00:00,25525.800000000007,25532.320000000007,25487.300000000007,25490.300000000007,6392
2026-07-02T18:00:00+00:00,25490.300000000007,25533.320000000007,25479.300000000007,25521.310000000005,5692
2026-07-02T18:30:00+00:00,25521.310000000005,25550.820000000007,25519.800000000007,25542.320000000007,4339
2026-07-02T19:00:00+00:00,25542.320000000007,25545.310000000005,25510.310000000005,25523.300000000007,5375
2026-07-02T19:30:00+00:00,25523.300000000007,25631.300000000007,25521.800000000007,25619.050000000007,6401
2026-07-03T00:30:00+00:00,25619.050000000007,25638.580000000005,25604.060000000005,25621.330000000005,856.2576620142579
2026-07-03T01:00:00+00:00,25621.330000000005,25708.080000000005,25620.320000000007,25699.310000000005,2265
2026-07-03T01:30:00+00:00,25699.310000000005,25715.580000000005,25684.310000000005,25695.080000000005,1434
2026-07-03T02:00:00+00:00,25695.080000000005,25705.070000000007,25681.810000000005,25697.070000000007,982.8261088709678
2026-07-03T02:30:00+00:00,25697.070000000007,25697.070000000007,25680.060000000005,25688.820000000007,1019
2026-07-03T03:00:00+00:00,25688.820000000007,25709.070000000007,25683.830000000005,25705.570000000007,695.5198661157799
2026-07-03T03:30:00+00:00,25705.570000000007,25719.080000000005,25684.810000000005,25717.070000000007,1089
2026-07-03T04:00:00+00:00,25717.070000000007,25728.570000000007,25705.810000000005,25722.070000000007,817
2026-07-03T04:30:00+00:00,25722.070000000007,25728.580000000005,25702.810000000005,25706.560000000005,760
2026-07-03T05:00:00+00:00,25706.560000000005,25707.080000000005,25673.570000000007,25692.570000000007,948
2026-07-03T05:30:00+00:00,25692.570000000007,25708.580000000005,25681.570000000007,25694.070000000007,1031
2026-07-03T06:00:00+00:00,25694.070000000007,25739.570000000007,25692.580000000005,25722.580000000005,2171
2026-07-03T06:30:00+00:00,25722.580000000005,25756.580000000005,25714.560000000005,25756.080000000005,2705
2026-07-03T07:00:00+00:00,25756.080000000005,25826.920000000006,25734.930000000008,25750.930000000008,12690
2026-07-03T07:30:00+00:00,25750.930000000008,25757.910000000007,25685.410000000007,25686.930000000008,7302
2026-07-03T08:00:00+00:00,25686.930000000008,25740.420000000006,25674.410000000007,25718.930000000008,6523
2026-07-03T08:30:00+00:00,25718.930000000008,25723.420000000006,25627.920000000006,25630.920000000006,6153
2026-07-03T09:00:00+00:00,25630.920000000006,25665.430000000008,25611.420000000006,25632.930000000008,5345
2026-07-03T09:30:00+00:00,25632.930000000008,25670.430000000008,25621.410000000007,25653.920000000006,6005
2026-07-03T10:00:00+00:00,25653.920000000006,25686.430000000008,25639.920000000006,25678.920000000006,3506
2026-07-03T10:30:00+00:00,25678.920000000006,25706.430000000008,25678.920000000006,25702.910000000007,2828
2026-07-03T11:00:00+00:00,25702.910000000007,25706.420000000006,25657.430000000008,25662.410000000007,3170
2026-07-03T11:30:00+00:00,25662.410000000007,25709.910000000007,25657.410000000007,25707.410000000007,2449
2026-07-03T12:00:00+00:00,25707.410000000007,25727.920000000006,25701.410000000007,25708.420000000006,3022
2026-07-03T12:30:00+00:00,25708.420000000006,25751.420000000006,25707.410000000007,25750.430000000008,2921
2026-07-03T13:00:00+00:00,25750.430000000008,25776.430000000008,25741.920000000006,25749.410000000007,3666
2026-07-03T13:30:00+00:00,25749.410000000007,25785.930000000008,25726.920000000006,25772.420000000006,3855
2026-07-03T14:00:00+00:00,25772.420000000006,25794.910000000007,25741.410000000007,25751.430000000008,3482
2026-07-03T14:30:00+00:00,25751.430000000008,25824.920000000006,25745.920000000006,25811.440000000006,2975.38042972128
2026-07-03T15:00:00+00:00,25811.440000000006,25837.430000000004,25795.440000000006,25807.440000000006,3411
2026-07-03T15:30:00+00:00,25807.440000000006,25814.930000000004,25781.920000000006,25799.440000000006,2984
2026-07-03T16:00:00+00:00,25799.440000000006,25822.080000000005,25796.070000000003,25811.080000000005,1310
2026-07-03T16:30:00+00:00,25811.080000000005,25822.590000000004,25804.570000000003,25805.580000000005,925
2026-07-03T17:00:00+00:00,25805.580000000005,25808.090000000004,25795.580000000005,25804.070000000003,265.0731150963291
2026-07-03T17:30:00+00:00,25804.070000000003,25810.580000000005,25800.080000000005,25807.090000000004,339.6747119853318
2026-07-03T18:00:00+00:00,25807.090000000004,25810.580000000005,25792.070000000003,25792.070000000003,281.9590548260813
2026-07-03T18:30:00+00:00,25792.070000000003,25800.580000000005,25792.070000000003,25795.070000000003,249.23290962688827
2026-07-03T19:00:00+00:00,25795.070000000003,25803.070000000003,25791.580000000005,25800.070000000003,309.0173041894353
2026-07-03T19:30:00+00:00,25800.070000000003,25826.080000000005,25796.570000000003,25823.570000000003,981
2026-07-06T00:30:00+00:00,25823.570000000003,25873.840000000004,25823.570000000003,25868.590000000004,989.77752553916
2026-07-06T01:00:00+00:00,25868.590000000004,25883.110000000004,25851.090000000004,25861.860000000004,1966.177750155376
2026-07-06T01:30:00+00:00,25861.860000000004,25866.860000000004,25819.100000000006,25837.850000000006,2336
2026-07-06T02:00:00+00:00,25837.850000000006,25844.860000000004,25805.090000000004,25807.350000000006,1226
2026-07-06T02:30:00+00:00,25807.350000000006,25816.340000000004,25792.090000000004,25807.350000000006,1379
2026-07-06T03:00:00+00:00,25807.350000000006,25820.860000000004,25793.090000000004,25806.840000000004,1037
2026-07-06T03:30:00+00:00,25806.840000000004,25819.840000000004,25785.090000000004,25802.850000000006,1737
2026-07-06T04:00:00+00:00,25802.850000000006,25825.350000000006,25785.090000000004,25821.110000000004,1169
2026-07-06T04:30:00+00:00,25821.110000000004,25834.840000000004,25818.100000000006,25826.090000000004,929
2026-07-06T05:00:00+00:00,25826.090000000004,25827.840000000004,25787.860000000004,25792.850000000006,1298.168044077135
2026-07-06T05:30:00+00:00,25792.850000000006,25802.860000000004,25781.860000000004,25792.340000000004,1633
2026-07-06T06:00:00+00:00,25792.340000000004,25814.850000000006,25770.860000000004,25783.850000000006,1532
2026-07-06T06:30:00+00:00,25783.850000000006,25804.850000000006,25773.360000000004,25798.340000000004,1440
2026-07-06T07:00:00+00:00,25798.340000000004,25836.700000000004,25760.700000000004,25826.210000000006,7005
2026-07-06T07:30:00+00:00,25826.210000000006,25913.190000000006,25815.190000000006,25895.210000000006,6395
2026-07-06T08:00:00+00:00,25895.210000000006,25905.210000000006,25841.710000000006,25878.700000000004,6577
2026-07-06T08:30:00+00:00,25878.700000000004,25882.190000000006,25828.700000000004,25834.690000000006,4797
2026-07-06T09:00:00+00:00,25834.690000000006,25863.700000000004,25800.190000000006,25861.190000000006,5492
2026-07-06T09:30:00+00:00,25861.190000000006,25867.200000000004,25836.200000000004,25847.190000000006,4140
2026-07-06T10:00:00+00:00,25847.190000000006,25854.200000000004,25824.190000000006,25828.200000000004,4220
2026-07-06T10:30:00+00:00,25828.200000000004,25834.190000000006,25791.690000000006,25796.690000000006,3793
2026-07-06T11:00:00+00:00,25796.690000000006,25798.690000000006,25757.700000000004,25768.200000000004,3590
2026-07-06T11:30:00+00:00,25768.200000000004,25803.190000000006,25758.190000000006,25768.200000000004,3337
2026-07-06T12:00:00+00:00,25768.200000000004,25788.190000000006,25749.210000000006,25751.210000000006,4246
2026-07-06T12:30:00+00:00,25751.210000000006,25765.210000000006,25740.210000000006,25744.200000000004,4264
2026-07-06T13:00:00+00:00,25744.200000000004,25747.710000000006,25696.690000000006,25730.190000000006,4617
2026-07-06T13:30:00+00:00,25730.190000000006,25772.200000000004,25721.190000000006,25771.200000000004,11793
2026-07-06T14:00:00+00:00,25771.200000000004,25798.710000000006,25758.700000000004,25793.210000000006,8547
2026-07-06T14:30:00+00:00,25793.210000000006,25815.710000000006,25776.190000000006,25809.190000000006,6450
2026-07-06T15:00:00+00:00,25809.190000000006,25840.200000000004,25783.700000000004,25839.210000000006,5887
2026-07-06T15:30:00+00:00,25839.210000000006,25846.690000000006,25789.190000000006,25804.200000000004,4606
2026-07-06T16:00:00+00:00,25804.200000000004,25805.340000000004,25789.360000000004,25801.350000000006,2253
2026-07-06T16:30:00+00:00,25801.350000000006,25812.850000000006,25795.840000000004,25797.860000000004,1814
2026-07-06T17:00:00+00:00,25797.860000000004,25826.360000000004,25790.860000000004,25813.360000000004,1892
2026-07-06T17:30:00+00:00,25813.360000000004,25815.340000000004,25790.850000000006,25802.850000000006,2326
2026-07-06T18:00:00+00:00,25802.850000000006,25818.850000000006,25800.850000000006,25813.840000000004,1921
2026-07-06T18:30:00+00:00,25813.840000000004,25817.860000000004,25800.840000000004,25809.360000000004,1592
2026-07-06T19:00:00+00:00,25809.360000000004,25828.340000000004,25802.840000000004,25826.860000000004,1871
2026-07-06T19:30:00+00:00,25826.860000000004,25826.860000000004,25804.840000000004,25821.600000000006,2802
2026-07-07T00:30:00+00:00,25821.600000000006,25821.600000000006,25781.440000000006,25790.190000000006,1492
2026-07-07T01:00:00+00:00,25790.190000000006,25802.210000000006,25781.440000000006,25788.190000000006,3056
2026-07-07T01:30:00+00:00,25788.190000000006,25817.710000000006,25786.440000000006,25798.200000000004,2526
2026-07-07T02:00:00+00:00,25798.200000000004,25807.200000000004,25786.440000000006,25788.190000000006,1871
2026-07-07T02:30:00+00:00,25788.190000000006,25788.710000000006,25766.190000000006,25771.700000000004,937
2026-07-07T03:00:00+00:00,25771.700000000004,25787.710000000006,25748.210000000006,25750.710000000006,1126
2026-07-07T03:30:00+00:00,25750.710000000006,25767.700000000004,25739.190000000006,25751.190000000006,1585
2026-07-07T04:00:00+00:00,25751.190000000006,25766.190000000006,25739.190000000006,25744.440000000006,1302
2026-07-07T04:30:00+00:00,25744.440000000006,25752.710000000006,25737.700000000004,25741.190000000006,793
2026-07-07T05:00:00+00:00,25741.190000000006,25741.210000000006,25699.450000000004,25727.690000000006,1781
2026-07-07T05:30:00+00:00,25727.690000000006,25781.710000000006,25724.450000000004,25766.210000000006,2698
2026-07-07T06:00:00+00:00,25766.210000000006,25776.710000000006,25746.190000000006,25768.190000000006,2692
2026-07-07T06:30:00+00:00,25768.190000000006,25797.200000000004,25758.190000000006,25793.210000000006,2382
2026-07-07T07:00:00+00:00,25793.210000000006,25807.550000000007,25757.540000000005,25802.550000000007,12734
2026-07-07T07:30:00+00:00,25802.550000000007,25813.060000000005,25752.050000000007,25785.060000000005,6673
2026-07-07T08:00:00+00:00,25785.060000000005,25806.060000000005,25762.540000000005,25773.550000000007,6450
2026-07-07T08:30:00+00:00,25773.550000000007,25776.540000000005,25716.040000000005,25716.040000000005,5595
2026-07-07T09:00:00+00:00,25716.040000000005,25735.560000000005,25701.540000000005,25721.050000000007,4412
2026-07-07T09:30:00+00:00,25721.050000000007,25725.560000000005,25689.040000000005,25696.550000000007,4620
2026-07-07T10:00:00+00:00,25696.550000000007,25714.060000000005,25673.040000000005,25675.540000000005,4081
2026-07-07T10:30:00+00:00,25675.540000000005,25681.060000000005,25653.540000000005,25670.060000000005,3357
2026-07-07T11:00:00+00:00,25670.060000000005,25682.550000000007,25648.550000000007,25652.550000000007,3814
2026-07-07T11:30:00+00:00,25652.550000000007,25660.560000000005,25623.050000000007,25647.550000000007,4698
2026-07-07T12:00:00+00:00,25647.550000000007,25695.560000000005,25640.050000000007,25687.040000000005,4696
2026-07-07T12:30:00+00:00,25687.040000000005,25709.550000000007,25642.560000000005,25661.550000000007,4781
2026-07-07T13:00:00+00:00,25661.550000000007,25678.550000000007,25638.550000000007,25652.540000000005,6162
2026-07-07T13:30:00+00:00,25652.540000000005,25663.060000000005,25542.540000000005,25561.060000000005,11953
2026-07-07T14:00:00+00:00,25561.060000000005,25566.560000000005,25491.540000000005,25530.050000000007,12004
2026-07-07T14:30:00+00:00,25530.050000000007,25539.060000000005,25488.550000000007,25516.550000000007,9073
2026-07-07T15:00:00+00:00,25516.550000000007,25519.560000000005,25479.050000000007,25499.050000000007,6854
2026-07-07T15:30:00+00:00,25499.050000000007,25517.550000000007,25464.560000000005,25509.050000000007,6244
2026-07-07T16:00:00+00:00,25509.050000000007,25550.210000000006,25505.200000000004,25542.700000000004,3631
2026-07-07T16:30:00+00:00,25542.700000000004,25548.710000000006,25528.210000000006,25542.210000000006,2590
2026-07-07T17:00:00+00:00,25542.210000000006,25553.210000000006,25529.710000000006,25537.690000000006,2380
2026-07-07T17:30:00+00:00,25537.690000000006,25552.710000000006,25537.190000000006,25550.200000000004,1749
2026-07-07T18:00:00+00:00,25550.200000000004,25556.210000000006,25544.200000000004,25548.210000000006,1762
2026-07-07T18:30:00+00:00,25548.210000000006,25550.210000000006,25498.710000000006,25501.710000000006,4684
2026-07-07T19:00:00+00:00,25501.710000000006,25506.210000000006,25408.460000000006,25454.690000000006,6565
2026-07-07T19:30:00+00:00,25454.690000000006,25472.950000000004,25441.210000000006,25468.940000000006,4995
2026-07-08T00:30:00+00:00,25468.940000000006,25513.690000000006,25445.420000000006,25510.690000000006,2528
2026-07-08T01:00:00+00:00,25510.690000000006,25533.180000000004,25503.420000000006,25507.430000000004,2753
2026-07-08T01:30:00+00:00,25507.430000000004,25520.190000000006,25479.430000000004,25498.430000000004,2842
2026-07-08T02:00:00+00:00,25498.430000000004,25503.180000000004,25444.430000000004,25455.420000000006,2428.0242461921043
2026-07-08T02:30:00+00:00,25455.420000000006,25481.190000000006,25443.420000000006,25469.680000000004,1900
2026-07-08T03:00:00+00:00,25469.680000000004,25487.430000000004,25450.430000000004,25479.430000000004,1602
2026-07-08T03:30:00+00:00,25479.430000000004,25488.190000000006,25468.420000000006,25476.430000000004,1679
2026-07-08T04:00:00+00:00,25476.430000000004,25483.180000000004,25453.420000000006,25468.420000000006,1628
2026-07-08T04:30:00+00:00,25468.420000000006,25474.180000000004,25435.420000000006,25463.690000000006,1778
2026-07-08T05:00:00+00:00,25463.690000000006,25476.170000000006,25439.420000000006,25443.430000000004,2411
2026-07-08T05:30:00+00:00,25443.430000000004,25452.690000000006,25404.440000000006,25418.190000000006,3331
2026-07-08T06:00:00+00:00,25418.190000000006,25423.690000000006,25368.670000000006,25391.690000000006,2670
2026-07-08T06:30:00+00:00,25391.690000000006,25399.680000000004,25299.170000000006,25316.190000000006,4019
2026-07-08T07:00:00+00:00,25316.190000000006,25339.040000000005,25152.020000000004,25200.020000000004,18340
2026-07-08T07:30:00+00:00,25200.020000000004,25232.540000000005,25183.020000000004,25198.030000000006,11048
2026-07-08T08:00:00+00:00,25198.030000000006,25206.020000000004,24971.530000000006,24981.040000000005,25105
2026-07-08T08:30:00+00:00,24981.040000000005,24987.520000000004,24881.520000000004,24901.530000000006,22876
2026-07-08T09:00:00+00:00,24901.530000000006,24905.530000000006,24825.030000000006,24869.520000000004,17221
2026-07-08T09:30:00+00:00,24869.520000000004,24921.540000000005,24844.020000000004,24856.540000000005,13672
2026-07-08T10:00:00+00:00,24856.540000000005,24897.540000000005,24834.040000000005,24882.520000000004,11844
2026-07-08T10:30:00+00:00,24882.520000000004,24960.520000000004,24871.520000000004,24934.540000000005,11418
2026-07-08T11:00:00+00:00,24934.540000000005,24955.030000000006,24896.020000000004,24928.530000000006,8740
2026-07-08T11:30:00+00:00,24928.530000000006,25082.540000000005,24910.040000000005,24991.530000000006,13946
2026-07-08T12:00:00+00:00,24991.530000000006,25041.040000000005,24956.020000000004,25021.520000000004,9065
2026-07-08T12:30:00+00:00,25021.520000000004,25062.040000000005,24994.020000000004,24996.040000000005,9249
2026-07-08T13:00:00+00:00,24996.040000000005,25059.040000000005,24961.040000000005,24969.540000000005,11292
2026-07-08T13:30:00+00:00,24969.540000000005,25083.040000000005,24969.540000000005,25034.020000000004,21044
2026-07-08T14:00:00+00:00,25034.020000000004,25055.040000000005,24973.530000000006,24984.030000000006,18006
2026-07-08T14:30:00+00:00,24984.030000000006,24993.540000000005,24930.040000000005,24942.530000000006,15461
2026-07-08T15:00:00+00:00,24942.530000000006,24949.020000000004,24846.530000000006,24858.520000000004,11991
2026-07-08T15:30:00+00:00,24858.520000000004,24917.540000000005,24857.020000000004,24891.540000000005,10410
2026-07-08T16:00:00+00:00,24891.540000000005,24971.180000000004,24886.680000000004,24960.680000000004,7299
2026-07-08T16:30:00+00:00,24960.680000000004,25011.170000000006,24941.180000000004,25003.170000000006,9919
2026-07-08T17:00:00+00:00,25003.170000000006,25012.680000000004,24972.170000000006,25006.180000000004,4368
2026-07-08T17:30:00+00:00,25006.180000000004,25013.690000000006,24976.190000000006,24984.680000000004,3725
2026-07-08T18:00:00+00:00,24984.680000000004,25018.690000000006,24972.670000000006,25003.690000000006,4810
2026-07-08T18:30:00+00:00,25003.690000000006,25013.760000000002,24985.670000000006,25010.270000000004,3661.715298052666
2026-07-08T19:00:00+00:00,25010.270000000004,25019.750000000004,25001.760000000002,25014.750000000004,2930
2026-07-08T19:30:00+00:00,25014.750000000004,25019.260000000002,24981.260000000002,25012.510000000002,4745
2026-07-09T00:30:00+00:00,25012.510000000002,25044.280000000002,25002.530000000002,25025.540000000005,2857
2026-07-09T01:00:00+00:00,25025.540000000005,25061.780000000002,25010.530000000002,25034.270000000004,3375
2026-07-09T01:30:00+00:00,25034.270000000004,25058.280000000002,25019.520000000004,25033.540000000005,3226
2026-07-09T02:00:00+00:00,25033.540000000005,25077.290000000005,25017.520000000004,25054.540000000005,3025
2026-07-09T02:30:00+00:00,25054.540000000005,25064.280000000002,24994.520000000004,24995.540000000005,3305
2026-07-09T03:00:00+00:00,24995.540000000005,25019.770000000004,24973.520000000004,25017.530000000002,2391
2026-07-09T03:30:00+00:00,25017.530000000002,25049.280000000002,25014.520000000004,25038.540000000005,2078
2026-07-09T04:00:00+00:00,25038.540000000005,25052.290000000005,25011.520000000004,25019.540000000005,2231
2026-07-09T04:30:00+00:00,25019.540000000005,25057.770000000004,25014.540000000005,25050.540000000005,2765
2026-07-09T05:00:00+00:00,25050.540000000005,25078.280000000002,25018.520000000004,25034.520000000004,3632
2026-07-09T05:30:00+00:00,25034.520000000004,25104.780000000002,25015.520000000004,25101.790000000005,3613
2026-07-09T06:00:00+00:00,25101.790000000005,25111.270000000004,25067.270000000004,25085.780000000002,3989
2026-07-09T06:30:00+00:00,25085.780000000002,25094.790000000005,25047.270000000004,25072.770000000004,3896
2026-07-09T07:00:00+00:00,25072.770000000004,25122.640000000003,24988.140000000003,25004.620000000003,14859
2026-07-09T07:30:00+00:00,25004.620000000003,25068.140000000003,25000.140000000003,25024.120000000003,8954
2026-07-09T08:00:00+00:00,25024.120000000003,25033.630000000005,24950.120000000003,24962.620000000003,9862
2026-07-09T08:30:00+00:00,24962.620000000003,24967.140000000003,24910.640000000003,24928.640000000003,9176
2026-07-09T09:00:00+00:00,24928.640000000003,24962.120000000003,24910.640000000003,24940.120000000003,7298
2026-07-09T09:30:00+00:00,24940.120000000003,24955.630000000005,24894.130000000005,24943.620000000003,7551
2026-07-09T10:00:00+00:00,24943.620000000003,24965.120000000003,24932.620000000003,24938.130000000005,5037
2026-07-09T10:30:00+00:00,24938.130000000005,24938.640000000003,24853.140000000003,24903.130000000005,7851
2026-07-09T11:00:00+00:00,24903.130000000005,24943.130000000005,24894.130000000005,24906.630000000005,6465
2026-07-09T11:30:00+00:00,24906.630000000005,24962.630000000005,24898.630000000005,24937.130000000005,5961
2026-07-09T12:00:00+00:00,24937.130000000005,24965.640000000003,24928.130000000005,24958.630000000005,6007
2026-07-09T12:30:00+00:00,24958.630000000005,25005.640000000003,24956.540000000005,24989.640000000003,6182
2026-07-09T13:00:00+00:00,24989.640000000003,25038.630000000005,24988.130000000005,25013.120000000003,5933
2026-07-09T13:30:00+00:00,25013.120000000003,25058.640000000003,24966.120000000003,25035.630000000005,11717
2026-07-09T14:00:00+00:00,25035.630000000005,25053.630000000005,24990.620000000003,25032.620000000003,11951
2026-07-09T14:30:00+00:00,25032.620000000003,25084.140000000003,25025.620000000003,25084.140000000003,8635
2026-07-09T15:00:00+00:00,25084.140000000003,25118.120000000003,25076.620000000003,25092.620000000003,6251
2026-07-09T15:30:00+00:00,25092.620000000003,25107.620000000003,25065.620000000003,25088.640000000003,5200
2026-07-09T16:00:00+00:00,25088.640000000003,25112.780000000002,25088.280000000002,25097.270000000004,2697
2026-07-09T16:30:00+00:00,25097.270000000004,25101.790000000005,25085.270000000004,25092.770000000004,2281
2026-07-09T17:00:00+00:00,25092.770000000004,25117.790000000005,25091.770000000004,25115.770000000004,1339
2026-07-09T17:30:00+00:00,25115.770000000004,25130.770000000004,25111.770000000004,25118.770000000004,1504
2026-07-09T18:00:00+00:00,25118.770000000004,25127.790000000005,25091.780000000002,25095.790000000005,2129
2026-07-09T18:30:00+00:00,25095.790000000005,25103.270000000004,25087.770000000004,25102.270000000004,1531
2026-07-09T19:00:00+00:00,25102.270000000004,25109.790000000005,25085.290000000005,25098.280000000002,1785
2026-07-09T19:30:00+00:00,25098.280000000002,25112.540000000005,25081.790000000005,25111.020000000004,2341
2026-07-10T00:30:00+00:00,25111.020000000004,25111.020000000004,25059.130000000005,25083.890000000003,1604.1101914123124
2026-07-10T01:00:00+00:00,25083.890000000003,25097.15,25075.15,25095.4,1761
2026-07-10T01:30:00+00:00,25095.4,25120.9,25086.130000000005,25106.9,1412
2026-07-10T02:00:00+00:00,25106.9,25130.9,25096.130000000005,25100.880000000005,2151
2026-07-10T02:30:00+00:00,25100.880000000005,25116.390000000003,25088.15,25099.140000000003,1798
2026-07-10T03:00:00+00:00,25099.140000000003,25123.4,25083.130000000005,25097.390000000003,1202.6843877796487
2026-07-10T03:30:00+00:00,25097.390000000003,25102.9,25084.130000000005,25098.890000000003,857
2026-07-10T04:00:00+00:00,25098.890000000003,25098.9,25078.890000000003,25081.9,1014
2026-07-10T04:30:00+00:00,25081.9,25092.4,25063.130000000005,25066.130000000005,793
2026-07-10T05:00:00+00:00,25066.130000000005,25089.890000000003,25063.15,25074.880000000005,1606
2026-07-10T05:30:00+00:00,25074.880000000005,25080.890000000003,25053.130000000005,25060.130000000005,1587
2026-07-10T06:00:00+00:00,25060.130000000005,25118.9,25060.130000000005,25086.880000000005,3032
2026-07-10T06:30:00+00:00,25086.880000000005,25112.4,25074.9,25093.380000000005,2823
2026-07-10T07:00:00+00:00,25093.380000000005,25162.250000000004,25061.750000000004,25159.730000000003,10912
2026-07-10T07:30:00+00:00,25159.730000000003,25190.730000000003,25085.250000000004,25110.250000000004,7593
2026-07-10T08:00:00+00:00,25110.250000000004,25159.750000000004,25082.250000000004,25095.74,8203
2026-07-10T08:30:00+00:00,25095.74,25106.250000000004,25053.250000000004,25071.750000000004,6468
2026-07-10T09:00:00+00:00,25071.750000000004,25116.750000000004,25042.730000000003,25081.750000000004,6023
2026-07-10T09:30:00+00:00,25081.750000000004,25108.750000000004,25053.74,25068.250000000004,4905
2026-07-10T10:00:00+00:00,25068.250000000004,25124.74,25067.750000000004,25117.24,4007
2026-07-10T10:30:00+00:00,25117.24,25149.24,25108.250000000004,25125.730000000003,3483
2026-07-10T11:00:00+00:00,25125.730000000003,25142.250000000004,25110.230000000003,25116.730000000003,3688
2026-07-10T11:30:00+00:00,25116.730000000003,25116.750000000004,25081.24,25093.750000000004,4269
2026-07-10T12:00:00+00:00,25093.750000000004,25183.74,25058.74,25109.24,8667
2026-07-10T12:30:00+00:00,25109.24,25120.230000000003,25082.730000000003,25114.250000000004,4790
2026-07-10T13:00:00+00:00,25114.250000000004,25145.250000000004,25103.750000000004,25129.74,4115
2026-07-10T13:30:00+00:00,25129.74,25148.750000000004,25077.750000000004,25080.230000000003,9646
2026-07-10T14:00:00+00:00,25080.230000000003,25117.250000000004,25076.230000000003,25080.730000000003,7566
2026-07-10T14:30:00+00:00,25080.730000000003,25092.230000000003,24914.750000000004,25030.730000000003,17608.98206777772
2026-07-10T15:00:00+00:00,25030.730000000003,25077.740000000005,24998.230000000003,25076.230000000003,7576
2026-07-10T15:30:00+00:00,25076.230000000003,25078.240000000005,25040.230000000003,25067.240000000005,6110
2026-07-10T16:00:00+00:00,25067.240000000005,25088.880000000005,25067.240000000005,25076.380000000005,3230
2026-07-10T16:30:00+00:00,25076.380000000005,25102.370000000006,25063.380000000005,25101.390000000003,1575
2026-07-10T17:00:00+00:00,25101.390000000003,25107.390000000003,25088.870000000006,25104.890000000003,1168
2026-07-10T17:30:00+00:00,25104.890000000003,25115.390000000003,25099.390000000003,25100.890000000003,1010
2026-07-10T18:00:00+00:00,25100.890000000003,25115.880000000005,25095.380000000005,25109.890000000003,1861
2026-07-10T18:30:00+00:00,25109.890000000003,25117.390000000003,25098.370000000006,25102.370000000006,1135
2026-07-10T19:00:00+00:00,25102.370000000006,25110.890000000003,25091.890000000003,25099.880000000005,1314
2026-07-10T19:30:00+00:00,25099.880000000005,25114.370000000006,25086.880000000005,25093.640000000003,2157
2026-07-13T00:30:00+00:00,25093.640000000003,25093.640000000003,24924.530000000006,24939.780000000006,3894
2026-07-13T01:00:00+00:00,24939.780000000006,24945.280000000006,24906.530000000006,24918.520000000004,4700
2026-07-13T01:30:00+00:00,24918.520000000004,24938.780000000006,24883.520000000004,24897.520000000004,3345
2026-07-13T02:00:00+00:00,24897.520000000004,24915.780000000006,24877.520000000004,24905.520000000004,2181
2026-07-13T02:30:00+00:00,24905.520000000004,24906.520000000004,24879.270000000004,24879.780000000006,1414
2026-07-13T03:00:00+00:00,24879.780000000006,24882.280000000006,24844.260000000006,24852.770000000004,1178
2026-07-13T03:30:00+00:00,24852.770000000004,24863.280000000006,24834.270000000004,24836.280000000006,1596
2026-07-13T04:00:00+00:00,24836.280000000006,24836.280000000006,24805.510000000006,24813.530000000006,1689
2026-07-13T04:30:00+00:00,24813.530000000006,24819.280000000006,24781.510000000006,24794.760000000006,1507
2026-07-13T05:00:00+00:00,24794.760000000006,24850.270000000004,24787.510000000006,24793.530000000006,2624
2026-07-13T05:30:00+00:00,24793.530000000006,24852.280000000006,24758.520000000004,24840.260000000006,3106
2026-07-13T06:00:00+00:00,24840.260000000006,24896.280000000006,24840.260000000006,24893.260000000006,4960
2026-07-13T06:30:00+00:00,24893.260000000006,24922.770000000004,24877.760000000006,24918.760000000006,3549
2026-07-13T07:00:00+00:00,24918.760000000006,25052.630000000005,24917.110000000004,25041.120000000006,11352
2026-07-13T07:30:00+00:00,25041.120000000006,25061.110000000004,25003.610000000004,25060.110000000004,7027
2026-07-13T08:00:00+00:00,25060.110000000004,25097.630000000005,25040.130000000005,25082.130000000005,7632
2026-07-13T08:30:00+00:00,25082.130000000005,25113.110000000004,25076.610000000004,25107.620000000006,4173
2026-07-13T09:00:00+00:00,25107.620000000006,25137.620000000006,25080.610000000004,25129.620000000006,3281
2026-07-13T09:30:00+00:00,25129.620000000006,25147.620000000006,25123.130000000005,25136.620000000006,3868
2026-07-13T10:00:00+00:00,25136.620000000006,25146.630000000005,25063.620000000006,25070.620000000006,3934
2026-07-13T10:30:00+00:00,25070.620000000006,25109.620000000006,25055.110000000004,25095.620000000006,3851
2026-07-13T11:00:00+00:00,25095.620000000006,25124.120000000006,25083.610000000004,25112.110000000004,5087
2026-07-13T11:30:00+00:00,25112.110000000004,25123.620000000006,25077.610000000004,25089.630000000005,4169
2026-07-13T12:00:00+00:00,25089.630000000005,25111.120000000006,25059.110000000004,25068.130000000005,6717
2026-07-13T12:30:00+00:00,25068.130000000005,25116.630000000005,25040.610000000004,25111.130000000005,5489
2026-07-13T13:00:00+00:00,25111.130000000005,25123.610000000004,25067.620000000006,25085.110000000004,5583
2026-07-13T13:30:00+00:00,25085.110000000004,25123.620000000006,25055.110000000004,25109.630000000005,13141
2026-07-13T14:00:00+00:00,25109.630000000005,25123.120000000006,24962.610000000004,25070.630000000005,17617
2026-07-13T14:30:00+00:00,25070.630000000005,25113.630000000005,25042.620000000006,25109.610000000004,10598
2026-07-13T15:00:00+00:00,25109.610000000004,25118.130000000005,25057.110000000004,25077.110000000004,7877
2026-07-13T15:30:00+00:00,25077.110000000004,25118.630000000005,25071.110000000004,25075.120000000006,6278
2026-07-13T16:00:00+00:00,25075.120000000006,25092.760000000006,25036.280000000006,25045.270000000004,5195
2026-07-13T16:30:00+00:00,25045.270000000004,25068.260000000006,25011.770000000004,25036.270000000004,9021
2026-07-13T17:00:00+00:00,25036.270000000004,25068.270000000004,25035.780000000006,25038.770000000004,3966
2026-07-13T17:30:00+00:00,25038.770000000004,25050.280000000006,25001.270000000004,25002.760000000006,4441
2026-07-13T18:00:00+00:00,25002.760000000006,25011.780000000006,24971.260000000006,24976.280000000006,5280
2026-07-13T18:30:00+00:00,24976.280000000006,25010.280000000006,24969.780000000006,25006.270000000004,4225
2026-07-13T19:00:00+00:00,25006.270000000004,25016.260000000006,24958.260000000006,24961.760000000006,3700
2026-07-13T19:30:00+00:00,24961.760000000006,25004.530000000006,24955.260000000006,25004.530000000006,4436
2026-07-14T00:30:00+00:00,25004.530000000006,25004.530000000006,24814.000000000004,24898.750000000004,4634
2026-07-14T01:00:00+00:00,24898.750000000004,24910.760000000006,24875.000000000004,24887.020000000004,4673
2026-07-14T01:30:00+00:00,24887.020000000004,24893.260000000006,24832.000000000004,24841.010000000006,3527.0894398027667
2026-07-14T02:00:00+00:00,24841.010000000006,24874.020000000004,24826.770000000004,24843.250000000004,3714
2026-07-14T02:30:00+00:00,24843.250000000004,24869.770000000004,24810.000000000004,24816.770000000004,3377
2026-07-14T03:00:00+00:00,24816.770000000004,24824.760000000006,24762.020000000004,24807.750000000004,1813
2026-07-14T03:30:00+00:00,24807.750000000004,24851.760000000006,24787.020000000004,24849.770000000004,3375
2026-07-14T04:00:00+00:00,24849.770000000004,24874.250000000004,24826.000000000004,24865.250000000004,2216
2026-07-14T04:30:00+00:00,24865.250000000004,24928.520000000004,24865.250000000004,24928.520000000004,1853.2012208546014
2026-07-14T05:00:00+00:00,24928.520000000004,24965.750000000004,24908.510000000006,24962.510000000006,1613
2026-07-14T05:30:00+00:00,24962.510000000006,24985.770000000004,24956.500000000004,24961.760000000006,2085
2026-07-14T06:00:00+00:00,24961.760000000006,24998.770000000004,24925.260000000006,24928.250000000004,4336
2026-07-14T06:30:00+00:00,24928.250000000004,24943.270000000004,24844.770000000004,24855.260000000006,5233
2026-07-14T07:00:00+00:00,24855.260000000006,24996.620000000006,24835.600000000006,24975.600000000006,17463
2026-07-14T07:30:00+00:00,24975.600000000006,24980.110000000004,24883.100000000006,24962.600000000006,15332
2026-07-14T08:00:00+00:00,24962.600000000006,24993.110000000004,24911.100000000006,24963.100000000006,13889
2026-07-14T08:30:00+00:00,24963.100000000006,24973.620000000006,24914.120000000006,24921.610000000004,9619
2026-07-14T09:00:00+00:00,24921.610000000004,24978.120000000006,24910.610000000004,24935.620000000006,9034
2026-07-14T09:30:00+00:00,24935.620000000006,24993.120000000006,24921.600000000006,24977.610000000004,7470
2026-07-14T10:00:00+00:00,24977.610000000004,25004.120000000006,24956.600000000006,24968.620000000006,6077
2026-07-14T10:30:00+00:00,24968.620000000006,24983.600000000006,24901.620000000006,24932.110000000004,8128
2026-07-14T11:00:00+00:00,24932.110000000004,24938.110000000004,24871.600000000006,24925.620000000006,12130
2026-07-14T11:30:00+00:00,24925.620000000006,24932.600000000006,24873.610000000004,24899.600000000006,8909
2026-07-14T12:00:00+00:00,24899.600000000006,24919.110000000004,24852.110000000004,24911.520000000004,7400
2026-07-14T12:30:00+00:00,24911.520000000004,25079.100000000006,24911.520000000004,24967.610000000004,18000
2026-07-14T13:00:00+00:00,24967.610000000004,25015.620000000006,24961.100000000006,25013.110000000004,11468
2026-07-14T13:30:00+00:00,25013.110000000004,25090.610000000004,24985.600000000006,25084.620000000006,17315
2026-07-14T14:00:00+00:00,25084.620000000006,25098.600000000006,25023.120000000006,25088.610000000004,16382
2026-07-14T14:30:00+00:00,25088.610000000004,25194.520000000004,25077.620000000006,25114.120000000006,14435
2026-07-14T15:00:00+00:00,25114.120000000006,25169.120000000006,25087.110000000004,25129.100000000006,13064
2026-07-14T15:30:00+00:00,25129.100000000006,25157.120000000006,25060.610000000004,25076.120000000006,8895
2026-07-14T16:00:00+00:00,25076.120000000006,25083.760000000006,25054.270000000004,25077.760000000006,6678
2026-07-14T16:30:00+00:00,25077.760000000006,25092.260000000006,25054.750000000004,25091.760000000006,4638
2026-07-14T17:00:00+00:00,25091.760000000006,25099.250000000004,25077.250000000004,25095.260000000006,2531
2026-07-14T17:30:00+00:00,25095.260000000006,25099.770000000004,25060.260000000006,25062.770000000004,1984
2026-07-14T18:00:00+00:00,25062.770000000004,25068.260000000006,25051.250000000004,25060.760000000006,1839
2026-07-14T18:30:00+00:00,25060.760000000006,25061.750000000004,25025.770000000004,25041.760000000006,2930
2026-07-14T19:00:00+00:00,25041.760000000006,25053.250000000004,25032.770000000004,25045.770000000004,1838
2026-07-14T19:30:00+00:00,25045.770000000004,25049.250000000004,25017.500000000004,25024.520000000004,3253
2026-07-15T00:30:00+00:00,25024.520000000004,25065.030000000006,25022.770000000004,25063.520000000004,757
2026-07-15T01:00:00+00:00,25063.520000000004,25068.010000000006,25027.760000000006,25043.760000000006,1833
2026-07-15T01:30:00+00:00,25043.760000000006,25052.020000000004,25016.760000000006,25051.520000000004,1594.8768699371471
2026-07-15T02:00:00+00:00,25051.520000000004,25056.030000000006,25039.260000000006,25054.280000000006,748.1055530904184
2026-07-15T02:30:00+00:00,25054.280000000006,25072.520000000004,25051.260000000006,25055.030000000006,870
2026-07-15T03:00:00+00:00,25055.030000000006,25062.020000000004,25045.280000000006,25055.260000000006,833
2026-07-15T03:30:00+00:00,25055.260000000006,25078.530000000006,25052.260000000006,25073.010000000006,939.4698130554705
2026-07-15T04:00:00+00:00,25073.010000000006,25076.030000000006,25063.280000000006,25069.530000000006,397.107220066905
2026-07-15T04:30:00+00:00,25069.530000000006,25084.030000000006,25064.260000000006,25079.280000000006,545
2026-07-15T05:00:00+00:00,25079.280000000006,25123.010000000006,25035.010000000006,25040.270000000004,2415
2026-07-15T05:30:00+00:00,25040.270000000004,25061.530000000006,25016.260000000006,25048.530000000006,2193
2026-07-15T06:00:00+00:00,25048.530000000006,25056.020000000004,25011.020000000004,25034.510000000006,2936
2026-07-15T06:30:00+00:00,25034.510000000006,25035.010000000006,24977.510000000006,25003.010000000006,3883
2026-07-15T07:00:00+00:00,25003.010000000006,25004.880000000005,24813.260000000006,24841.370000000006,13941
2026-07-15T07:30:00+00:00,24841.370000000006,24907.370000000006,24828.860000000004,24900.880000000005,9759
2026-07-15T08:00:00+00:00,24900.880000000005,24971.370000000006,24884.370000000006,24967.860000000004,9540
2026-07-15T08:30:00+00:00,24967.860000000004,25007.870000000006,24959.360000000004,24988.370000000006,7217
2026-07-15T09:00:00+00:00,24988.370000000006,25019.380000000005,24979.360000000004,24992.860000000004,5762
2026-07-15T09:30:00+00:00,24992.860000000004,24998.370000000006,24920.360000000004,24927.370000000006,6408
2026-07-15T10:00:00+00:00,24927.370000000006,24970.380000000005,24922.360000000004,24933.870000000006,6218
2026-07-15T10:30:00+00:00,24933.870000000006,24954.380000000005,24917.870000000006,24917.880000000005,6223
2026-07-15T11:00:00+00:00,24917.880000000005,24931.880000000005,24894.380000000005,24910.860000000004,5548
2026-07-15T11:30:00+00:00,24910.860000000004,24987.380000000005,24902.860000000004,24981.380000000005,5037
2026-07-15T12:00:00+00:00,24981.380000000005,25006.880000000005,24957.370000000006,24975.280000000006,5153
2026-07-15T12:30:00+00:00,24975.280000000006,25015.370000000006,24972.280000000006,24997.370000000006,6892
2026-07-15T13:00:00+00:00,24997.370000000006,25023.380000000005,24969.860000000004,24989.370000000006,7091
2026-07-15T13:30:00+00:00,24989.370000000006,25035.370000000006,24936.860000000004,24998.880000000005,13229
2026-07-15T14:00:00+00:00,24998.880000000005,25040.870000000006,24983.880000000005,25014.370000000006,11626
2026-07-15T14:30:00+00:00,25014.370000000006,25034.370000000006,24975.870000000006,25019.380000000005,11262
2026-07-15T15:00:00+00:00,25019.380000000005,25020.880000000005,24973.860000000004,24993.860000000004,10008
2026-07-15T15:30:00+00:00,24993.860000000004,25023.870000000006,24977.380000000005,24978.370000000006,7208
2026-07-15T16:00:00+00:00,24978.370000000006,24982.010000000006,24920.020000000004,24935.010000000006,5975
2026-07-15T16:30:00+00:00,24935.010000000006,24966.030000000006,24904.030000000006,24945.020000000004,6093
2026-07-15T17:00:00+00:00,24945.020000000004,24982.020000000004,24945.020000000004,24980.530000000006,2694
2026-07-15T17:30:00+00:00,24980.530000000006,25016.530000000006,24977.020000000004,25001.030000000006,2475
2026-07-15T18:00:00+00:00,25001.030000000006,25010.020000000004,24993.510000000006,24998.030000000006,1660
2026-07-15T18:30:00+00:00,24998.030000000006,25009.020000000004,24976.500000000004,24980.000000000004,1858.7897383448394
2026-07-15T19:00:00+00:00,24980.000000000004,24998.510000000002,24971.520000000004,24985.000000000004,2458
2026-07-15T19:30:00+00:00,24985.000000000004,24989.520000000004,24956.510000000002,24977.760000000002,3706
2026-07-16T00:30:00+00:00,24977.760000000002,24996.31,24934.550000000003,24942.550000000003,2400
2026-07-16T01:00:00+00:00,24942.550000000003,24947.800000000003,24886.570000000003,24903.56,3349
2026-07-16T01:30:00+00:00,24903.56,24944.300000000003,24902.550000000003,24914.56,4293
2026-07-16T02:00:00+00:00,24914.56,24930.570000000003,24892.550000000003,24928.570000000003,1951
2026-07-16T02:30:00+00:00,24928.570000000003,24966.56,24925.550000000003,24964.550000000003,1261
2026-07-16T03:00:00+00:00,24964.550000000003,24983.56,24958.56,24973.550000000003,796
2026-07-16T03:30:00+00:00,24973.550000000003,25011.820000000003,24970.570000000003,25011.300000000003,1330.1466083150985
2026-07-16T04:00:00+00:00,25011.300000000003,25016.300000000003,24972.550000000003,24973.570000000003,1037
2026-07-16T04:30:00+00:00,24973.570000000003,24982.570000000003,24969.550000000003,24976.31,674.124098124098
2026-07-16T05:00:00+00:00,24976.31,25039.320000000003,24974.550000000003,25032.320000000003,1314
2026-07-16T05:30:00+00:00,25032.320000000003,25041.570000000003,24990.550000000003,25004.31,2797
2026-07-16T06:00:00+00:00,25004.31,25020.820000000003,24949.300000000003,24989.300000000003,5746
2026-07-16T06:30:00+00:00,24989.300000000003,25015.31,24954.300000000003,25008.320000000003,4064
2026-07-16T07:00:00+00:00,25008.320000000003,25031.65,24878.65,24927.670000000002,13299
2026-07-16T07:30:00+00:00,24927.670000000002,24938.660000000003,24826.65,24852.160000000003,9743
2026-07-16T08:00:00+00:00,24852.160000000003,24883.65,24803.65,24880.65,11017
2026-07-16T08:30:00+00:00,24880.65,24922.65,24867.660000000003,24885.670000000002,8754
2026-07-16T09:00:00+00:00,24885.670000000002,24929.670000000002,24853.670000000002,24860.660000000003,7869
2026-07-16T09:30:00+00:00,24860.660000000003,24877.65,24816.670000000002,24837.160000000003,6485
2026-07-16T10:00:00+00:00,24837.160000000003,24860.660000000003,24795.660000000003,24826.660000000003,6309
2026-07-16T10:30:00+00:00,24826.660000000003,24841.670000000002,24810.670000000002,24816.670000000002,6435
2026-07-16T11:00:00+00:00,24816.670000000002,24821.65,24766.65,24782.170000000002,6623
2026-07-16T11:30:00+00:00,24782.170000000002,24783.65,24676.160000000003,24754.670000000002,9094
2026-07-16T12:00:00+00:00,24754.670000000002,24780.670000000002,24693.65,24712.570000000003,9150
2026-07-16T12:30:00+00:00,24712.570000000003,24740.670000000002,24681.15,24715.65,8204
2026-07-16T13:00:00+00:00,24715.65,24772.670000000002,24705.660000000003,24749.160000000003,7282
2026-07-16T13:30:00+00:00,24749.160000000003,24780.660000000003,24711.660000000003,24759.170000000002,13348
2026-07-16T14:00:00+00:00,24759.170000000002,24806.670000000002,24754.15,24773.170000000002,9804
2026-07-16T14:30:00+00:00,24773.170000000002,24806.670000000002,24758.670000000002,24802.15,7983
2026-07-16T15:00:00+00:00,24802.15,24862.160000000003,24794.160000000003,24849.160000000003,6520
2026-07-16T15:30:00+00:00,24849.160000000003,24920.65,24846.15,24867.670000000002,5562
2026-07-16T16:00:00+00:00,24867.670000000002,24868.31,24816.300000000003,24835.300000000003,6292
2026-07-16T16:30:00+00:00,24835.300000000003,24894.820000000003,24830.31,24888.81,4872
2026-07-16T17:00:00+00:00,24888.81,24894.800000000003,24873.820000000003,24893.81,3035
2026-07-16T17:30:00+00:00,24893.81,24898.31,24857.300000000003,24865.81,3032
2026-07-16T18:00:00+00:00,24865.81,24880.31,24843.300000000003,24870.800000000003,4274
2026-07-16T18:30:00+00:00,24870.800000000003,24872.81,24846.300000000003,24858.31,3760
2026-07-16T19:00:00+00:00,24858.31,24869.300000000003,24845.31,24852.31,3657
2026-07-16T19:30:00+00:00,24852.31,24867.320000000003,24807.81,24863.070000000003,4871
2026-07-17T00:30:00+00:00,24863.070000000003,24863.070000000003,24759.88,24784.9,1186
2026-07-17T01:00:00+00:00,24784.9,24806.15,24770.890000000003,24781.65,2934
2026-07-17T01:30:00+00:00,24781.65,24782.140000000003,24708.9,24715.890000000003,1872
2026-07-17T02:00:00+00:00,24715.890000000003,24733.13,24704.890000000003,24707.890000000003,1265
2026-07-17T02:30:00+00:00,24707.890000000003,24719.140000000003,24694.88,24702.890000000003,656
2026-07-17T03:00:00+00:00,24702.890000000003,24756.640000000003,24702.890000000003,24741.88,563.3425788320039
2026-07-17T03:30:00+00:00,24741.88,24742.9,24685.88,24685.9,1793
2026-07-17T04:00:00+00:00,24685.9,24687.65,24625.88,24631.890000000003,1894
2026-07-17T04:30:00+00:00,24631.890000000003,24661.65,24590.9,24646.88,3309
2026-07-17T05:00:00+00:00,24646.88,24657.140000000003,24626.890000000003,24644.640000000003,1898
2026-07-17T05:30:00+00:00,24644.640000000003,24693.65,24627.88,24683.9,2807
2026-07-17T06:00:00+00:00,24683.9,24771.15,24667.15,24763.140000000003,4855
2026-07-17T06:30:00+00:00,24763.140000000003,24768.15,24716.65,24720.140000000003,4228
2026-07-17T07:00:00+00:00,24720.140000000003,24783.49,24692.99,24773.980000000003,14314
2026-07-17T07:30:00+00:00,24773.980000000003,24821.500000000004,24760.49,24796.480000000003,8998
2026-07-17T08:00:00+00:00,24796.480000000003,24834.000000000004,24699.500000000004,24723.99,13490
2026-07-17T08:30:00+00:00,24723.99,24732.500000000004,24671.980000000003,24707.500000000004,10621
2026-07-17T09:00:00+00:00,24707.500000000004,24707.980000000003,24643.980000000003,24702.000000000004,9881
2026-07-17T09:30:00+00:00,24702.000000000004,24702.99,24633.480000000003,24674.99,9489
2026-07-17T10:00:00+00:00,24674.99,24742.000000000004,24662.980000000003,24736.980000000003,8711
2026-07-17T10:30:00+00:00,24736.980000000003,24779.49,24734.000000000004,24753.000000000004,5511
2026-07-17T11:00:00+00:00,24753.000000000004,24770.000000000004,24714.99,24724.49,6141
2026-07-17T11:30:00+00:00,24724.49,24785.480000000003,24715.980000000003,24780.99,5201
2026-07-17T12:00:00+00:00,24780.99,24793.99,24736.980000000003,24753.9,5848
2026-07-17T12:30:00+00:00,24753.9,24792.99,24745.980000000003,24748.480000000003,6003
2026-07-17T13:00:00+00:00,24748.480000000003,24750.500000000004,24677.480000000003,24707.980000000003,8205
2026-07-17T13:30:00+00:00,24707.980000000003,24788.49,24703.000000000004,24788.000000000004,15798
2026-07-17T14:00:00+00:00,24788.000000000004,24795.980000000003,24750.000000000004,24764.99,12761
2026-07-17T14:30:00+00:00,24764.99,24806.500000000004,24746.980000000003,24784.480000000003,9706
2026-07-17T15:00:00+00:00,24784.480000000003,24816.480000000003,24746.500000000004,24815.49,9075
2026-07-17T15:30:00+00:00,24815.49,24863.480000000003,24789.980000000003,24861.000000000004,7555
2026-07-17T16:00:00+00:00,24861.000000000004,24864.63,24801.63,24816.65,7611
2026-07-17T16:30:00+00:00,24816.65,24851.13,24808.13,24836.65,5431
2026-07-17T17:00:00+00:00,24836.65,24861.63,24834.63,24852.140000000003,2857
2026-07-17T17:30:00+00:00,24852.140000000003,24852.15,24800.13,24801.65,3142
2026-07-17T18:00:00+00:00,24801.65,24814.65,24785.63,24792.640000000003,4121
2026-07-17T18:30:00+00:00,24792.640000000003,24807.65,24773.13,24790.63,4253
2026-07-17T19:00:00+00:00,24790.63,24792.65,24747.15,24771.15,4283
2026-07-17T19:30:00+00:00,24771.15,24830.15,24771.15,24812.890000000003,5081
2026-07-20T00:30:00+00:00,24812.890000000003,24813.390000000003,24775.140000000003,24787.400000000005,2083.9055559464923
2026-07-20T01:00:00+00:00,24787.400000000005,24828.390000000003,24785.640000000003,24793.160000000003,4475.148095767249
2026-07-20T01:30:00+00:00,24793.160000000003,24793.160000000003,24738.640000000003,24757.650000000005,3419.865487193029
2026-07-20T02:00:00+00:00,24757.650000000005,24796.650000000005,24730.640000000003,24742.650000000005,2076.716210245202
2026-07-20T02:30:00+00:00,24742.650000000005,24795.660000000003,24742.650000000005,24779.660000000003,2243.3304626487206
2026-07-20T03:00:00+00:00,24779.660000000003,24793.640000000003,24765.650000000005,24771.650000000005,2972
2026-07-20T03:30:00+00:00,24771.650000000005,24803.640000000003,24765.640000000003,24785.650000000005,2197
2026-07-20T04:00:00+00:00,24785.650000000005,24801.410000000003,24769.640000000003,24792.650000000005,2054
2026-07-20T04:30:00+00:00,24792.650000000005,24826.410000000003,24788.660000000003,24800.910000000003,1460
2026-07-20T05:00:00+00:00,24800.910000000003,24806.410000000003,24756.390000000003,24757.650000000005,2755
2026-07-20T05:30:00+00:00,24757.650000000005,24765.900000000005,24714.640000000003,24717.650000000005,2683
2026-07-20T06:00:00+00:00,24717.650000000005,24744.400000000005,24693.890000000003,24708.410000000003,5079
2026-07-20T06:30:00+00:00,24708.410000000003,24719.410000000003,24685.390000000003,24702.910000000003,5126
2026-07-20T07:00:00+00:00,24702.910000000003,24786.250000000004,24693.750000000004,24783.240000000005,16085
2026-07-20T07:30:00+00:00,24783.240000000005,24862.750000000004,24783.240000000005,24814.250000000004,12864
2026-07-20T08:00:00+00:00,24814.250000000004,24864.240000000005,24792.750000000004,24859.240000000005,8918
2026-07-20T08:30:00+00:00,24859.240000000005,24869.260000000006,24827.760000000006,24860.750000000004,6570
2026-07-20T09:00:00+00:00,24860.750000000004,24874.760000000006,24831.240000000005,24866.250000000004,5633
2026-07-20T09:30:00+00:00,24866.250000000004,24903.740000000005,24855.740000000005,24876.760000000006,5102
2026-07-20T10:00:00+00:00,24876.760000000006,24884.240000000005,24822.740000000005,24847.740000000005,5214
2026-07-20T10:30:00+00:00,24847.740000000005,24850.760000000006,24774.750000000004,24816.240000000005,6586
2026-07-20T11:00:00+00:00,24816.240000000005,24847.250000000004,24815.740000000005,24836.240000000005,6332
2026-07-20T11:30:00+00:00,24836.240000000005,24932.260000000006,24826.740000000005,24899.250000000004,14356
2026-07-20T12:00:00+00:00,24899.250000000004,24901.760000000006,24792.750000000004,24856.750000000004,12366
2026-07-20T12:30:00+00:00,24856.750000000004,24870.740000000005,24784.240000000005,24792.250000000004,7493
2026-07-20T13:00:00+00:00,24792.250000000004,24799.740000000005,24748.240000000005,24789.250000000004,7461
2026-07-20T13:30:00+00:00,24789.250000000004,24803.260000000006,24712.260000000006,24742.240000000005,11585
2026-07-20T14:00:00+00:00,24742.240000000005,24780.760000000006,24716.740000000005,24779.260000000006,10942
2026-07-20T14:30:00+00:00,24779.260000000006,24806.750000000004,24757.250000000004,24782.240000000005,10276
2026-07-20T15:00:00+00:00,24782.240000000005,24834.760000000006,24763.240000000005,24815.240000000005,10784
2026-07-20T15:30:00+00:00,24815.240000000005,24823.740000000005,24778.750000000004,24804.760000000006,7397
2026-07-20T16:00:00+00:00,24804.760000000006,24837.900000000005,24801.410000000003,24820.400000000005,4202
2026-07-20T16:30:00+00:00,24820.400000000005,24825.410000000003,24757.650000000005,24770.910000000003,5589
2026-07-20T17:00:00+00:00,24770.910000000003,24778.400000000005,24749.890000000003,24769.400000000005,4487
2026-07-20T17:30:00+00:00,24769.400000000005,24779.400000000005,24742.890000000003,24755.410000000003,4131
2026-07-20T18:00:00+00:00,24755.410000000003,24770.910000000003,24739.390000000003,24744.400000000005,3515
2026-07-20T18:30:00+00:00,24744.400000000005,24744.890000000003,24684.390000000003,24699.410000000003,5274
2026-07-20T19:00:00+00:00,24699.410000000003,24714.390000000003,24648.390000000003,24686.910000000003,5264
2026-07-20T19:30:00+00:00,24686.910000000003,24703.900000000005,24656.660000000003,24656.660000000003,6386
2026-07-21T00:30:00+00:00,24656.660000000003,24698.040000000005,24656.660000000003,24679.290000000005,1810
2026-07-21T01:00:00+00:00,24679.290000000005,24738.530000000002,24664.290000000005,24715.290000000005,3734
2026-07-21T01:30:00+00:00,24715.290000000005,24735.040000000005,24689.270000000004,24693.280000000002,1426
2026-07-21T02:00:00+00:00,24693.280000000002,24725.040000000005,24684.270000000004,24714.290000000005,1717
2026-07-21T02:30:00+00:00,24714.290000000005,24734.540000000005,24714.280000000002,24733.540000000005,1062
2026-07-21T03:00:00+00:00,24733.540000000005,24755.530000000002,24733.540000000005,24752.540000000005,1321
2026-07-21T03:30:00+00:00,24752.540000000005,24783.030000000002,24750.540000000005,24770.290000000005,1225
2026-07-21T04:00:00+00:00,24770.290000000005,24776.030000000002,24763.270000000004,24771.520000000004,661
2026-07-21T04:30:00+00:00,24771.520000000004,24788.020000000004,24768.270000000004,24777.020000000004,476.06926658905707
2026-07-21T05:00:00+00:00,24777.020000000004,24777.540000000005,24745.290000000005,24776.280000000002,1102
2026-07-21T05:30:00+00:00,24776.280000000002,24819.040000000005,24768.270000000004,24811.520000000004,1553
2026-07-21T06:00:00+00:00,24811.520000000004,24826.540000000005,24782.040000000005,24794.540000000005,3544
2026-07-21T06:30:00+00:00,24794.540000000005,24823.040000000005,24786.520000000004,24819.030000000002,3748
2026-07-21T07:00:00+00:00,24819.030000000002,24888.390000000003,24796.870000000003,24808.880000000005,13919
2026-07-21T07:30:00+00:00,24808.880000000005,24841.880000000005,24775.880000000005,24828.390000000003,9683
2026-07-21T08:00:00+00:00,24828.390000000003,24841.380000000005,24789.880000000005,24813.380000000005,9172
2026-07-21T08:30:00+00:00,24813.380000000005,24861.370000000003,24806.380000000005,24838.390000000003,5887
2026-07-21T09:00:00+00:00,24838.390000000003,24906.390000000003,24834.390000000003,24868.390000000003,5449
2026-07-21T09:30:00+00:00,24868.390000000003,24909.880000000005,24864.870000000003,24883.380000000005,5712
2026-07-21T10:00:00+00:00,24883.380000000005,24943.870000000003,24883.380000000005,24908.890000000003,7813
2026-07-21T10:30:00+00:00,24908.890000000003,24933.370000000003,24884.370000000003,24886.390000000003,5463
2026-07-21T11:00:00+00:00,24886.390000000003,24892.380000000005,24817.870000000003,24840.880000000005,5864
2026-07-21T11:30:00+00:00,24840.880000000005,24865.870000000003,24833.870000000003,24850.890000000003,4354
2026-07-21T12:00:00+00:00,24850.890000000003,24863.390000000003,24796.390000000003,24798.880000000005,6830
2026-07-21T12:30:00+00:00,24798.880000000005,24856.890000000003,24781.370000000003,24850.390000000003,7136
2026-07-21T13:00:00+00:00,24850.390000000003,24851.890000000003,24799.870000000003,24816.370000000003,6555
2026-07-21T13:30:00+00:00,24816.370000000003,24857.390000000003,24765.890000000003,24781.880000000005,12175
2026-07-21T14:00:00+00:00,24781.880000000005,24886.890000000003,24780.870000000003,24875.380000000005,9666
2026-07-21T14:30:00+00:00,24875.380000000005,24924.380000000005,24874.370000000003,24914.380000000005,6588
2026-07-21T15:00:00+00:00,24914.380000000005,24958.390000000003,24894.870000000003,24942.370000000003,5463
2026-07-21T15:30:00+00:00,24942.370000000003,24993.880000000005,24938.870000000003,24985.880000000005,4559
2026-07-21T16:00:00+00:00,24985.880000000005,25007.030000000002,24984.520000000004,25000.540000000005,2718
2026-07-21T16:30:00+00:00,25000.540000000005,25013.020000000004,24991.030000000002,24996.020000000004,2003
2026-07-21T17:00:00+00:00,24996.020000000004,25003.540000000005,24985.030000000002,24986.540000000005,1827
2026-07-21T17:30:00+00:00,24986.540000000005,25002.530000000002,24986.540000000005,24990.030000000002,1600
2026-07-21T18:00:00+00:00,24990.030000000002,25004.040000000005,24989.520000000004,25004.040000000005,1841
2026-07-21T18:30:00+00:00,25004.040000000005,25012.540000000005,24997.530000000002,25007.030000000002,1456
2026-07-21T19:00:00+00:00,25007.030000000002,25010.540000000005,24996.030000000002,25008.040000000005,1960
2026-07-21T19:30:00+00:00,25008.040000000005,25028.020000000004,24998.020000000004,25022.290000000005,2262
2026-07-22T00:30:00+00:00,25022.290000000005,25037.900000000005,25017.150000000005,25036.170000000006,513.7954365468491
2026-07-22T01:00:00+00:00,25036.170000000006,25042.400000000005,25019.160000000003,25027.900000000005,1845
2026-07-22T01:30:00+00:00,25027.900000000005,25054.410000000003,25015.150000000005,25041.900000000005,1400
2026-07-22T02:00:00+00:00,25041.900000000005,25041.900000000005,25021.150000000005,25033.170000000006,1750
2026-07-22T02:30:00+00:00,25033.170000000006,25036.420000000006,25015.160000000003,25022.910000000003,1296
2026-07-22T03:00:00+00:00,25022.910000000003,25037.410000000003,25001.410000000003,25029.170000000006,1194
2026-07-22T03:30:00+00:00,25029.170000000006,25037.910000000003,24992.160000000003,25003.170000000006,1659
2026-07-22T04:00:00+00:00,25003.170000000006,25016.900000000005,25001.150000000005,25006.150000000005,1018
2026-07-22T04:30:00+00:00,25006.150000000005,25029.910000000003,24998.150000000005,25015.160000000003,971.5012773204655
2026-07-22T05:00:00+00:00,25015.160000000003,25015.160000000003,24996.150000000005,25002.170000000006,1808
2026-07-22T05:30:00+00:00,25002.170000000006,25011.910000000003,24990.160000000003,25000.920000000006,1919
2026-07-22T06:00:00+00:00,25000.920000000006,25022.420000000006,24954.910000000003,24963.420000000006,3424
2026-07-22T06:30:00+00:00,24963.420000000006,24966.920000000006,24905.400000000005,24917.920000000006,3786
2026-07-22T07:00:00+00:00,24917.920000000006,25037.270000000004,24917.920000000006,25019.760000000006,13684
2026-07-22T07:30:00+00:00,25019.760000000006,25023.270000000004,24943.260000000006,25019.250000000004,10392
2026-07-22T08:00:00+00:00,25019.250000000004,25113.270000000004,25012.750000000004,25105.750000000004,9848
2026-07-22T08:30:00+00:00,25105.750000000004,25143.270000000004,25091.260000000006,25125.750000000004,7580
2026-07-22T09:00:00+00:00,25125.750000000004,25195.260000000006,25119.250000000004,25152.770000000004,6911
2026-07-22T09:30:00+00:00,25152.770000000004,25152.770000000004,25067.770000000004,25120.760000000006,8022
2026-07-22T10:00:00+00:00,25120.760000000006,25223.770000000004,25117.250000000004,25206.270000000004,9197
2026-07-22T10:30:00+00:00,25206.270000000004,25209.250000000004,25081.250000000004,25083.760000000006,12251
2026-07-22T11:00:00+00:00,25083.760000000006,25088.250000000004,25012.270000000004,25035.270000000004,9941
2026-07-22T11:30:00+00:00,25035.270000000004,25060.250000000004,24998.770000000004,25010.270000000004,11538
2026-07-22T12:00:00+00:00,25010.270000000004,25080.270000000004,25001.260000000006,25076.760000000006,8674
2026-07-22T12:30:00+00:00,25076.760000000006,25131.270000000004,25047.160000000003,25092.770000000004,8750
2026-07-22T13:00:00+00:00,25092.770000000004,25154.750000000004,25091.750000000004,25149.260000000006,6977
2026-07-22T13:30:00+00:00,25149.260000000006,25165.750000000004,25073.760000000006,25147.750000000004,11745
2026-07-22T14:00:00+00:00,25147.750000000004,25152.260000000006,25101.760000000006,25122.260000000006,9613
2026-07-22T14:30:00+00:00,25122.260000000006,25132.270000000004,25094.260000000006,25123.260000000006,8116
2026-07-22T15:00:00+00:00,25123.260000000006,25142.270000000004,25107.750000000004,25126.750000000004,6669
2026-07-22T15:30:00+00:00,25126.750000000004,25161.270000000004,25108.270000000004,25153.250000000004,5264
2026-07-22T16:00:00+00:00,25153.250000000004,25156.400000000005,25118.400000000005,25129.420000000006,2533
2026-07-22T16:30:00+00:00,25129.420000000006,25155.410000000003,25124.900000000005,25152.910000000003,2861
2026-07-22T17:00:00+00:00,25152.910000000003,25157.910000000003,25130.900000000005,25135.400000000005,2086
2026-07-22T17:30:00+00:00,25135.400000000005,25147.420000000006,25120.400000000005,25122.420000000006,2252
2026-07-22T18:00:00+00:00,25122.420000000006,25124.920000000006,25088.400000000005,25099.900000000005,3128
2026-07-22T18:30:00+00:00,25099.900000000005,25113.420000000006,25089.900000000005,25102.910000000003,1857
2026-07-22T19:00:00+00:00,25102.910000000003,25103.920000000006,25087.400000000005,25099.910000000003,1980
2026-07-22T19:30:00+00:00,25099.910000000003,25107.400000000005,25085.410000000003,25102.160000000003,3069
2026-07-23T00:30:00+00:00,25102.160000000003,25164.740000000005,25102.160000000003,25152.970000000005,1292
2026-07-23T01:00:00+00:00,25152.970000000005,25166.220000000005,25146.970000000005,25150.230000000003,2377
2026-07-23T01:30:00+00:00,25150.230000000003,25152.730000000003,25116.970000000005,25122.970000000005,3217
2026-07-23T02:00:00+00:00,25122.970000000005,25132.730000000003,25092.230000000003,25092.970000000005,1635
2026-07-23T02:30:00+00:00,25092.970000000005,25109.240000000005,25087.970000000005,25101.980000000003,1213
2026-07-23T03:00:00+00:00,25101.980000000003,25107.740000000005,25069.970000000005,25085.220000000005,1651
2026-07-23T03:30:00+00:00,25085.220000000005,25114.240000000005,25077.970000000005,25106.720000000005,1722
2026-07-23T04:00:00+00:00,25106.720000000005,25113.720000000005,25083.970000000005,25104.990000000005,1271
2026-07-23T04:30:00+00:00,25104.990000000005,25109.720000000005,25052.990000000005,25060.980000000003,1612
2026-07-23T05:00:00+00:00,25060.980000000003,25073.220000000005,25041.740000000005,25069.230000000003,1617
2026-07-23T05:30:00+00:00,25069.230000000003,25080.740000000005,24983.980000000003,24989.240000000005,1893
2026-07-23T06:00:00+00:00,24989.240000000005,25030.230000000003,24986.720000000005,25021.740000000005,3572
2026-07-23T06:30:00+00:00,25021.740000000005,25021.740000000005,24959.220000000005,24969.730000000003,3655
2026-07-23T07:00:00+00:00,24969.730000000003,24969.730000000003,24847.580000000005,24914.080000000005,18683
2026-07-23T07:30:00+00:00,24914.080000000005,24945.070000000003,24871.580000000005,24932.070000000003,13392
2026-07-23T08:00:00+00:00,24932.070000000003,25012.080000000005,24914.070000000003,25001.580000000005,11674
2026-07-23T08:30:00+00:00,25001.580000000005,25018.090000000004,24946.070000000003,24979.080000000005,8656
2026-07-23T09:00:00+00:00,24979.080000000005,25022.070000000003,24940.570000000003,24948.570000000003,9513
2026-07-23T09:30:00+00:00,24948.570000000003,24972.580000000005,24927.590000000004,24939.090000000004,8379
2026-07-23T10:00:00+00:00,24939.090000000004,24950.090000000004,24908.580000000005,24931.090000000004,7985
2026-07-23T10:30:00+00:00,24931.090000000004,24996.070000000003,24928.080000000005,24973.090000000004,7154
2026-07-23T11:00:00+00:00,24973.090000000004,24976.570000000003,24907.070000000003,24916.070000000003,6483
2026-07-23T11:30:00+00:00,24916.070000000003,24973.580000000005,24878.070000000003,24944.090000000004,8348
2026-07-23T12:00:00+00:00,24944.090000000004,24948.090000000004,24869.980000000003,24893.080000000005,8500
2026-07-23T12:30:00+00:00,24893.080000000005,24893.080000000005,24781.070000000003,24792.090000000004,10730
2026-07-23T13:00:00+00:00,24792.090000000004,24796.090000000004,24693.590000000004,24702.580000000005,13181
2026-07-23T13:30:00+00:00,24702.580000000005,24824.570000000003,24698.590000000004,24767.070000000003,16650
2026-07-23T14:00:00+00:00,24767.070000000003,24810.090000000004,24735.080000000005,24792.080000000005,19758
2026-07-23T14:30:00+00:00,24792.080000000005,24799.080000000005,24692.570000000003,24735.070000000003,13620
2026-07-23T15:00:00+00:00,24735.070000000003,24742.090000000004,24641.090000000004,24652.580000000005,12025
2026-07-23T15:30:00+00:00,24652.580000000005,24731.080000000005,24638.090000000004,24728.570000000003,9271
2026-07-23T16:00:00+00:00,24728.570000000003,24782.230000000003,24725.220000000005,24776.240000000005,5379
2026-07-23T16:30:00+00:00,24776.240000000005,24777.220000000005,24722.230000000003,24736.720000000005,4511
2026-07-23T17:00:00+00:00,24736.720000000005,24747.740000000005,24705.730000000003,24728.740000000005,6035
2026-07-23T17:30:00+00:00,24728.740000000005,24734.230000000003,24702.220000000005,24702.240000000005,5489
2026-07-23T18:00:00+00:00,24702.240000000005,24712.240000000005,24682.220000000005,24711.240000000005,4922
2026-07-23T18:30:00+00:00,24711.240000000005,24712.240000000005,24688.220000000005,24698.240000000005,3388
2026-07-23T19:00:00+00:00,24698.240000000005,24710.740000000005,24684.230000000003,24703.220000000005,2883
2026-07-23T19:30:00+00:00,24703.220000000005,24712.220000000005,24661.740000000005,24690.480000000003,4514
2026-07-24T00:30:00+00:00,24690.480000000003,24721.660000000003,24676.900000000005,24710.910000000003,1869
2026-07-24T01:00:00+00:00,24710.910000000003,24732.150000000005,24698.890000000003,24712.150000000005,2279
2026-07-24T01:30:00+00:00,24712.150000000005,24729.160000000003,24690.890000000003,24700.160000000003,1668
2026-07-24T02:00:00+00:00,24700.160000000003,24712.640000000003,24685.890000000003,24702.910000000003,1447
2026-07-24T02:30:00+00:00,24702.910000000003,24703.660000000003,24646.900000000005,24648.910000000003,1265
2026-07-24T03:00:00+00:00,24648.910000000003,24680.160000000003,24642.640000000003,24674.650000000005,2152
2026-07-24T03:30:00+00:00,24674.650000000005,24679.140000000003,24654.910000000003,24656.910000000003,2304
2026-07-24T04:00:00+00:00,24656.910000000003,24684.660000000003,24647.890000000003,24674.890000000003,1104
2026-07-24T04:30:00+00:00,24674.890000000003,24685.640000000003,24644.890000000003,24683.890000000003,1235
2026-07-24T05:00:00+00:00,24683.890000000003,24723.140000000003,24676.910000000003,24713.890000000003,1918
2026-07-24T05:30:00+00:00,24713.890000000003,24736.660000000003,24698.900000000005,24705.640000000003,2511
2026-07-24T06:00:00+00:00,24705.640000000003,24733.640000000003,24676.650000000005,24692.140000000003,3904
2026-07-24T06:30:00+00:00,24692.140000000003,24714.150000000005,24656.650000000005,24689.640000000003,4852
2026-07-24T07:00:00+00:00,24689.640000000003,24895.990000000005,24682.500000000004,24860.990000000005,13111
2026-07-24T07:30:00+00:00,24860.990000000005,24869.990000000005,24824.010000000006,24836.510000000006,8435
2026-07-24T08:00:00+00:00,24836.510000000006,24889.500000000004,24806.500000000004,24886.490000000005,9111
2026-07-24T08:30:00+00:00,24886.490000000005,24920.000000000004,24880.510000000006,24890.990000000005,6637
2026-07-24T09:00:00+00:00,24890.990000000005,24933.500000000004,24880.010000000006,24919.510000000006,5862
2026-07-24T09:30:00+00:00,24919.510000000006,24954.500000000004,24911.990000000005,24940.990000000005,4695
2026-07-24T10:00:00+00:00,24940.990000000005,24946.510000000006,24890.510000000006,24914.010000000006,4172
2026-07-24T10:30:00+00:00,24914.010000000006,24929.500000000004,24896.990000000005,24910.000000000004,4295
2026-07-24T11:00:00+00:00,24910.000000000004,24933.010000000006,24872.510000000006,24887.990000000005,5378
2026-07-24T11:30:00+00:00,24887.990000000005,24933.500000000004,24863.990000000005,24915.490000000005,7761
2026-07-24T12:00:00+00:00,24915.490000000005,24937.000000000004,24877.500000000004,24903.010000000006,6758
2026-07-24T12:30:00+00:00,24903.010000000006,24916.510000000006,24853.500000000004,24860.990000000005,5461
2026-07-24T13:00:00+00:00,24860.990000000005,24921.010000000006,24860.500000000004,24913.000000000004,5172
2026-07-24T13:30:00+00:00,24913.000000000004,24945.500000000004,24889.900000000005,24900.490000000005,10934
2026-07-24T14:00:00+00:00,24900.490000000005,24949.500000000004,24891.990000000005,24915.010000000006,11091
2026-07-24T14:30:00+00:00,24915.010000000006,24950.510000000006,24885.990000000005,24945.000000000004,9566
2026-07-24T15:00:00+00:00,24945.000000000004,25046.510000000006,24928.000000000004,25038.500000000004,10891
2026-07-24T15:30:00+00:00,25038.500000000004,25085.010000000006,25028.990000000005,25060.010000000006,6790
2026-07-24T16:00:00+00:00,25060.010000000006,25077.150000000005,25057.140000000003,25064.660000000003,3100
2026-07-24T16:30:00+00:00,25064.660000000003,25066.160000000003,25030.150000000005,25056.150000000005,4098
2026-07-24T17:00:00+00:00,25056.150000000005,25069.150000000005,25008.640000000003,25069.150000000005,3947
2026-07-24T17:30:00+00:00,25069.150000000005,25072.150000000005,25036.640000000003,25038.150000000005,3651
2026-07-24T18:00:00+00:00,25038.150000000005,25046.160000000003,25012.150000000005,25015.150000000005,3173
2026-07-24T18:30:00+00:00,25015.150000000005,25016.150000000005,24987.140000000003,25008.160000000003,4928
2026-07-24T19:00:00+00:00,25008.160000000003,25016.660000000003,24973.640000000003,24984.640000000003,5102
2026-07-24T19:30:00+00:00,24984.640000000003,25026.390000000003,24984.640000000003,25026.390000000003,5002
2026-07-27T00:30:00+00:00,25026.390000000003,25184.110000000004,25026.390000000003,25157.360000000004,1869.792530154147
2026-07-27T01:00:00+00:00,25157.360000000004,25170.610000000004,25130.360000000004,25141.350000000006,4504
2026-07-27T01:30:00+00:00,25141.350000000006,25199.120000000003,25141.350000000006,25194.360000000004,3683
2026-07-27T02:00:00+00:00,25194.360000000004,25216.870000000003,25189.350000000006,25208.850000000006,2095.3398259428095
2026-07-27T02:30:00+00:00,25208.850000000006,25225.110000000004,25192.860000000004,25216.120000000003,1207.5136350469882
2026-07-27T03:00:00+00:00,25216.120000000003,25257.600000000006,25215.100000000006,25244.370000000003,2081.061838893409
2026-07-27T03:30:00+00:00,25244.370000000003,25244.370000000003,25208.350000000006,25218.350000000006,2462
2026-07-27T04:00:00+00:00,25218.350000000006,25253.100000000006,25218.350000000006,25233.350000000006,1500
2026-07-27T04:30:00+00:00,25233.350000000006,25293.610000000004,25230.350000000006,25276.360000000004,1230.3627338678884
2026-07-27T05:00:00+00:00,25276.360000000004,25323.100000000006,25270.360000000004,25312.370000000003,1923
2026-07-27T05:30:00+00:00,25312.370000000003,25331.620000000003,25309.370000000003,25312.350000000006,1801
2026-07-27T06:00:00+00:00,25312.350000000006,25368.610000000004,25312.350000000006,25350.610000000004,3508
2026-07-27T06:30:00+00:00,25350.610000000004,25407.600000000006,25344.600000000006,25401.110000000004,3726
2026-07-27T07:00:00+00:00,25401.110000000004,25439.970000000005,25354.460000000003,25364.450000000004,12206
2026-07-27T07:30:00+00:00,25364.450000000004,25415.970000000005,25343.450000000004,25346.470000000005,9605
2026-07-27T08:00:00+00:00,25346.470000000005,25412.970000000005,25324.460000000003,25410.970000000005,9888
2026-07-27T08:30:00+00:00,25410.970000000005,25467.470000000005,25394.450000000004,25466.450000000004,8273
2026-07-27T09:00:00+00:00,25466.450000000004,25470.950000000004,25434.450000000004,25448.450000000004,6378
2026-07-27T09:30:00+00:00,25448.450000000004,25463.460000000003,25423.950000000004,25438.960000000003,5951
2026-07-27T10:00:00+00:00,25438.960000000003,25474.970000000005,25418.960000000003,25474.970000000005,5376
2026-07-27T10:30:00+00:00,25474.970000000005,25489.970000000005,25460.960000000003,25468.460000000003,3812
2026-07-27T11:00:00+00:00,25468.460000000003,25490.450000000004,25461.950000000004,25488.970000000005,4289
2026-07-27T11:30:00+00:00,25488.970000000005,25503.460000000003,25469.470000000005,25485.450000000004,5701
2026-07-27T12:00:00+00:00,25485.450000000004,25502.950000000004,25443.450000000004,25460.960000000003,7008
2026-07-27T12:30:00+00:00,25460.960000000003,25487.960000000003,25446.460000000003,25471.970000000005,6304
2026-07-27T13:00:00+00:00,25471.970000000005,25479.950000000004,25439.460000000003,25463.470000000005,8103
2026-07-27T13:30:00+00:00,25463.470000000005,25523.950000000004,25432.470000000005,25436.460000000003,12123
2026-07-27T14:00:00+00:00,25436.460000000003,25468.460000000003,25393.450000000004,25393.960000000003,12631
2026-07-27T14:30:00+00:00,25393.960000000003,25436.970000000005,25357.460000000003,25436.460000000003,12750
2026-07-27T15:00:00+00:00,25436.460000000003,25437.450000000004,25376.970000000005,25389.470000000005,10728
2026-07-27T15:30:00+00:00,25389.470000000005,25391.960000000003,25324.460000000003,25357.450000000004,8056
2026-07-27T16:00:00+00:00,25357.450000000004,25428.100000000006,25351.100000000006,25415.100000000006,8481
2026-07-27T16:30:00+00:00,25415.100000000006,25428.120000000003,25354.600000000006,25358.610000000004,7026
2026-07-27T17:00:00+00:00,25358.610000000004,25375.120000000003,25338.600000000006,25366.110000000004,5041
2026-07-27T17:30:00+00:00,25366.110000000004,25400.120000000003,25365.100000000006,25399.100000000006,5491
2026-07-27T18:00:00+00:00,25399.100000000006,25400.620000000003,25377.100000000006,25392.620000000003,4907
2026-07-27T18:30:00+00:00,25392.620000000003,25428.620000000003,25374.600000000006,25428.610000000004,4889
2026-07-27T19:00:00+00:00,25428.610000000004,25439.120000000003,25414.100000000006,25429.610000000004,3651
2026-07-27T19:30:00+00:00,25429.610000000004,25444.610000000004,25419.110000000004,25438.350000000006,3904
2026-07-28T00:30:00+00:00,25438.350000000006,25438.350000000006,25360.040000000005,25362.060000000005,1461
2026-07-28T01:00:00+00:00,25362.060000000005,25383.060000000005,25337.040000000005,25373.050000000003,4280
2026-07-28T01:30:00+00:00,25373.050000000003,25389.790000000005,25339.050000000003,25349.050000000003,1929
2026-07-28T02:00:00+00:00,25349.050000000003,25374.790000000005,25338.040000000005,25354.810000000005,2180
2026-07-28T02:30:00+00:00,25354.810000000005,25375.810000000005,25342.040000000005,25360.800000000003,2220
2026-07-28T03:00:00+00:00,25360.800000000003,25395.300000000003,25341.050000000003,25370.060000000005,2606
2026-07-28T03:30:00+00:00,25370.060000000005,25460.810000000005,25358.060000000005,25449.310000000005,3474
2026-07-28T04:00:00+00:00,25449.310000000005,25449.310000000005,25407.040000000005,25418.040000000005,1895
2026-07-28T04:30:00+00:00,25418.040000000005,25427.060000000005,25387.790000000005,25398.810000000005,1129
2026-07-28T05:00:00+00:00,25398.810000000005,25410.800000000003,25390.050000000003,25403.800000000003,1435
2026-07-28T05:30:00+00:00,25403.800000000003,25405.300000000003,25353.040000000005,25371.790000000005,1973
2026-07-28T06:00:00+00:00,25371.790000000005,25406.810000000005,25361.790000000005,25394.810000000005,4494
2026-07-28T06:30:00+00:00,25394.810000000005,25443.310000000005,25376.800000000003,25420.290000000005,5410
2026-07-28T07:00:00+00:00,25420.290000000005,25518.660000000003,25399.140000000003,25478.160000000003,15865
2026-07-28T07:30:00+00:00,25478.160000000003,25489.660000000003,25433.140000000003,25436.150000000005,12047
2026-07-28T08:00:00+00:00,25436.150000000005,25463.660000000003,25392.140000000003,25420.150000000005,13247
2026-07-28T08:30:00+00:00,25420.150000000005,25478.660000000003,25393.140000000003,25456.640000000003,8649
2026-07-28T09:00:00+00:00,25456.640000000003,25494.640000000003,25444.140000000003,25494.640000000003,6975
2026-07-28T09:30:00+00:00,25494.640000000003,25500.160000000003,25472.140000000003,25473.640000000003,5283
2026-07-28T10:00:00+00:00,25473.640000000003,25485.660000000003,25416.640000000003,25435.160000000003,5885
2026-07-28T10:30:00+00:00,25435.160000000003,25436.640000000003,25391.640000000003,25412.140000000003,7115
2026-07-28T11:00:00+00:00,25412.140000000003,25414.160000000003,25347.660000000003,25348.150000000005,8412
2026-07-28T11:30:00+00:00,25348.150000000005,25367.660000000003,25313.640000000003,25363.660000000003,6425
2026-07-28T12:00:00+00:00,25363.660000000003,25389.150000000005,25333.140000000003,25339.660000000003,6463
2026-07-28T12:30:00+00:00,25339.660000000003,25349.660000000003,25297.160000000003,25305.150000000005,7279
2026-07-28T13:00:00+00:00,25305.150000000005,25305.150000000005,25266.640000000003,25284.660000000003,6998
2026-07-28T13:30:00+00:00,25284.660000000003,25340.150000000005,25278.150000000005,25313.650000000005,14558
2026-07-28T14:00:00+00:00,25313.650000000005,25374.140000000003,25309.660000000003,25371.160000000003,13028
2026-07-28T14:30:00+00:00,25371.160000000003,25383.660000000003,25339.150000000005,25354.660000000003,10110
2026-07-28T15:00:00+00:00,25354.660000000003,25472.160000000003,25329.140000000003,25460.140000000003,12349
2026-07-28T15:30:00+00:00,25460.140000000003,25473.660000000003,25433.650000000005,25464.640000000003,6355
2026-07-28T16:00:00+00:00,25464.640000000003,25472.300000000003,25453.290000000005,25454.810000000005,4313
2026-07-28T16:30:00+00:00,25454.810000000005,25509.810000000005,25445.290000000005,25499.810000000005,3944
2026-07-28T17:00:00+00:00,25499.810000000005,25510.310000000005,25474.800000000003,25476.300000000003,4911
2026-07-28T17:30:00+00:00,25476.300000000003,25489.290000000005,25463.800000000003,25474.800000000003,3384
2026-07-28T18:00:00+00:00,25474.800000000003,25483.290000000005,25456.790000000005,25462.790000000005,3361
2026-07-28T18:30:00+00:00,25462.790000000005,25480.800000000003,25460.810000000005,25477.810000000005,2962
2026-07-28T19:00:00+00:00,25477.810000000005,25491.810000000005,25476.790000000005,25487.790000000005,2294
2026-07-28T19:30:00+00:00,25487.790000000005,25487.790000000005,25463.790000000005,25470.550000000003,2704
2026-07-29T00:30:00+00:00,25470.550000000003,25472.040000000005,25430.270000000004,25433.290000000005,2682
2026-07-29T01:00:00+00:00,25433.290000000005,25437.020000000004,25370.270000000004,25392.040000000005,6090
2026-07-29T01:30:00+00:00,25392.040000000005,25398.040000000005,25323.280000000002,25323.280000000002,4613
2026-07-29T02:00:00+00:00,25323.280000000002,25340.520000000004,25314.270000000004,25333.280000000002,4562
2026-07-29T02:30:00+00:00,25333.280000000002,25347.540000000005,25316.280000000002,25320.280000000002,1966
2026-07-29T03:00:00+00:00,25320.280000000002,25351.520000000004,25315.270000000004,25315.520000000004,3635
2026-07-29T03:30:00+00:00,25315.520000000004,25316.540000000005,25253.270000000004,25265.280000000002,2449
2026-07-29T04:00:00+00:00,25265.280000000002,25284.040000000005,25245.280000000002,25271.270000000004,4124
2026-07-29T04:30:00+00:00,25271.270000000004,25292.040000000005,25232.270000000004,25289.290000000005,4585
2026-07-29T05:00:00+00:00,25289.290000000005,25347.040000000005,25289.290000000005,25344.040000000005,2955
2026-07-29T05:30:00+00:00,25344.040000000005,25376.030000000002,25339.270000000004,25350.030000000002,2996
2026-07-29T06:00:00+00:00,25350.030000000002,25399.520000000004,25346.040000000005,25392.540000000005,4695
2026-07-29T06:30:00+00:00,25392.540000000005,25452.540000000005,25392.540000000005,25452.540000000005,5166
2026-07-29T07:00:00+00:00,25452.540000000005,25524.390000000003,25452.540000000005,25486.380000000005,17002
2026-07-29T07:30:00+00:00,25486.380000000005,25502.870000000003,25443.380000000005,25445.370000000003,11842
2026-07-29T08:00:00+00:00,25445.370000000003,25447.370000000003,25319.390000000003,25334.870000000003,13852
2026-07-29T08:30:00+00:00,25334.870000000003,25409.390000000003,25331.370000000003,25393.380000000005,11127
2026-07-29T09:00:00+00:00,25393.380000000005,25394.390000000003,25308.380000000005,25312.870000000003,10327
2026-07-29T09:30:00+00:00,25312.870000000003,25349.860000000004,25299.390000000003,25326.880000000005,10726
2026-07-29T10:00:00+00:00,25326.880000000005,25388.370000000006,25310.360000000004,25387.380000000005,8926
2026-07-29T10:30:00+00:00,25387.380000000005,25439.880000000005,25374.360000000004,25406.380000000005,10118
2026-07-29T11:00:00+00:00,25406.380000000005,25476.870000000006,25392.860000000004,25472.380000000005,8083
2026-07-29T11:30:00+00:00,25472.380000000005,25512.380000000005,25452.360000000004,25509.370000000006,7677
2026-07-29T12:00:00+00:00,25509.370000000006,25529.870000000006,25398.860000000004,25450.370000000006,13961
2026-07-29T12:30:00+00:00,25450.370000000006,25487.360000000004,25433.370000000006,25450.360000000004,9491
2026-07-29T13:00:00+00:00,25450.360000000004,25482.880000000005,25434.370000000006,25473.870000000006,10257
2026-07-29T13:30:00+00:00,25473.870000000006,25492.380000000005,25408.370000000006,25453.360000000004,17042
2026-07-29T14:00:00+00:00,25453.360000000004,25493.360000000004,25417.360000000004,25418.370000000006,15229
2026-07-29T14:30:00+00:00,25418.370000000006,25438.370000000006,25387.870000000006,25416.380000000005,13960
2026-07-29T15:00:00+00:00,25416.380000000005,25453.860000000004,25398.360000000004,25406.870000000006,12329
2026-07-29T15:30:00+00:00,25406.870000000006,25434.880000000005,25374.860000000004,25390.380000000005,9721
2026-07-29T16:00:00+00:00,25390.380000000005,25404.510000000006,25358.020000000004,25392.010000000006,7664
2026-07-29T16:30:00+00:00,25392.010000000006,25430.010000000006,25385.010000000006,25429.020000000004,7582
2026-07-29T17:00:00+00:00,25429.020000000004,25465.030000000006,25422.030000000006,25447.010000000006,6491
2026-07-29T17:30:00+00:00,25447.010000000006,25465.010000000006,25444.020000000004,25450.270000000004,6364
2026-07-29T18:00:00+00:00,25450.270000000004,25536.030000000006,25440.510000000006,25468.010000000006,12360
2026-07-29T18:30:00+00:00,25468.010000000006,25544.030000000006,25428.520000000004,25514.510000000006,16693
2026-07-29T19:00:00+00:00,25514.510000000006,25527.520000000004,25402.020000000004,25432.010000000006,14722
2026-07-29T19:30:00+00:00,25432.010000000006,25453.020000000004,25314.270000000004,25334.260000000006,15418
2026-07-30T00:30:00+00:00,25334.260000000006,25424.010000000006,25334.260000000006,25390.770000000004,2076
2026-07-30T01:00:00+00:00,25390.770000000004,25484.510000000006,25390.770000000004,25457.770000000004,4565.074681656533
2026-07-30T01:30:00+00:00,25457.770000000004,25498.500000000007,25456.770000000004,25475.510000000006,2531.511081975401
2026-07-30T02:00:00+00:00,25475.510000000006,25482.510000000006,25434.750000000007,25437.750000000007,1844
2026-07-30T02:30:00+00:00,25437.750000000007,25439.500000000007,25389.760000000006,25390.770000000004,2394
2026-07-30T03:00:00+00:00,25390.770000000004,25411.760000000006,25364.750000000007,25376.760000000006,1584
2026-07-30T03:30:00+00:00,25376.760000000006,25408.000000000007,25361.750000000007,25379.770000000004,3283
2026-07-30T04:00:00+00:00,25379.770000000004,25381.750000000007,25341.770000000004,25373.750000000007,2512
2026-07-30T04:30:00+00:00,25373.750000000007,25381.000000000007,25320.760000000006,25321.770000000004,2478
2026-07-30T05:00:00+00:00,25321.770000000004,25358.500000000007,25300.770000000004,25340.770000000004,3482
2026-07-30T05:30:00+00:00,25340.770000000004,25377.520000000004,25322.760000000006,25349.760000000006,3441
2026-07-30T06:00:00+00:00,25349.760000000006,25357.500000000007,25290.520000000004,25322.000000000007,6113
2026-07-30T06:30:00+00:00,25322.000000000007,25322.520000000004,25274.010000000006,25303.760000000006,5650
2026-07-30T07:00:00+00:00,25303.760000000006,25374.360000000004,25255.850000000006,25321.870000000006,22673
2026-07-30T07:30:00+00:00,25321.870000000006,25373.370000000006,25248.850000000006,25332.370000000006,14518
2026-07-30T08:00:00+00:00,25332.370000000006,25415.350000000002,25309.350000000006,25399.360000000004,13740
2026-07-30T08:30:00+00:00,25399.360000000004,25421.860000000004,25366.350000000002,25391.360000000004,9946
2026-07-30T09:00:00+00:00,25391.360000000004,25469.860000000004,25389.840000000004,25453.350000000002,9811
2026-07-30T09:30:00+00:00,25453.350000000002,25466.850000000002,25374.340000000004,25376.860000000004,8770
2026-07-30T10:00:00+00:00,25376.860000000004,25418.350000000002,25359.840000000004,25404.860000000004,10637
2026-07-30T10:30:00+00:00,25404.860000000004,25455.350000000002,25400.250000000004,25400.250000000004,10025
2026-07-30T11:00:00+00:00,25400.250000000004,25487.360000000004,25393.260000000002,25479.350000000002,7838
2026-07-30T11:30:00+00:00,25479.350000000002,25513.360000000004,25452.840000000004,25489.840000000004,7997
2026-07-30T12:00:00+00:00,25489.840000000004,25508.360000000004,25465.840000000004,25474.250000000004,8067
2026-07-30T12:30:00+00:00,25474.250000000004,25485.840000000004,25442.840000000004,25465.340000000004,11165
2026-07-30T13:00:00+00:00,25465.340000000004,25544.850000000002,25465.340000000004,25544.850000000002,10992
2026-07-30T13:30:00+00:00,25544.850000000002,25591.350000000002,25470.340000000004,25582.340000000004,13096
2026-07-30T14:00:00+00:00,25582.340000000004,25607.850000000002,25542.850000000002,25599.850000000002,12872
2026-07-30T14:30:00+00:00,25599.850000000002,25610.840000000004,25550.350000000002,25568.350000000002,10892
2026-07-30T15:00:00+00:00,25568.350000000002,25575.850000000002,25519.860000000004,25528.340000000004,12160
2026-07-30T15:30:00+00:00,25528.340000000004,25595.350000000002,25522.340000000004,25579.840000000004,8624
2026-07-30T16:00:00+00:00,25579.840000000004,25600.510000000002,25570.500000000004,25597.000000000004,4280
2026-07-30T16:30:00+00:00,25597.000000000004,25611.500000000004,25586.500000000004,25599.000000000004,4838
2026-07-30T17:00:00+00:00,25599.000000000004,25634.510000000002,25598.990000000005,25626.010000000002,3536
2026-07-30T17:30:00+00:00,25626.010000000002,25641.500000000004,25613.000000000004,25625.510000000002,4321
2026-07-30T18:00:00+00:00,25625.510000000002,25636.010000000002,25618.510000000002,25635.010000000002,3212
2026-07-30T18:30:00+00:00,25635.010000000002,25647.510000000002,25628.490000000005,25646.500000000004,2232
2026-07-30T19:00:00+00:00,25646.500000000004,25668.510000000002,25646.500000000004,25652.500000000004,2230
2026-07-30T19:30:00+00:00,25652.500000000004,25671.510000000002,25632.490000000005,25647.760000000002,4246
2026-07-31T00:30:00+00:00,25647.760000000002,25665.100000000002,25626.330000000005,25650.340000000004,929
2026-07-31T01:00:00+00:00,25650.340000000004,25685.100000000002,25646.330000000005,25647.340000000004,1294
2026-07-31T01:30:00+00:00,25647.340000000004,25656.590000000004,25617.350000000002,25626.090000000004,1336
2026-07-31T02:00:00+00:00,25626.090000000004,25640.600000000002,25607.340000000004,25616.340000000004,1212
2026-07-31T02:30:00+00:00,25616.340000000004,25644.090000000004,25608.350000000002,25644.090000000004,768
2026-07-31T03:00:00+00:00,25644.090000000004,25658.090000000004,25617.330000000005,25651.350000000002,1597
2026-07-31T03:30:00+00:00,25651.350000000002,25665.090000000004,25622.330000000005,25643.080000000005,1450
2026-07-31T04:00:00+00:00,25643.080000000005,25659.100000000002,25628.090000000004,25653.350000000002,947
2026-07-31T04:30:00+00:00,25653.350000000002,25691.100000000002,25653.330000000005,25688.080000000005,956
2026-07-31T05:00:00+00:00,25688.080000000005,25696.100000000002,25681.340000000004,25691.580000000005,589
2026-07-31T05:30:00+00:00,25691.580000000005,25696.580000000005,25672.330000000005,25691.590000000004,1291
2026-07-31T06:00:00+00:00,25691.590000000004,25718.600000000002,25687.090000000004,25711.600000000002,2678
2026-07-31T06:30:00+00:00,25711.600000000002,25718.580000000005,25653.600000000002,25683.080000000005,4742
2026-07-31T07:00:00+00:00,25683.080000000005,25848.940000000002,25654.450000000004,25834.440000000002,17995
2026-07-31T07:30:00+00:00,25834.440000000002,25849.940000000002,25806.430000000004,25832.440000000002,11465
2026-07-31T08:00:00+00:00,25832.440000000002,25846.440000000002,25776.940000000002,25829.430000000004,12415
2026-07-31T08:30:00+00:00,25829.430000000004,25832.440000000002,25787.440000000002,25803.440000000002,8405
2026-07-31T09:00:00+00:00,25803.440000000002,25815.940000000002,25748.430000000004,25792.940000000002,7443
2026-07-31T09:30:00+00:00,25792.940000000002,25797.440000000002,25744.930000000004,25753.430000000004,7837
2026-07-31T10:00:00+00:00,25753.430000000004,25781.950000000004,25729.440000000002,25764.430000000004,6359
2026-07-31T10:30:00+00:00,25764.430000000004,25784.930000000004,25737.940000000002,25739.440000000002,5513
2026-07-31T11:00:00+00:00,25739.440000000002,25762.450000000004,25687.930000000004,25692.450000000004,7038
2026-07-31T11:30:00+00:00,25692.450000000004,25694.430000000004,25629.450000000004,25672.440000000002,6551
2026-07-31T12:00:00+00:00,25672.440000000002,25676.440000000002,25620.340000000004,25620.350000000002,6326
2026-07-31T12:30:00+00:00,25620.350000000002,25643.430000000004,25577.350000000002,25596.440000000002,7450
2026-07-31T13:00:00+00:00,25596.440000000002,25624.440000000002,25585.430000000004,25602.450000000004,8142
2026-07-31T13:30:00+00:00,25602.450000000004,25606.950000000004,25521.440000000002,25542.950000000004,12727
2026-07-31T14:00:00+00:00,25542.950000000004,25598.450000000004,25504.940000000002,25587.450000000004,14875
2026-07-31T14:30:00+00:00,25587.450000000004,25648.950000000004,25570.940000000002,25646.950000000004,10482
2026-07-31T15:00:00+00:00,25646.950000000004,25666.450000000004,25580.930000000004,25587.930000000004,8665
2026-07-31T15:30:00+00:00,25587.930000000004,25632.950000000004,25555.450000000004,25626.450000000004,8670
2026-07-31T16:00:00+00:00,25626.450000000004,25629.590000000004,25600.100000000002,25628.090000000004,6395
2026-07-31T16:30:00+00:00,25628.090000000004,25649.100000000002,25611.100000000002,25636.590000000004,4703
2026-07-31T17:00:00+00:00,25636.590000000004,25670.590000000004,25633.090000000004,25667.590000000004,2639
2026-07-31T17:30:00+00:00,25667.590000000004,25667.590000000004,25632.090000000004,25638.590000000004,3092
2026-07-31T18:00:00+00:00,25638.590000000004,25663.090000000004,25637.590000000004,25655.590000000004,3115
2026-07-31T18:30:00+00:00,25655.590000000004,25665.090000000004,25646.580000000005,25651.080000000005,2140
2026-07-31T19:00:00+00:00,25651.080000000005,25678.580000000005,25641.080000000005,25668.600000000002,2838
2026-07-31T19:30:00+00:00,25668.600000000002,25688.600000000002,25644.340000000004,25652.350000000002,3347
